{
  "type": "FeatureCollection",
  "generator": "overpass-turbo",
  "copyright": "The data included in this document is from www.openstreetmap.org. The data is made available under ODbL.",
  "timestamp": "2026-09-20T04:21:56Z",
  "features": [
    {
      "type": "Feature",
      "properties": {
        "@id": "relation/9487536",
        "addr:housenumber": "300A",
        "addr:street": "Nguyễn Tất Thành",
        "amenity": "university",
        "education": "university",
        "name": "Trường Đại học Nguyễn Tất Thành",
        "name:en": "Nguyen Tat Thanh University",
        "name:id": "Universitas Nguyen Tat Thanh",
        "name:ms": "Universiti Nguyen Tat Thanh",
        "name:ru": "Нгуен Тат Тханский Университет",
        "name:zh": "阮必成大学",
        "type": "multipolygon",
        "@geometry": "center"
      },
      "geometry": {
        "type": "Point",
        "coordinates": [
          106.7097573,
          10.7611356
        ]
      },
      "id": "relation/9487536"
    },
    {
      "type": "Feature",
      "properties": {
        "@id": "relation/11102209",
        "amenity": "marketplace",
        "landuse": "retail",
        "name": "Chợ cũ Tôn Thất Đạm",
        "name:en": "Old Market",
        "name:zh": "尊室澹旧市场",
        "type": "multipolygon",
        "@geometry": "center"
      },
      "geometry": {
        "type": "Point",
        "coordinates": [
          106.7029683,
          10.7719499
        ]
      },
      "id": "relation/11102209"
    },
    {
      "type": "Feature",
      "properties": {
        "@id": "way/39514795",
        "addr:postcode": "71009",
        "addr:street": "Công trường Quách Thị Trang",
        "alt_name": "Chợ Sài Gòn",
        "amenity": "marketplace",
        "building": "retail",
        "name": "Chợ Bến Thành",
        "name:ar": "بن ثانه السوق",
        "name:cja-Latn": "Pasa Ben Thanh",
        "name:cjm-Latn": "Darak Ben Thanh",
        "name:cs": "Ben Thanh trhu",
        "name:da": "Ben Thanh markedet",
        "name:de": "Ben Thanh Markt",
        "name:en": "Ben Thanh Market",
        "name:eo": "Ben Thanh Merkato",
        "name:es": "Mercado de Ben Thanh",
        "name:fi": "Ben Thanh markkinoille",
        "name:fr": "Marché de Ben Thanh",
        "name:hi": "बेन थान बाजार",
        "name:hu": "Ben Thanh piac",
        "name:id": "Pasar Ben Thanh",
        "name:it": "Mercato di Ben Thanh",
        "name:ja": "ベンタイン市場",
        "name:ko": "벤타인 시장",
        "name:mn": "Бен Thanh зах зээл",
        "name:ms": "Pasar Ben Thanh",
        "name:nl": "Ben Thanh markt",
        "name:no": "Ben Thanh-markedet",
        "name:pl": "Targ Ben Thanh",
        "name:pt": "Mercado Ben Thanh",
        "name:ro": "Piață Ben Thanh",
        "name:ru": "Рынок Бен Тхань",
        "name:sv": "Ben Thanh-Marknaden",
        "name:th": "ตลาดเบนถั่น",
        "name:tr": "Ben Thanh Pazarı",
        "name:uk": "Ринок Бен Тхань",
        "name:vi": "Chợ Bến Thành",
        "name:vi-Hani": "𢄂𡔖城",
        "name:yue": "濱城市場",
        "name:zh": "滨城市场",
        "old_name": "Marché Central de Saïgon;Chợ Sài Gòn",
        "opening_hours": "Mo-Su 06:00-18:00",
        "phone": "0973756776",
        "tourism": "attraction",
        "website": "https://benthanhmarket.vn/",
        "wheelchair": "yes",
        "wikidata": "Q3232879",
        "wikimedia_commons": "Category:Ben Thanh Market",
        "wikipedia": "en:Bến Thành Market",
        "@geometry": "center"
      },
      "geometry": {
        "type": "Point",
        "coordinates": [
          106.6980174,
          10.7725707
        ]
      },
      "id": "way/39514795"
    },
    {
      "type": "Feature",
      "properties": {
        "@id": "way/39598471",
        "addr:district": "Quận 1",
        "addr:province": "Hồ Chí Minh",
        "addr:subdistrict": "Tân Định",
        "amenity": "marketplace",
        "building": "yes",
        "name": "Chợ Tân Định",
        "name:en": "Tan Dinh Market",
        "name:fr": "Marché de Tan-Dinh",
        "name:zh": "新定市场",
        "@geometry": "center"
      },
      "geometry": {
        "type": "Point",
        "coordinates": [
          106.6900513,
          10.7898998
        ]
      },
      "id": "way/39598471"
    },
    {
      "type": "Feature",
      "properties": {
        "@id": "way/39598492",
        "amenity": "marketplace",
        "building": "yes",
        "name": "Chợ Đa Kao",
        "name:de": "Da Kao Markt",
        "name:en": "Da Kao Market",
        "name:fr": "Marché de Dakao;Marché de Da-Kao",
        "@geometry": "center"
      },
      "geometry": {
        "type": "Point",
        "coordinates": [
          106.6965889,
          10.7924476
        ]
      },
      "id": "way/39598492"
    },
    {
      "type": "Feature",
      "properties": {
        "@id": "way/39598509",
        "amenity": "marketplace",
        "building": "commercial",
        "building:levels": "1",
        "height": "6",
        "name": "Chợ Thái Bình",
        "name:en": "Thai Binh Market",
        "name:fr": "Marché de Thai-Binh",
        "name:zh": "太平市长",
        "@geometry": "center"
      },
      "geometry": {
        "type": "Point",
        "coordinates": [
          106.6888743,
          10.7667598
        ]
      },
      "id": "way/39598509"
    },
    {
      "type": "Feature",
      "properties": {
        "@id": "way/59339647",
        "addr:city": "Ho Chi Minh City",
        "addr:housenumber": "168",
        "addr:street": "Nguyễn Ðình Chiểu",
        "atm": "yes",
        "building": "yes",
        "building:levels": "2",
        "delivery": "yes",
        "name": "Co.opmart - Nguyễn Đình Chiểu",
        "shop": "supermarket",
        "@geometry": "center"
      },
      "geometry": {
        "type": "Point",
        "coordinates": [
          106.6921613,
          10.7814536
        ]
      },
      "id": "way/59339647"
    },
    {
      "type": "Feature",
      "properties": {
        "@id": "way/59783927",
        "amenity": "marketplace",
        "building": "yes",
        "name": "Chợ Phú Nhuận",
        "name:en": "Phu Nhuan Market",
        "name:zh": "富闰市场",
        "@geometry": "center"
      },
      "geometry": {
        "type": "Point",
        "coordinates": [
          106.6827315,
          10.7939272
        ]
      },
      "id": "way/59783927"
    },
    {
      "type": "Feature",
      "properties": {
        "@id": "way/140703173",
        "addr:city": "Ho Chi Minh City",
        "addr:district": "5",
        "addr:housenumber": "280",
        "addr:street": "Đường An Dương Vương",
        "addr:subdistrict": "4",
        "amenity": "university",
        "name": "Trường Đại học Sư phạm Thành phố Hồ Chí Minh",
        "name:en": "Ho Chi Minh City University of Pedagogy",
        "name:vi": "Trường Đại học Sư phạm Thành phố Hồ Chí Minh",
        "short_name": "ĐHSP Thành phố Hồ Chí Minh",
        "short_name:en": "HCMUP",
        "wikidata": "Q10489198",
        "wikimedia_commons": "Category:Ho Chi Minh City Pedagogical University",
        "wikipedia": "vi:Trường Đại học Sư phạm Thành phố Hồ Chí Minh",
        "@geometry": "center"
      },
      "geometry": {
        "type": "Point",
        "coordinates": [
          106.6821769,
          10.761357
        ]
      },
      "id": "way/140703173"
    },
    {
      "type": "Feature",
      "properties": {
        "@id": "way/140703181",
        "addr:city": "Ho Chi Minh City",
        "addr:district": "5",
        "addr:housenumber": "235",
        "addr:street": "Nguyễn Văn Cừ",
        "addr:subdistrict": "4",
        "amenity": "school",
        "education": "school",
        "grades": "10-12",
        "name": "Trường Trung học phổ thông chuyên Lê Hồng Phong",
        "name:en": "Le Hong Phong High School for the Gifted",
        "name:vi": "Trường Trung học phổ thông chuyên Lê Hồng Phong",
        "old_name": "Lycée Petrus Trương Vĩnh Ký",
        "old_name:en": "Petrus Truong Vinh Ky High School",
        "old_name:fr": "Lycée Petrus Truong Vinh Ky",
        "short_name": "Trường THPT chuyên Lê Hồng Phong",
        "wikidata": "Q3269006",
        "wikimedia_commons": "Category:Le Hong Phong High School, Saigon",
        "wikipedia": "en:Lê Hồng Phong High School for the Gifted",
        "@geometry": "center"
      },
      "geometry": {
        "type": "Point",
        "coordinates": [
          106.6813739,
          10.7637673
        ]
      },
      "id": "way/140703181"
    },
    {
      "type": "Feature",
      "properties": {
        "@id": "way/140703185",
        "addr:city": "Ho Chi Minh City",
        "addr:district": "Quận 5",
        "addr:housenumber": "220",
        "addr:street": "Đường Trần Bình Trọng",
        "addr:subdistrict": "Phường 4",
        "amenity": "school",
        "grades": "6-12",
        "name": "Trường Trung học Thực hành Sài Gòn",
        "website": "http://thuchanhsaigon.edu.vn",
        "@geometry": "center"
      },
      "geometry": {
        "type": "Point",
        "coordinates": [
          106.6806006,
          10.7613384
        ]
      },
      "id": "way/140703185"
    },
    {
      "type": "Feature",
      "properties": {
        "@id": "way/140703186",
        "addr:city": "Ho Chi Minh City",
        "addr:housenumber": "227",
        "addr:postcode": "70000",
        "addr:street": "Nguyễn Văn Cừ",
        "addr:subdistrict": "Phường 4",
        "alt_name": "Trường Đại học Khoa học Tự nhiên - Đại học Quốc gia Thành phố Hồ Chí Minh",
        "alt_name:en": "The University of Science - VNUHCM - Campus 1",
        "amenity": "university",
        "int_name": "University of Sciences",
        "internet_access": "yes",
        "internet_access:fee": "no",
        "name": "Trường Đại học Khoa học Tự nhiên - ĐHQG Thành phố Hồ Chí Minh - Cơ sở 1",
        "name:en": "Ho Chi Minh City University of Sciences - Campus 1",
        "name:fr": "Université des Sciences - VNU HCMV - Campus 1",
        "name:vi": "Trường Đại học Khoa học Tự nhiên - ĐHQG Thành phố Hồ Chí Minh - Cơ sở 1",
        "old_name": "University of Natural Sciences",
        "short_name": "ĐH KHTN - cơ sở 1",
        "short_name:en": "HCMUS - Campus 1",
        "wikidata": "Q5873997",
        "wikimedia_commons": "Category:Ho Chi Minh City University of Science",
        "wikipedia": "vi:Trường Đại học Khoa học Tự nhiên, Đại học Quốc gia Thành phố Hồ Chí Minh",
        "@geometry": "center"
      },
      "geometry": {
        "type": "Point",
        "coordinates": [
          106.6816972,
          10.7623947
        ]
      },
      "id": "way/140703186"
    },
    {
      "type": "Feature",
      "properties": {
        "@id": "way/152992729",
        "amenity": "marketplace",
        "name": "Chợ hoa Hồ Thị Kỷ",
        "name:en": "Ho Thi Ky Flower Market",
        "name:vi": "Chợ hoa Hồ Thị Kỷ",
        "@geometry": "center"
      },
      "geometry": {
        "type": "Point",
        "coordinates": [
          106.6772919,
          10.7657014
        ]
      },
      "id": "way/152992729"
    },
    {
      "type": "Feature",
      "properties": {
        "@id": "way/152993734",
        "addr:district": "Quận 5",
        "addr:housenumber": "273",
        "addr:province": "Thành phố Hồ Chí Minh",
        "addr:street": "An Dương Vương",
        "addr:subdistrict": "Phường 03",
        "amenity": "university",
        "email": "daihocsaigon@sgu.edu.vn",
        "internet_access": "wlan",
        "internet_access:fee": "no",
        "name": "Trường Đại học Sài Gòn – cơ sở chính",
        "name:en": "Saigon University–Main Campus",
        "name:fr": "Université de Saïgon – campus principal",
        "old_name": "Lycée Franco-Chinois;Bác ái Học viện",
        "old_name:fr": "Lycée Franco-Chinois;Collège Fraternité",
        "old_name:vi": "Bác ái Học viện",
        "old_name:zh": "中法學堂;博愛學院",
        "operator": "Ủy ban nhân dân Thành phố Hồ Chí Minh",
        "operator:type": "government",
        "short_name": "SGU – CS chính",
        "website": "https://www.sgu.edu.vn",
        "wikidata": "Q368923",
        "wikimedia_commons": "Category:Saigon University",
        "wikipedia": "en:Saigon University",
        "@geometry": "center"
      },
      "geometry": {
        "type": "Point",
        "coordinates": [
          106.6821439,
          10.7596827
        ]
      },
      "id": "way/152993734"
    },
    {
      "type": "Feature",
      "properties": {
        "@id": "way/152994798",
        "addr:street": "Cống Quỳnh",
        "branch": "Cống Quỳnh",
        "check_date": "2025-11-14",
        "name": "Co.op Mart",
        "payment:cash": "yes",
        "payment:credit_cards": "yes",
        "payment:debit_cards": "yes",
        "shop": "supermarket",
        "wheelchair": "limited",
        "@geometry": "center"
      },
      "geometry": {
        "type": "Point",
        "coordinates": [
          106.6862008,
          10.767248
        ]
      },
      "id": "way/152994798"
    },
    {
      "type": "Feature",
      "properties": {
        "@id": "way/165420599",
        "addr:housenumber": "10-12",
        "addr:street": "Đinh Tiên Hoàng",
        "amenity": "university",
        "barrier": "fence",
        "education": "university",
        "int_name": "Ho Chi Minh City University of Social Sciences and Humanities",
        "layer": "1",
        "name": "Trường Đại học Khoa học xã hội và Nhân văn",
        "name:en": "University of Social Sciences and Humanities - HCMC",
        "name:ja": "ホーチミン市人文社会科学大学",
        "name:vi-Hani": "大學科學社會吧人文",
        "name:zh": "胡志明市社会科学与人文大学",
        "official_name": "Trường Đại học Khoa học Xã hội và Nhân văn - ĐHQG TP.HCM - cơ sở 1",
        "official_name:en": "University of Social Sciences and Humanities - VNUHCM - Campus 1",
        "old_name": "Đại học Văn Khoa Sài Gòn",
        "old_name:en": "Faculty of Letters",
        "short_name": "ĐH KHXH&NV",
        "short_name:en": "HCMUSSH",
        "@geometry": "center"
      },
      "geometry": {
        "type": "Point",
        "coordinates": [
          106.7031781,
          10.7860261
        ]
      },
      "id": "way/165420599"
    },
    {
      "type": "Feature",
      "properties": {
        "@id": "way/165420602",
        "addr:housenumber": "41",
        "addr:street": "Tôn Đức Thắng",
        "amenity": "university",
        "education": "university",
        "int_name": "Faculty of Pharmacy",
        "name": "Khoa Dược - Đại học Y Dược Thành phố Hồ Chí Minh",
        "name:en": "Faculty of Pharmacy - Ho Chi Minh City Medicine and Pharmacy University",
        "name:id": "Fakultas Farmasi",
        "name:ja": "ホーチミン医科薬科大学（薬学部）",
        "name:vi": "Khoa Dược - Đại học Y Dược Thành phố Hồ Chí Minh",
        "name:zh": "胡志明市医药大学药科",
        "short_name": "UPHCM",
        "short_name:en": "UPHCM",
        "@geometry": "center"
      },
      "geometry": {
        "type": "Point",
        "coordinates": [
          106.7020679,
          10.7849244
        ]
      },
      "id": "way/165420602"
    },
    {
      "type": "Feature",
      "properties": {
        "@id": "way/166264569",
        "alt_name": "Chợ Hãng Phân",
        "amenity": "marketplace",
        "name": "Chợ Hãng Phân",
        "name:en": "Hang Phan Market",
        "name:id": "Pasar Hang Phan",
        "name:zh": "杭分市场",
        "@geometry": "center"
      },
      "geometry": {
        "type": "Point",
        "coordinates": [
          106.7002213,
          10.7623211
        ]
      },
      "id": "way/166264569"
    },
    {
      "type": "Feature",
      "properties": {
        "@id": "way/166264571",
        "addr:housenumber": "28 Lô 1 Cư xá Vĩnh Hội",
        "addr:street": "Cư xá Vĩnh Hội",
        "amenity": "school",
        "education": "school",
        "name": "Trường Tiểu học Lý Nhơn",
        "name:en": "Ly Nhon Primary School",
        "name:id": "SD Ly Nhon",
        "name:zh": "理人小学",
        "@geometry": "center"
      },
      "geometry": {
        "type": "Point",
        "coordinates": [
          106.6991169,
          10.7615695
        ]
      },
      "id": "way/166264571"
    },
    {
      "type": "Feature",
      "properties": {
        "@id": "way/166264573",
        "addr:housenumber": "202-203",
        "addr:street": "Bến Vân Đồn",
        "amenity": "school",
        "education": "school",
        "name": "Trường Tiểu học Đặng Trần Côn",
        "@geometry": "center"
      },
      "geometry": {
        "type": "Point",
        "coordinates": [
          106.6973627,
          10.7607181
        ]
      },
      "id": "way/166264573"
    },
    {
      "type": "Feature",
      "properties": {
        "@id": "way/166264574",
        "addr:city": "Phường 9",
        "addr:district": "Quận 4",
        "addr:housenumber": "2",
        "addr:province": "Thành phố Hồ Chí Minh",
        "addr:street": "Vĩnh Khánh",
        "addr:subdistrict": "Phường 9",
        "amenity": "school",
        "education": "school",
        "name": "Trường Tiểu học Nguyễn Văn Trỗi",
        "name:en": "Nguyen Van Troi Primary School",
        "name:id": "SD Nguyen Van Troi",
        "name:ru": "Начальная школа «Нгуен Ван Чой»",
        "@geometry": "center"
      },
      "geometry": {
        "type": "Point",
        "coordinates": [
          106.701541,
          10.7632821
        ]
      },
      "id": "way/166264574"
    },
    {
      "type": "Feature",
      "properties": {
        "@id": "way/166499253",
        "addr:housenumber": "140",
        "addr:street": "Đường Nguyễn Khoái",
        "amenity": "school",
        "name": "Trường Tiểu học Đoàn Thị Điểm",
        "name:en": "Doan Thi Diem Primary School",
        "name:zh": "团氏点小学",
        "@geometry": "center"
      },
      "geometry": {
        "type": "Point",
        "coordinates": [
          106.6937438,
          10.756599
        ]
      },
      "id": "way/166499253"
    },
    {
      "type": "Feature",
      "properties": {
        "@id": "way/186274986",
        "addr:city": "Thành phố Hồ Chí Minh",
        "addr:district": "Quận 1",
        "addr:housenumber": "65",
        "addr:street": "Huỳnh Thúc Kháng",
        "addr:subdistrict": "Phường Bến Nghé",
        "amenity": "college",
        "education": "college",
        "int_name": "Cao Thang Technical College",
        "name": "Trường Cao đẳng Kỹ thuật Cao Thắng",
        "name:en": "Cao Thang Technical College",
        "name:id": "Perguruan Tinggi Teknik Cao Thang",
        "name:vi": "Trường Cao đẳng Kỹ thuật Cao Thắng",
        "name:zh": "高胜技说高等学校",
        "@geometry": "center"
      },
      "geometry": {
        "type": "Point",
        "coordinates": [
          106.7015799,
          10.7716605
        ]
      },
      "id": "way/186274986"
    },
    {
      "type": "Feature",
      "properties": {
        "@id": "way/186275013",
        "addr:housenumber": "71",
        "addr:street": "Trần Hưng Đạo",
        "amenity": "school",
        "grades": "1-5",
        "name": "Trường Tiểu học Nguyễn Thái Học",
        "name:en": "Nguyen Thai Hoc Primary School",
        "name:id": "SD Nguyen Thai Hoc",
        "name:ja": "阮太学小学校",
        "name:ru": "Начальная школа Нгуен Тхай Хок",
        "name:zh": "阮太学小学",
        "phone": "+84 028 38242570",
        "website": "https://thnguyenthaihoc.hcm.edu.vn/",
        "@geometry": "center"
      },
      "geometry": {
        "type": "Point",
        "coordinates": [
          106.6959868,
          10.7679865
        ]
      },
      "id": "way/186275013"
    },
    {
      "type": "Feature",
      "properties": {
        "@id": "way/186347703",
        "addr:housenumber": "2 Bis",
        "addr:street": "Nguyễn Bỉnh Khiêm",
        "amenity": "school",
        "education": "school",
        "grades": "1-5",
        "name": "Trường Tiểu học Nguyễn Bỉnh Khiêm",
        "name:en": "Nguyen Binh Khiem Primary School",
        "name:id": "SD Nguyen Binh Khiem",
        "phone": "+84 028 38292846",
        "website": "https://thnguyenbinhkhiem.hcm.edu.vn/",
        "@geometry": "center"
      },
      "geometry": {
        "type": "Point",
        "coordinates": [
          106.704128,
          10.7883753
        ]
      },
      "id": "way/186347703"
    },
    {
      "type": "Feature",
      "properties": {
        "@id": "way/186545014",
        "addr:housenumber": "196",
        "addr:street": "Đường Pasteur",
        "amenity": "university",
        "education": "university",
        "name": "Trường Đại học Kiến trúc Thành phố Hồ Chí Minh",
        "wikidata": "Q3037890",
        "wikimedia_commons": "Category:Ho Chi Minh City University of Architecture",
        "wikipedia": "vi:Trường Đại học Kiến trúc Thành phố Hồ Chí Minh",
        "@geometry": "center"
      },
      "geometry": {
        "type": "Point",
        "coordinates": [
          106.6944399,
          10.7824309
        ]
      },
      "id": "way/186545014"
    },
    {
      "type": "Feature",
      "properties": {
        "@id": "way/186545015",
        "addr:housenumber": "159",
        "addr:street": "Nam Kỳ Khởi Nghĩa",
        "amenity": "school",
        "barrier": "wall",
        "grades": "10-12",
        "name": "Trường Trung học phổ thông Marie Curie",
        "name:en": "Marie Curie High School",
        "name:etymology:wikidata": "Q7186",
        "name:id": "SMA Marie Curie",
        "name:zh": "玛丽居里高中",
        "old_name": "Ecole de Jeunes Filles françaises",
        "short_name": "Trường THPT Marie Curie",
        "@geometry": "center"
      },
      "geometry": {
        "type": "Point",
        "coordinates": [
          106.6907796,
          10.7823955
        ]
      },
      "id": "way/186545015"
    },
    {
      "type": "Feature",
      "properties": {
        "@id": "way/186545016",
        "amenity": "school",
        "education": "school",
        "name": "Trường Tiểu học Trần Quốc Thảo",
        "@geometry": "center"
      },
      "geometry": {
        "type": "Point",
        "coordinates": [
          106.6949077,
          10.7820576
        ]
      },
      "id": "way/186545016"
    },
    {
      "type": "Feature",
      "properties": {
        "@id": "way/187895182",
        "addr:housenumber": "44",
        "addr:street": "Phó Đức Chính",
        "amenity": "school",
        "education": "school",
        "grades": "1-5",
        "name": "Trường Tiểu học Khai Minh",
        "name:cja-Latn": "Sang bac asit Khai Minh",
        "name:cjm-Latn": "Sang bac asit Khai Minh",
        "name:en": "Khai Minh Primary School",
        "name:id": "SD Khai Minh",
        "name:ru": "Начальная школа «Хай Минь»",
        "name:zh": "开明小学",
        "website": "https://thkhaiminh.hcm.edu.vn/",
        "@geometry": "center"
      },
      "geometry": {
        "type": "Point",
        "coordinates": [
          106.7003974,
          10.7691717
        ]
      },
      "id": "way/187895182"
    },
    {
      "type": "Feature",
      "properties": {
        "@id": "way/187895187",
        "building": "yes",
        "building:levels": "3",
        "name": "Lucky Plaza",
        "name:ja": "ラッキープラザ",
        "shop": "mall",
        "@geometry": "center"
      },
      "geometry": {
        "type": "Point",
        "coordinates": [
          106.7045043,
          10.7741404
        ]
      },
      "id": "way/187895187"
    },
    {
      "type": "Feature",
      "properties": {
        "@id": "way/187949847",
        "addr:housenumber": "85-87",
        "addr:street": "Tân Vĩnh",
        "amenity": "college",
        "education": "college",
        "name": "Trung tâm Bồi Dưỡng Chính Trị Quận 4",
        "@geometry": "center"
      },
      "geometry": {
        "type": "Point",
        "coordinates": [
          106.700427,
          10.759454
        ]
      },
      "id": "way/187949847"
    },
    {
      "type": "Feature",
      "properties": {
        "@id": "way/188114131",
        "addr:housenumber": "243",
        "addr:street": "Hoàng Diệu",
        "amenity": "school",
        "education": "school",
        "name": "Trường Trung học cơ sở Vân Đồn",
        "name:en": "Van Don Secondary School",
        "name:id": "SMP Van Don",
        "name:ru": "Средняя школа «Ван Дон»",
        "name:zh": "云顿初中",
        "@geometry": "center"
      },
      "geometry": {
        "type": "Point",
        "coordinates": [
          106.7016596,
          10.7614926
        ]
      },
      "id": "way/188114131"
    },
    {
      "type": "Feature",
      "properties": {
        "@id": "way/188114221",
        "addr:housenumber": "364",
        "addr:street": "Nguyễn Tất Thành",
        "amenity": "school",
        "education": "school",
        "grades": "10-12",
        "name": "Trường Trung học phổ thông Nguyễn Trãi",
        "name:en": "Nguyen Trai High School",
        "name:id": "SMA Nguyen Trai",
        "name:zh": "阮廌高中",
        "@geometry": "center"
      },
      "geometry": {
        "type": "Point",
        "coordinates": [
          106.7120719,
          10.7595277
        ]
      },
      "id": "way/188114221"
    },
    {
      "type": "Feature",
      "properties": {
        "@id": "way/189165783",
        "amenity": "school",
        "building": "yes",
        "education": "school",
        "name": "ILA - Nguyễn Đình Chiểu",
        "@geometry": "center"
      },
      "geometry": {
        "type": "Point",
        "coordinates": [
          106.6937657,
          10.7827867
        ]
      },
      "id": "way/189165783"
    },
    {
      "type": "Feature",
      "properties": {
        "@id": "way/189165793",
        "addr:city": "Ho Chi Minh City",
        "addr:district": "3",
        "addr:housenumber": "275",
        "addr:postcode": "70000",
        "addr:street": "Ðiện Biên Phủ",
        "addr:subdistrict": "7",
        "amenity": "school",
        "barrier": "wall",
        "grades": "10-12",
        "level": "2",
        "name": "Trường Trung học phố thông Nguyễn Thị Minh Khai",
        "name:en": "Nguyen Thi Minh Khai High School",
        "name:id": "SMA Nguyen Thi Minh Khai",
        "name:zh": "阮氏明开高中",
        "old_name": "Lycée des jeunes filles indigènes;Trường Nữ Trung học Gia Long",
        "opening_hours": "Mo-Su 08:00-20:00",
        "phone": "+84 28 3933 0801",
        "short_name": "Trường THPT Nguyễn Thị Minh Khai",
        "website": "https://thptnguyenthiminhkhai.hcm.edu.vn/Default.aspx",
        "wikidata": "Q7022973",
        "wikipedia": "vi:Trường Trung học phổ thông Nguyễn Thị Minh Khai, Thành phố Hồ Chí Minh",
        "@geometry": "center"
      },
      "geometry": {
        "type": "Point",
        "coordinates": [
          106.6872398,
          10.7789486
        ]
      },
      "id": "way/189165793"
    },
    {
      "type": "Feature",
      "properties": {
        "@id": "way/192512338",
        "addr:housenumber": "98",
        "addr:street": "Ngô Tất Tố",
        "amenity": "university",
        "education": "university",
        "name": "Đại học Tôn Đức Thắng",
        "@geometry": "center"
      },
      "geometry": {
        "type": "Point",
        "coordinates": [
          106.7113108,
          10.7924305
        ]
      },
      "id": "way/192512338"
    },
    {
      "type": "Feature",
      "properties": {
        "@id": "way/192512391",
        "amenity": "school",
        "education": "school",
        "name": "Trường Tiểu Học Hồng Hà",
        "name:en": "Hong Ha Primary School",
        "@geometry": "center"
      },
      "geometry": {
        "type": "Point",
        "coordinates": [
          106.7105255,
          10.7984628
        ]
      },
      "id": "way/192512391"
    },
    {
      "type": "Feature",
      "properties": {
        "@id": "way/192512397",
        "addr:housenumber": "120B",
        "addr:street": "Ngô Tất Tố",
        "amenity": "school",
        "education": "school",
        "name": "Trường Trung học cơ sở Phú Mỹ",
        "operator": "Phu My Secondary School",
        "@geometry": "center"
      },
      "geometry": {
        "type": "Point",
        "coordinates": [
          106.7120583,
          10.7921536
        ]
      },
      "id": "way/192512397"
    },
    {
      "type": "Feature",
      "properties": {
        "@id": "way/193085693",
        "amenity": "university",
        "education": "university",
        "faculty": "Kindergarten Education",
        "name": "Trường Đại học Sài Gòn (cơ sở 2)",
        "name:en": "Sai Gon University (the second campus)",
        "name:ja": "サイゴン大学 （第二キャンパス）",
        "@geometry": "center"
      },
      "geometry": {
        "type": "Point",
        "coordinates": [
          106.7063885,
          10.7832846
        ]
      },
      "id": "way/193085693"
    },
    {
      "type": "Feature",
      "properties": {
        "@id": "way/193256690",
        "addr:housenumber": "44",
        "addr:street": "Nguyễn Thị Minh Khai",
        "amenity": "school",
        "education": "school",
        "name": "Trường Trung Cấp Nghề TT Quản lý Khách Sạn Việt Úc",
        "@geometry": "center"
      },
      "geometry": {
        "type": "Point",
        "coordinates": [
          106.6989378,
          10.7840622
        ]
      },
      "id": "way/193256690"
    },
    {
      "type": "Feature",
      "properties": {
        "@id": "way/193824713",
        "addr:city": "Thành phố Hồ Chí Minh",
        "addr:district": "Quận 1",
        "addr:housenumber": "1",
        "addr:postcode": "71006",
        "addr:street": "Công trường Công xã Paris",
        "addr:subdistrict": "Bến Nghé",
        "amenity": "school",
        "education": "school",
        "grades": "1-5",
        "name": "Trường Tiểu học Hoà Bình",
        "name:en": "Hoa Binh Primary School",
        "name:id": "SD Hoa Binh",
        "name:ja": "和平小学校",
        "name:ru": "Начальная школа «Хоа Бинь»",
        "name:zh": "和平小学",
        "operator:type": "public",
        "website": "https://thhoabinhq1.hcm.edu.vn/",
        "@geometry": "center"
      },
      "geometry": {
        "type": "Point",
        "coordinates": [
          106.6989877,
          10.7789211
        ]
      },
      "id": "way/193824713"
    },
    {
      "type": "Feature",
      "properties": {
        "@id": "way/198123907",
        "addr:housenumber": "3A",
        "addr:street": "Nguyễn Bỉnh Khiêm",
        "amenity": "school",
        "education": "school",
        "grades": "10-12",
        "name": "Trường Trung học phổ thông Trưng Vương",
        "wikidata": "Q10828870",
        "wikipedia": "vi:Trường Trung học phổ thông Trưng Vương, Thành phố Hồ Chí Minh",
        "@geometry": "center"
      },
      "geometry": {
        "type": "Point",
        "coordinates": [
          106.7064314,
          10.7853216
        ]
      },
      "id": "way/198123907"
    },
    {
      "type": "Feature",
      "properties": {
        "@id": "way/198123915",
        "addr:housenumber": "6",
        "amenity": "college",
        "denomination": "roman_catholic",
        "education": "college",
        "int_name": "Saint Joseph Major Seminary",
        "landuse": "religious",
        "name": "Đại chủng viện thánh Giuse",
        "name:en": "Saigon Saint Joseph Major Seminary",
        "name:es": "Seminario Mayor de San José",
        "name:fr": "Séminaire majeur Saint Joseph de Saigon",
        "name:id": "Seminari Tinggi Santo Yusuf",
        "name:it": "Seminario Maggiore San Giuseppe di Saigon",
        "name:ja": "セントジョセフ神学校",
        "name:ko": "성 요셉의 주요 신학교",
        "name:ru": "семинария святого Иосифа",
        "name:vi": "Đại chủng viện thánh Giuse",
        "name:vi-Hani": "大種院聖若瑟",
        "name:zh": "圣约瑟夫神学院",
        "name:zh-Hant": "聖約瑟夫神學院",
        "operator": "Tổng Giáo phận Tp. Hồ Chí Minh",
        "phone": "+84-8-38236167",
        "religion": "christian",
        "website": "http://tgpsaigon.net/taxonomy/term/314",
        "@geometry": "center"
      },
      "geometry": {
        "type": "Point",
        "coordinates": [
          106.7050593,
          10.7846118
        ]
      },
      "id": "way/198123915"
    },
    {
      "type": "Feature",
      "properties": {
        "@id": "way/220972106",
        "amenity": "marketplace",
        "name": "Chợ Nguyễn Văn Trỗi",
        "name:en": "Nguyen Van Troi Market",
        "old_name": "Chợ Trương Minh Giảng",
        "@geometry": "center"
      },
      "geometry": {
        "type": "Point",
        "coordinates": [
          106.6798496,
          10.7863437
        ]
      },
      "id": "way/220972106"
    },
    {
      "type": "Feature",
      "properties": {
        "@id": "way/228359367",
        "amenity": "school",
        "name": "Trường Quốc Tế American",
        "@geometry": "center"
      },
      "geometry": {
        "type": "Point",
        "coordinates": [
          106.6852339,
          10.7576091
        ]
      },
      "id": "way/228359367"
    },
    {
      "type": "Feature",
      "properties": {
        "@id": "way/235975233",
        "addr:housenumber": "576",
        "addr:street": "Nguyễn Đình Chiểu",
        "amenity": "school",
        "grades": "1-5",
        "name": "Trường Tiểu học Lương Định Của",
        "@geometry": "center"
      },
      "geometry": {
        "type": "Point",
        "coordinates": [
          106.6823064,
          10.7706825
        ]
      },
      "id": "way/235975233"
    },
    {
      "type": "Feature",
      "properties": {
        "@id": "way/263170654",
        "addr:street": "Nguyễn Ðình Chiểu",
        "amenity": "university",
        "education": "university",
        "name": "Đại học Kinh tế Thành phố Hồ Chí Minh - Cơ sở A",
        "name:en": "University of Economics Ho Chi Minh City - Campus A",
        "name:id": "Universitas Ekonomi Kota Ho Chi Minh",
        "name:vi": "Trường Đại học Kinh tế Thành phố Hồ Chí Minh - cơ sở A",
        "name:vi-Hani": "大學經濟城埔胡志明-基所A",
        "name:zh": "胡志明市经济大学",
        "official_name": "Trường Đại học Kinh tế Thành phố Hồ Chí Minh",
        "official_name:vi": "Trường Đại học Kinh tế Thành phố Hồ Chí Minh",
        "service": "59C",
        "short_name": "ĐHKT",
        "short_name:en": "UEH",
        "short_name:vi": "ĐHKT",
        "wikidata": "Q2562140",
        "wikimedia_commons": "Category:University of Economics Ho Chi Minh City",
        "wikipedia": "vi:Trường Đại học Kinh tế Thành phố Hồ Chí Minh",
        "@geometry": "center"
      },
      "geometry": {
        "type": "Point",
        "coordinates": [
          106.6948717,
          10.783026
        ]
      },
      "id": "way/263170654"
    },
    {
      "type": "Feature",
      "properties": {
        "@id": "way/263311733",
        "amenity": "marketplace",
        "building": "yes",
        "name": "Chợ Thị Nghè",
        "name:en": "Thi Nghe Market",
        "@geometry": "center"
      },
      "geometry": {
        "type": "Point",
        "coordinates": [
          106.707548,
          10.7920425
        ]
      },
      "id": "way/263311733"
    },
    {
      "type": "Feature",
      "properties": {
        "@id": "way/263311738",
        "addr:housenumber": "2",
        "addr:street": "Trường Sa",
        "amenity": "university",
        "building": "yes",
        "education": "university",
        "name": "Đại học Thuỷ Lợi - Cơ sở 2",
        "@geometry": "center"
      },
      "geometry": {
        "type": "Point",
        "coordinates": [
          106.7065142,
          10.7927633
        ]
      },
      "id": "way/263311738"
    },
    {
      "type": "Feature",
      "properties": {
        "@id": "way/263352329",
        "addr:housenumber": "139",
        "addr:street": "Nguyễn Du",
        "amenity": "school",
        "education": "school",
        "grades": "6-9",
        "name": "Trường Trung học cơ sở Nguyễn Du",
        "phone": "+84 028 38298731",
        "website": "https://thcsnguyenduq1.hcm.edu.vn/",
        "wikidata": "Q7022811",
        "@geometry": "center"
      },
      "geometry": {
        "type": "Point",
        "coordinates": [
          106.6939713,
          10.7728045
        ]
      },
      "id": "way/263352329"
    },
    {
      "type": "Feature",
      "properties": {
        "@id": "way/263444624",
        "addr:housenumber": "177B",
        "amenity": "school",
        "building": "yes",
        "building:levels": "7",
        "internet_access": "wlan",
        "level": "7",
        "name": "Trường Quốc tế Á Châu",
        "@geometry": "center"
      },
      "geometry": {
        "type": "Point",
        "coordinates": [
          106.6751307,
          10.7743785
        ]
      },
      "id": "way/263444624"
    },
    {
      "type": "Feature",
      "properties": {
        "@id": "way/263502871",
        "addr:housenumber": "2B",
        "addr:street": "Lương Hữu Khánh",
        "amenity": "school",
        "grades": "1-5",
        "name": "Trường Tiểu học Kết Đoàn",
        "name:en": "Ket Doan Primary School",
        "website": "https://thketdoan.hcm.edu.vn/",
        "@geometry": "center"
      },
      "geometry": {
        "type": "Point",
        "coordinates": [
          106.6885068,
          10.7684715
        ]
      },
      "id": "way/263502871"
    },
    {
      "type": "Feature",
      "properties": {
        "@id": "way/263506611",
        "addr:housenumber": "39",
        "addr:street": "Tôn Thất Ðạm",
        "amenity": "university",
        "building": "yes",
        "education": "university",
        "name": "Trường Đại học Ngân hàng Thành phố Hồ Chí Minh",
        "@geometry": "center"
      },
      "geometry": {
        "type": "Point",
        "coordinates": [
          106.7040575,
          10.7702917
        ]
      },
      "id": "way/263506611"
    },
    {
      "type": "Feature",
      "properties": {
        "@id": "way/263506621",
        "addr:housenumber": "2",
        "addr:street": "Bến Vân Đồn",
        "amenity": "school",
        "barrier": "wall",
        "education": "school",
        "grades": "10-12",
        "name": "Trường Trung học phổ thông Nguyễn Hữu Thọ",
        "name:en": "Nguyen Huu Tho High School",
        "name:id": "SMA Nguyen Huu Tho",
        "name:ru": "Старшая школа Нгуен Хыу Тхо",
        "name:zh": "阮有寿高中",
        "operator:type": "public",
        "@geometry": "center"
      },
      "geometry": {
        "type": "Point",
        "coordinates": [
          106.7047415,
          10.7672842
        ]
      },
      "id": "way/263506621"
    },
    {
      "type": "Feature",
      "properties": {
        "@id": "way/263506624",
        "amenity": "school",
        "education": "school",
        "name": "Trường Tiểu học Bạch Đằng",
        "name:en": "Bach Dang Primary School",
        "name:id": "SD Bach Dang",
        "name:ru": "Начальная школа «Бать Данг»",
        "name:zh": "白藤小学",
        "@geometry": "center"
      },
      "geometry": {
        "type": "Point",
        "coordinates": [
          106.7033996,
          10.7653886
        ]
      },
      "id": "way/263506624"
    },
    {
      "type": "Feature",
      "properties": {
        "@id": "way/289444668",
        "addr:street": "Trường Sa",
        "amenity": "school",
        "name": "Trường Tiểu học Trương Quyền",
        "@geometry": "center"
      },
      "geometry": {
        "type": "Point",
        "coordinates": [
          106.6776201,
          10.7853899
        ]
      },
      "id": "way/289444668"
    },
    {
      "type": "Feature",
      "properties": {
        "@id": "way/289968620",
        "addr:housenumber": "235",
        "addr:street": "Nguyễn Văn Cừ",
        "building": "yes",
        "name": "Trung Tâm Mua Sắm Nowzone",
        "shop": "mall",
        "@geometry": "center"
      },
      "geometry": {
        "type": "Point",
        "coordinates": [
          106.6824608,
          10.7643362
        ]
      },
      "id": "way/289968620"
    },
    {
      "type": "Feature",
      "properties": {
        "@id": "way/290222665",
        "addr:housenumber": "112",
        "addr:street": "Nguyễn Du",
        "amenity": "university",
        "name": "Nhạc viện Thành phố Hồ Chí Minh",
        "name:en": "Ho Chi Minh City Conservatory of Music",
        "name:id": "Konservatori Musik Kota Ho Chi Minh",
        "name:vi": "Nhạc viện Thành phố Hồ Chí Minh",
        "name:zh": "胡志明市音乐学院",
        "wikidata": "Q1377237",
        "@geometry": "center"
      },
      "geometry": {
        "type": "Point",
        "coordinates": [
          106.6950257,
          10.7743925
        ]
      },
      "id": "way/290222665"
    },
    {
      "type": "Feature",
      "properties": {
        "@id": "way/292074916",
        "amenity": "school",
        "education": "school",
        "name": "Trường Trung học cơ sở Lam Sơn",
        "short_name": "Trường THCS Lam Sơn",
        "@geometry": "center"
      },
      "geometry": {
        "type": "Point",
        "coordinates": [
          106.7000976,
          10.7996975
        ]
      },
      "id": "way/292074916"
    },
    {
      "type": "Feature",
      "properties": {
        "@id": "way/313192288",
        "addr:city": "Ho Chi Minh City",
        "addr:housenumber": "287",
        "addr:street": "Phan Đình Phùng",
        "amenity": "college",
        "building": "yes",
        "name": "Trường Cao đẳng Kinh tế Đối ngoại",
        "name:en": "College of Foreign Economy and Relations",
        "@geometry": "center"
      },
      "geometry": {
        "type": "Point",
        "coordinates": [
          106.6808134,
          10.7974479
        ]
      },
      "id": "way/313192288"
    },
    {
      "type": "Feature",
      "properties": {
        "@id": "way/313697228",
        "addr:housenumber": "67",
        "addr:street": "Đường Đinh Tiên Hoàng",
        "amenity": "school",
        "education": "school",
        "grades": "1-5",
        "name": "Trường Tiểu học Đinh Tiên Hoàng",
        "name:en": "Dinh Tien Hoang Primary School",
        "name:zh": "丁先皇小学学校",
        "phone": "+84 028 38294295",
        "website": "https://thdinhtienhoangq1.hcm.edu.vn/",
        "@geometry": "center"
      },
      "geometry": {
        "type": "Point",
        "coordinates": [
          106.6979822,
          10.7893829
        ]
      },
      "id": "way/313697228"
    },
    {
      "type": "Feature",
      "properties": {
        "@id": "way/316623543",
        "addr:housenumber": "282",
        "addr:street": "Võ Thị Sáu",
        "amenity": "school",
        "check_date": "2025-01-04",
        "education": "school",
        "name": "Trường Trung học cơ sở Colette (Phân hiệu)",
        "operator": "UBND Phường Xuân Hòa",
        "operator:type": "government",
        "short_name": "Trường THCS Lê Lợi",
        "website": "https://thcscolette.hcm.edu.vn/homegd144",
        "@geometry": "center"
      },
      "geometry": {
        "type": "Point",
        "coordinates": [
          106.6821278,
          10.7786598
        ]
      },
      "id": "way/316623543"
    },
    {
      "type": "Feature",
      "properties": {
        "@id": "way/316897787",
        "addr:city": "Ho Chi Minh City",
        "addr:district": "3",
        "addr:housenumber": "10",
        "addr:street": "Hồ Xuân Hương",
        "addr:subdistrict": "6",
        "amenity": "school",
        "email": "coletteq3@yahoo.com",
        "name": "Trường Trung học cơ sở Colette",
        "opening_hours": "Mo-Su 08:00-20:00",
        "short_name": "Trường THCS Colette",
        "website": "https://thcscolette.hcm.edu.vn/Default.aspx",
        "@geometry": "center"
      },
      "geometry": {
        "type": "Point",
        "coordinates": [
          106.6865471,
          10.7759017
        ]
      },
      "id": "way/316897787"
    },
    {
      "type": "Feature",
      "properties": {
        "@id": "way/358051928",
        "amenity": "school",
        "name": "Trường Trung học cơ sở Đào Duy Anh",
        "short_name": "Trường THCS Đào Duy Anh",
        "@geometry": "center"
      },
      "geometry": {
        "type": "Point",
        "coordinates": [
          106.6796043,
          10.7916241
        ]
      },
      "id": "way/358051928"
    },
    {
      "type": "Feature",
      "properties": {
        "@id": "way/358051929",
        "amenity": "school",
        "name": "Trường tiểu học Nguyễn Đình Chính",
        "@geometry": "center"
      },
      "geometry": {
        "type": "Point",
        "coordinates": [
          106.6791226,
          10.7929143
        ]
      },
      "id": "way/358051929"
    },
    {
      "type": "Feature",
      "properties": {
        "@id": "way/359022741",
        "addr:housenumber": "12",
        "addr:street": "Trần Quốc Toản",
        "amenity": "school",
        "grades": "10-12",
        "name": "Trường Trung học phổ thông Nguyễn Thị Diệu",
        "short_name": "Trường THPT Nguyễn Thị Diệu",
        "@geometry": "center"
      },
      "geometry": {
        "type": "Point",
        "coordinates": [
          106.6888968,
          10.7893181
        ]
      },
      "id": "way/359022741"
    },
    {
      "type": "Feature",
      "properties": {
        "@id": "way/372306540",
        "amenity": "school",
        "name": "Trường Tiểu học Trung Nhất",
        "old_name": "Trường Tiểu học Võ Tánh",
        "@geometry": "center"
      },
      "geometry": {
        "type": "Point",
        "coordinates": [
          106.6805971,
          10.7963467
        ]
      },
      "id": "way/372306540"
    },
    {
      "type": "Feature",
      "properties": {
        "@id": "way/404418721",
        "addr:city": "Phường 17",
        "addr:housenumber": "195/29",
        "addr:street": "Xô Viết Nghệ Tĩnh",
        "amenity": "school",
        "education": "school",
        "name": "Trường Trung học cơ sở Điện Biên",
        "name:en": "Dien Bien Secondary School",
        "short_name": "Trường THCS Điện Biên",
        "@geometry": "center"
      },
      "geometry": {
        "type": "Point",
        "coordinates": [
          106.7092013,
          10.7995275
        ]
      },
      "id": "way/404418721"
    },
    {
      "type": "Feature",
      "properties": {
        "@id": "way/418298188",
        "amenity": "school",
        "name": "Trường Trung học cơ sở Ba Đình",
        "short_name": "Trường THCS Ba Đình",
        "@geometry": "center"
      },
      "geometry": {
        "type": "Point",
        "coordinates": [
          106.682201,
          10.7566925
        ]
      },
      "id": "way/418298188"
    },
    {
      "type": "Feature",
      "properties": {
        "@id": "way/420032393",
        "addr:housenumber": "129/63A",
        "addr:street": "Nguyễn Hữu Hào",
        "amenity": "school",
        "education": "school",
        "name": "Trường Trung học cơ sở Chi Lăng",
        "@geometry": "center"
      },
      "geometry": {
        "type": "Point",
        "coordinates": [
          106.7009667,
          10.7627685
        ]
      },
      "id": "way/420032393"
    },
    {
      "type": "Feature",
      "properties": {
        "@id": "way/432518913",
        "addr:city": "Phường 2",
        "addr:district": "Quận 5",
        "addr:province": "Hồ Chí Minh",
        "addr:street": "Trần Bình Trọng",
        "addr:subdistrict": "Phường 2",
        "amenity": "school",
        "name": "Trường Tiểu học Trần Bình Trọng - Khu B",
        "@geometry": "center"
      },
      "geometry": {
        "type": "Point",
        "coordinates": [
          106.6812922,
          10.7575172
        ]
      },
      "id": "way/432518913"
    },
    {
      "type": "Feature",
      "properties": {
        "@id": "way/432518914",
        "addr:city": "Phường 2",
        "addr:district": "Quận 5",
        "addr:province": "Hồ Chí Minh",
        "addr:street": "Trần Bình Trọng",
        "addr:subdistrict": "Phường 2",
        "amenity": "school",
        "name": "Trường Tiểu học Trần Bình Trọng - Khu A",
        "@geometry": "center"
      },
      "geometry": {
        "type": "Point",
        "coordinates": [
          106.6812712,
          10.7569407
        ]
      },
      "id": "way/432518914"
    },
    {
      "type": "Feature",
      "properties": {
        "@id": "way/435327056",
        "addr:city": "Ho Chi Minh City",
        "addr:district": "5",
        "addr:housenumber": "1",
        "addr:street": "Nguyễn Trãi",
        "amenity": "kindergarten",
        "name": "Trường Mầm Non Vàng Anh",
        "phone": "+84 8 3923 4206",
        "@geometry": "center"
      },
      "geometry": {
        "type": "Point",
        "coordinates": [
          106.6837171,
          10.7591088
        ]
      },
      "id": "way/435327056"
    },
    {
      "type": "Feature",
      "properties": {
        "@id": "way/464019312",
        "addr:city": "Ho Chi Minh City",
        "addr:district": "Quan 1",
        "addr:housenumber": "125",
        "addr:street": "Cống Quỳnh",
        "addr:subdistrict": "Nguyễn cư Trinh",
        "amenity": "university",
        "name": "Trường Đại học Sân khấu - Điện ảnh Thành phố Hồ Chí Minh",
        "name:vi": "Sân Khấu Thế Giới Trẻ",
        "@geometry": "center"
      },
      "geometry": {
        "type": "Point",
        "coordinates": [
          106.6893533,
          10.765628
        ]
      },
      "id": "way/464019312"
    },
    {
      "type": "Feature",
      "properties": {
        "@id": "way/464038948",
        "amenity": "school",
        "grades": "1-5",
        "name": "Trường Tiểu học Trần Hưng Đạo",
        "phone": "+84 028 39200281",
        "website": "https://thtranhungdao.hcm.edu.vn/",
        "@geometry": "center"
      },
      "geometry": {
        "type": "Point",
        "coordinates": [
          106.689139,
          10.7615566
        ]
      },
      "id": "way/464038948"
    },
    {
      "type": "Feature",
      "properties": {
        "@id": "way/465336081",
        "addr:housenumber": "10",
        "addr:street": "Nguyễn Thị Minh Khai",
        "amenity": "school",
        "education": "school",
        "name": "Trường Trung học cơ sở Lê Quý Đôn",
        "short_name": "Trường THCS Lê Quý Đôn",
        "@geometry": "center"
      },
      "geometry": {
        "type": "Point",
        "coordinates": [
          106.6936402,
          10.7791723
        ]
      },
      "id": "way/465336081"
    },
    {
      "type": "Feature",
      "properties": {
        "@id": "way/465528806",
        "amenity": "school",
        "name": "Trường cấp 1 Phan Văn Hân",
        "@geometry": "center"
      },
      "geometry": {
        "type": "Point",
        "coordinates": [
          106.6869078,
          10.7736535
        ]
      },
      "id": "way/465528806"
    },
    {
      "type": "Feature",
      "properties": {
        "@id": "way/465529204",
        "amenity": "school",
        "name": "Trường Trung học cơ sở Kiến Thiết",
        "@geometry": "center"
      },
      "geometry": {
        "type": "Point",
        "coordinates": [
          106.6863957,
          10.7732975
        ]
      },
      "id": "way/465529204"
    },
    {
      "type": "Feature",
      "properties": {
        "@id": "way/465546858",
        "addr:housenumber": "73",
        "addr:street": "Đường Bùi Thị Xuân",
        "amenity": "school",
        "name": "Trường Trung học phổ thông Bùi Thị Xuân",
        "@geometry": "center"
      },
      "geometry": {
        "type": "Point",
        "coordinates": [
          106.6881729,
          10.7690548
        ]
      },
      "id": "way/465546858"
    },
    {
      "type": "Feature",
      "properties": {
        "@id": "way/465581443",
        "amenity": "university",
        "name": "Trường ĐH Công nghệ",
        "@geometry": "center"
      },
      "geometry": {
        "type": "Point",
        "coordinates": [
          106.6886975,
          10.7566338
        ]
      },
      "id": "way/465581443"
    },
    {
      "type": "Feature",
      "properties": {
        "@id": "way/465838943",
        "amenity": "marketplace",
        "building": "yes",
        "name": "Chợ Vườn Chuối",
        "name:en": "Vuon Chuoi Market",
        "@geometry": "center"
      },
      "geometry": {
        "type": "Point",
        "coordinates": [
          106.6842638,
          10.7735273
        ]
      },
      "id": "way/465838943"
    },
    {
      "type": "Feature",
      "properties": {
        "@id": "way/469843391",
        "addr:housenumber": "10",
        "addr:street": "Nguyễn Thị Minh Khai",
        "amenity": "school",
        "education": "school",
        "grades": "10-12",
        "name": "Trường Trung học phổ thông Lê Quý Đôn",
        "old_name": "Collège Chasseloup-Laubat",
        "short_name": "Trường THPT Lê Quý Đôn",
        "wikidata": "Q4559616",
        "wikipedia": "vi:Trường Trung học phổ thông Lê Quý Đôn, Thành phố Hồ Chí Minh",
        "@geometry": "center"
      },
      "geometry": {
        "type": "Point",
        "coordinates": [
          106.6940912,
          10.7796522
        ]
      },
      "id": "way/469843391"
    },
    {
      "type": "Feature",
      "properties": {
        "@id": "way/494789259",
        "addr:city": "Ho Chi Minh City",
        "addr:district": "3",
        "addr:housenumber": "391A",
        "addr:postcode": "700000",
        "addr:province": "Ho Chi Minh City",
        "addr:street": "Nam Kỳ Khởi Nghĩa",
        "addr:subdistrict": "14",
        "amenity": "college",
        "building:part": "yes",
        "name": "FPT Skillking HCM",
        "@geometry": "center"
      },
      "geometry": {
        "type": "Point",
        "coordinates": [
          106.6818704,
          10.7905758
        ]
      },
      "id": "way/494789259"
    },
    {
      "type": "Feature",
      "properties": {
        "@id": "way/509015321",
        "addr:city": "Ho Chi Minh City",
        "addr:district": "10",
        "building": "yes",
        "name": "Vincom Plaza Ba Tháng Hai",
        "shop": "mall",
        "@geometry": "center"
      },
      "geometry": {
        "type": "Point",
        "coordinates": [
          106.680839,
          10.7762897
        ]
      },
      "id": "way/509015321"
    },
    {
      "type": "Feature",
      "properties": {
        "@id": "way/516932900",
        "addr:housenumber": "105",
        "addr:street": "Hồ Thị Kỷ",
        "amenity": "school",
        "grades": "1-5",
        "name": "Trường Tiểu học Hồ Thị Kỷ",
        "name:en": "Ho Thi Ky Primary School",
        "@geometry": "center"
      },
      "geometry": {
        "type": "Point",
        "coordinates": [
          106.6762998,
          10.7662787
        ]
      },
      "id": "way/516932900"
    },
    {
      "type": "Feature",
      "properties": {
        "@id": "way/516932941",
        "amenity": "marketplace",
        "building": "yes",
        "name": "Chợ Lê Hồng Phong",
        "name:en": "Le Hong Phong Market",
        "name:vi": "Chợ Lê Hồng Phong",
        "@geometry": "center"
      },
      "geometry": {
        "type": "Point",
        "coordinates": [
          106.6767748,
          10.7643514
        ]
      },
      "id": "way/516932941"
    },
    {
      "type": "Feature",
      "properties": {
        "@id": "way/516932942",
        "amenity": "kindergarten",
        "name": "Trường Mầm non Phường 1",
        "@geometry": "center"
      },
      "geometry": {
        "type": "Point",
        "coordinates": [
          106.6768844,
          10.7664207
        ]
      },
      "id": "way/516932942"
    },
    {
      "type": "Feature",
      "properties": {
        "@id": "way/537669583",
        "addr:city": "Thành phố Hồ Chí Minh",
        "addr:district": "Quận Bình Thạnh",
        "addr:housenumber": "276",
        "addr:postcode": "700000",
        "addr:street": "Đường Điện Biên Phủ",
        "addr:subdistrict": "Phường 17",
        "amenity": "university",
        "building:levels": "16",
        "education": "university",
        "ele": "15",
        "name": "UEF - Đại học Kinh Tế Tài Chính",
        "@geometry": "center"
      },
      "geometry": {
        "type": "Point",
        "coordinates": [
          106.706784,
          10.7989905
        ]
      },
      "id": "way/537669583"
    },
    {
      "type": "Feature",
      "properties": {
        "@id": "way/554450138",
        "amenity": "school",
        "name": "Trường Trung học cơ sở Hai Bà Trưng",
        "short_name": "Trường THCS Hai Bà Trưng",
        "@geometry": "center"
      },
      "geometry": {
        "type": "Point",
        "coordinates": [
          106.6904004,
          10.788528
        ]
      },
      "id": "way/554450138"
    },
    {
      "type": "Feature",
      "properties": {
        "@id": "way/587505132",
        "building": "yes",
        "name": "TTTM RomeA",
        "shop": "mall",
        "@geometry": "center"
      },
      "geometry": {
        "type": "Point",
        "coordinates": [
          106.6901155,
          10.7780347
        ]
      },
      "id": "way/587505132"
    },
    {
      "type": "Feature",
      "properties": {
        "@id": "way/682199563",
        "addr:housenumber": "91",
        "addr:street": "Đường Nguyễn Khoái",
        "amenity": "school",
        "name": "Trung Tâm Giáo Dục Trẻ Khuyết Tật Quận 4",
        "name:en": "District 4 Educational Center for Disabled Children",
        "@geometry": "center"
      },
      "geometry": {
        "type": "Point",
        "coordinates": [
          106.6936525,
          10.7558678
        ]
      },
      "id": "way/682199563"
    },
    {
      "type": "Feature",
      "properties": {
        "@id": "way/682199577",
        "amenity": "kindergarten",
        "building": "yes",
        "name": "Trường Mầm non Việt Mỹ Quận 4",
        "@geometry": "center"
      },
      "geometry": {
        "type": "Point",
        "coordinates": [
          106.691332,
          10.7549771
        ]
      },
      "id": "way/682199577"
    },
    {
      "type": "Feature",
      "properties": {
        "@id": "way/682250586",
        "amenity": "college",
        "name": "Trung tâm GD Nghề nghiệp - Giáo dục thường xuyên Quận 4",
        "@geometry": "center"
      },
      "geometry": {
        "type": "Point",
        "coordinates": [
          106.694496,
          10.7550974
        ]
      },
      "id": "way/682250586"
    },
    {
      "type": "Feature",
      "properties": {
        "@id": "way/682250588",
        "amenity": "school",
        "name": "Trường Tiểu học Nguyễn Huệ 1",
        "name:en": "Nguyen Hue 1 Primary School",
        "name:id": "SD Nguyen Hue 1",
        "name:zh": "阮惠1小学",
        "@geometry": "center"
      },
      "geometry": {
        "type": "Point",
        "coordinates": [
          106.6933508,
          10.755597
        ]
      },
      "id": "way/682250588"
    },
    {
      "type": "Feature",
      "properties": {
        "@id": "way/682415588",
        "amenity": "school",
        "name": "Trường Trung học cơ sở Quang Trung",
        "name:en": "Quang Trung Secondary School",
        "name:id": "SMP Quang Trung",
        "name:ru": "Средняя школа Кванг Чунг",
        "name:zh": "光中初中",
        "@geometry": "center"
      },
      "geometry": {
        "type": "Point",
        "coordinates": [
          106.6978093,
          10.7548102
        ]
      },
      "id": "way/682415588"
    },
    {
      "type": "Feature",
      "properties": {
        "@id": "way/683048753",
        "brand": "FamilyMart",
        "brand:wikidata": "Q1191685",
        "building": "yes",
        "building:levels": "1",
        "name": "FamilyMart",
        "shop": "convenience",
        "@geometry": "center"
      },
      "geometry": {
        "type": "Point",
        "coordinates": [
          106.6798749,
          10.7925803
        ]
      },
      "id": "way/683048753"
    },
    {
      "type": "Feature",
      "properties": {
        "@id": "way/683910634",
        "addr:housenumber": "276",
        "addr:street": "Đường Nguyễn Tất Thành",
        "amenity": "school",
        "education": "school",
        "name": "Trường Trung học cơ sở Vân Đồn",
        "@geometry": "center"
      },
      "geometry": {
        "type": "Point",
        "coordinates": [
          106.7087345,
          10.7614769
        ]
      },
      "id": "way/683910634"
    },
    {
      "type": "Feature",
      "properties": {
        "@id": "way/683910643",
        "amenity": "school",
        "education": "school",
        "name": "Trường Tiểu học Bến Cảng",
        "name:en": "Ben Cang Primary School",
        "name:id": "SD Ben Cang",
        "name:ru": "Начальная школа «Бен Канг»",
        "name:zh": "滨港小学",
        "@geometry": "center"
      },
      "geometry": {
        "type": "Point",
        "coordinates": [
          106.7098115,
          10.7609591
        ]
      },
      "id": "way/683910643"
    },
    {
      "type": "Feature",
      "properties": {
        "@id": "way/683910656",
        "amenity": "school",
        "education": "school",
        "name": "Trường Tiểu học Xóm Chiếu",
        "name:en": "Xom Chieu Primary School",
        "name:id": "SD Xom Chieu",
        "name:ja": "ソンチウ小学校",
        "name:ru": "Начальная школа «Сом Тьеу»",
        "name:zh": "坫𥴜小学",
        "@geometry": "center"
      },
      "geometry": {
        "type": "Point",
        "coordinates": [
          106.7081173,
          10.7617209
        ]
      },
      "id": "way/683910656"
    },
    {
      "type": "Feature",
      "properties": {
        "@id": "way/722916691",
        "addr:district": "Quận 3",
        "addr:province": "Hồ Chí Minh",
        "addr:street": "Nguyễn Ðình Chiểu",
        "addr:subdistrict": "Phường 1",
        "amenity": "marketplace",
        "building": "yes",
        "name": "Chợ Bàn Cờ",
        "name:en": "Ban Co Market",
        "@geometry": "center"
      },
      "geometry": {
        "type": "Point",
        "coordinates": [
          106.6804115,
          10.768574
        ]
      },
      "id": "way/722916691"
    },
    {
      "type": "Feature",
      "properties": {
        "@id": "way/722916692",
        "amenity": "marketplace",
        "building": "yes",
        "name": "Chợ Bàn Cờ",
        "operator": "Ban Quản lý Chợ Bàn Cờ",
        "@geometry": "center"
      },
      "geometry": {
        "type": "Point",
        "coordinates": [
          106.6800736,
          10.7688569
        ]
      },
      "id": "way/722916692"
    },
    {
      "type": "Feature",
      "properties": {
        "@id": "way/722916693",
        "amenity": "marketplace",
        "building": "yes",
        "name": "Chợ Bàn Cờ",
        "@geometry": "center"
      },
      "geometry": {
        "type": "Point",
        "coordinates": [
          106.6795518,
          10.7692859
        ]
      },
      "id": "way/722916693"
    },
    {
      "type": "Feature",
      "properties": {
        "@id": "way/750511344",
        "addr:city": "Ho Chi Minh City",
        "addr:district": "Phú Nhuận",
        "addr:housenumber": "48",
        "addr:street": "Hoa Sứ",
        "addr:subdistrict": "Phường 7",
        "building": "yes",
        "name": "Co.opmart Rạch Miễu",
        "shop": "supermarket",
        "@geometry": "center"
      },
      "geometry": {
        "type": "Point",
        "coordinates": [
          106.6891584,
          10.7988967
        ]
      },
      "id": "way/750511344"
    },
    {
      "type": "Feature",
      "properties": {
        "@id": "way/750565570",
        "addr:district": "Bình Thạnh",
        "addr:housenumber": "10",
        "addr:street": "Phạm Viết Chánh",
        "addr:subdistrict": "Phường 19",
        "amenity": "school",
        "barrier": "wall",
        "education": "school",
        "name": "Trường Tiểu học Thạnh Mỹ Tây",
        "@geometry": "center"
      },
      "geometry": {
        "type": "Point",
        "coordinates": [
          106.7093021,
          10.7899733
        ]
      },
      "id": "way/750565570"
    },
    {
      "type": "Feature",
      "properties": {
        "@id": "way/781574399",
        "amenity": "school",
        "education": "school",
        "name": "Vinschool Golden River",
        "operator": "Vingroup",
        "operator:type": "private",
        "@geometry": "center"
      },
      "geometry": {
        "type": "Point",
        "coordinates": [
          106.7116008,
          10.7861314
        ]
      },
      "id": "way/781574399"
    },
    {
      "type": "Feature",
      "properties": {
        "@id": "way/801710776",
        "addr:housenumber": "20",
        "addr:street": "Lý Tự Trọng",
        "amenity": "school",
        "education": "school",
        "grades": "6-12",
        "heritage": "4",
        "name": "Trường Trung học cơ sở và Trung học phổ thông Trần Đại Nghĩa",
        "name:en": "Tran Dai Nghia Secondary and High School",
        "name:id": "SMA Tran Dai Nghia",
        "name:ru": "Средняя и средняя школа «Чан Дай Нгиа»",
        "name:zh": "陈大义中学和高中",
        "old_name": "Institution Taberd",
        "@geometry": "center"
      },
      "geometry": {
        "type": "Point",
        "coordinates": [
          106.7012577,
          10.7793284
        ]
      },
      "id": "way/801710776"
    },
    {
      "type": "Feature",
      "properties": {
        "@id": "way/801950711",
        "addr:housenumber": "174-176",
        "addr:street": "Pasteur",
        "amenity": "kindergarten",
        "education": "kindergarten",
        "name": "Trường Mầm non 30-4",
        "website": "https://mn30thang4-saigon.hcm.edu.vn",
        "@geometry": "center"
      },
      "geometry": {
        "type": "Point",
        "coordinates": [
          106.698739,
          10.7781301
        ]
      },
      "id": "way/801950711"
    },
    {
      "type": "Feature",
      "properties": {
        "@id": "way/802125674",
        "building": "yes",
        "building:levels": "39",
        "building:part": "yes",
        "height": "193",
        "name": "Saigon Centre",
        "shop": "mall",
        "@geometry": "center"
      },
      "geometry": {
        "type": "Point",
        "coordinates": [
          106.7006604,
          10.7729521
        ]
      },
      "id": "way/802125674"
    },
    {
      "type": "Feature",
      "properties": {
        "@id": "way/802125675",
        "building:part": "yes",
        "shop": "mall",
        "@geometry": "center"
      },
      "geometry": {
        "type": "Point",
        "coordinates": [
          106.7009736,
          10.7735909
        ]
      },
      "id": "way/802125675"
    },
    {
      "type": "Feature",
      "properties": {
        "@id": "way/802125676",
        "building": "yes",
        "building:part": "yes",
        "height": "170",
        "shop": "mall",
        "@geometry": "center"
      },
      "geometry": {
        "type": "Point",
        "coordinates": [
          106.7009763,
          10.7735471
        ]
      },
      "id": "way/802125676"
    },
    {
      "type": "Feature",
      "properties": {
        "@id": "way/802125677",
        "addr:housenumber": "65",
        "addr:postcode": "71006",
        "addr:street": "Lê Lợi",
        "building": "commercial",
        "name": "Toà Nhà Saigon Centre",
        "name:ru": "Сайгон Сентер",
        "name:zh": "西贡中心",
        "name:zh-Hant": "西貢中心",
        "shop": "mall",
        "@geometry": "center"
      },
      "geometry": {
        "type": "Point",
        "coordinates": [
          106.7008784,
          10.7732401
        ]
      },
      "id": "way/802125677"
    },
    {
      "type": "Feature",
      "properties": {
        "@id": "way/802157412",
        "addr:housenumber": "105",
        "addr:street": "Nguyễn Thái Bình",
        "amenity": "school",
        "education": "school",
        "grades": "1-5",
        "name": "Trường Tiểu học Nguyễn Thái Bình",
        "name:en": "Nguyen Thai Binh Primary School",
        "name:id": "SD Nguyen Thai Binh",
        "name:ru": "Начальная школа «Нгуен Тхай Бинь»",
        "name:zh": "阮太平小学",
        "phone": "+84 028 38298710",
        "website": "https://thnguyenthaibinhq1.hcm.edu.vn/",
        "@geometry": "center"
      },
      "geometry": {
        "type": "Point",
        "coordinates": [
          106.6995998,
          10.7685976
        ]
      },
      "id": "way/802157412"
    },
    {
      "type": "Feature",
      "properties": {
        "@id": "way/802157416",
        "amenity": "school",
        "education": "school",
        "name": "Trường Tiểu học Khai Minh",
        "name:en": "Khai Minh Primary School",
        "name:id": "SD Khai Minh",
        "name:ru": "Начальная школа «Хай Минь»",
        "name:zh": "开明小学",
        "@geometry": "center"
      },
      "geometry": {
        "type": "Point",
        "coordinates": [
          106.7000512,
          10.7702636
        ]
      },
      "id": "way/802157416"
    },
    {
      "type": "Feature",
      "properties": {
        "@id": "way/804047536",
        "amenity": "college",
        "education": "college",
        "name": "Trường Hoa Ngữ Nhật Tân",
        "@geometry": "center"
      },
      "geometry": {
        "type": "Point",
        "coordinates": [
          106.703432,
          10.7714901
        ]
      },
      "id": "way/804047536"
    },
    {
      "type": "Feature",
      "properties": {
        "@id": "way/804047551",
        "addr:housenumber": "77",
        "addr:street": "Tôn Thất Ðạm",
        "amenity": "school",
        "education": "school",
        "name": "Trường Tiểu Học Hoà Bình",
        "name:en": "Hoa Binh Primary School",
        "@geometry": "center"
      },
      "geometry": {
        "type": "Point",
        "coordinates": [
          106.7028227,
          10.7715381
        ]
      },
      "id": "way/804047551"
    },
    {
      "type": "Feature",
      "properties": {
        "@id": "way/804925964",
        "addr:housenumber": "11",
        "addr:street": "Nguyễn Bỉnh Khiêm",
        "amenity": "school",
        "education": "school",
        "grades": "6-9",
        "name": "Trường Trung học cơ sở Võ Trường Toản",
        "name:en": "Vo Truong Toan Secondary School",
        "name:zh": "武长赞初中",
        "@geometry": "center"
      },
      "geometry": {
        "type": "Point",
        "coordinates": [
          106.7054572,
          10.7861813
        ]
      },
      "id": "way/804925964"
    },
    {
      "type": "Feature",
      "properties": {
        "@id": "way/804925965",
        "amenity": "college",
        "building": "yes",
        "education": "college",
        "name": "Trường Cán bộ Quản lý giáo dục Thành phố Hồ Chí Minh",
        "@geometry": "center"
      },
      "geometry": {
        "type": "Point",
        "coordinates": [
          106.7059845,
          10.7860018
        ]
      },
      "id": "way/804925965"
    },
    {
      "type": "Feature",
      "properties": {
        "@id": "way/805287595",
        "addr:housenumber": "8",
        "addr:street": "Trần Hưng Đạo",
        "amenity": "school",
        "education": "school",
        "grades": "10-12",
        "name": "Trường Trung học phổ thông Ernst Thälmann",
        "name:en": "Ernst Thalmann High School",
        "name:fr": "Lycée de Ernst Thalmann",
        "name:id": "SMA Ernst Thalmann",
        "name:ru": "Старшая школа Эрнст Талманна",
        "name:zh": "恩斯特塔尔曼高中",
        "@geometry": "center"
      },
      "geometry": {
        "type": "Point",
        "coordinates": [
          106.6955204,
          10.7689158
        ]
      },
      "id": "way/805287595"
    },
    {
      "type": "Feature",
      "properties": {
        "@id": "way/806359773",
        "amenity": "college",
        "building": "yes",
        "education": "college",
        "name": "Trung tâm Học tập Cộng đồng Phường 10",
        "name:en": "Ward 10 Community Learning Centre",
        "name:id": "Pusat Pembelajaran Masyarakat Kelurahan 10",
        "@geometry": "center"
      },
      "geometry": {
        "type": "Point",
        "coordinates": [
          106.7067473,
          10.7591897
        ]
      },
      "id": "way/806359773"
    },
    {
      "type": "Feature",
      "properties": {
        "@id": "way/806359776",
        "amenity": "school",
        "education": "school",
        "name": "Trường Tiểu học Nguyễn Huệ 3",
        "name:en": "Nguyen Hue 3 Primary School",
        "name:id": "SD Nguyen Hue 3",
        "name:ru": "Начальная школа «Нгуен Хуе 3»",
        "name:zh": "阮惠3小学",
        "@geometry": "center"
      },
      "geometry": {
        "type": "Point",
        "coordinates": [
          106.6989445,
          10.755154
        ]
      },
      "id": "way/806359776"
    },
    {
      "type": "Feature",
      "properties": {
        "@id": "way/806860787",
        "landuse": "retail",
        "name": "Chợ Dân Sinh",
        "name:de": "Chợ Dân Sinh (American Market)",
        "name:en": "Dan Sinh market",
        "name:es": "Mercado Dan Sinh",
        "name:id": "Pasar Dan Sinh",
        "name:ru": "Рынок Зан Синь",
        "name:zh": "民生市场",
        "shop": "mall",
        "wikidata": "Q10748771",
        "@geometry": "center"
      },
      "geometry": {
        "type": "Point",
        "coordinates": [
          106.6981651,
          10.7665431
        ]
      },
      "id": "way/806860787"
    },
    {
      "type": "Feature",
      "properties": {
        "@id": "way/807062681",
        "amenity": "school",
        "education": "school",
        "name": "Trường Trung học cơ sở Minh Đức",
        "name:en": "Minh Duc Secondary School",
        "name:id": "SMP Minh Duc",
        "name:ko": "명덕중학교",
        "name:ru": "Средняя школа «Минь Дык»",
        "name:zh": "明德初中",
        "@geometry": "center"
      },
      "geometry": {
        "type": "Point",
        "coordinates": [
          106.6957688,
          10.7663405
        ]
      },
      "id": "way/807062681"
    },
    {
      "type": "Feature",
      "properties": {
        "@id": "way/807062692",
        "amenity": "school",
        "education": "school",
        "name": "Trường Trung học cơ sở Đồng Khởi",
        "name:en": "Dong Khoi Secondary School",
        "name:id": "SMP Dong Khoi",
        "name:ru": "Средняя школа «Донг Хой»",
        "name:zh": "同起初中",
        "@geometry": "center"
      },
      "geometry": {
        "type": "Point",
        "coordinates": [
          106.6971213,
          10.7657756
        ]
      },
      "id": "way/807062692"
    },
    {
      "type": "Feature",
      "properties": {
        "@id": "way/807297549",
        "alt_name": "Chợ Gà",
        "amenity": "marketplace",
        "landuse": "retail",
        "name": "Chợ Cháy",
        "name:en": "Burned Market",
        "@geometry": "center"
      },
      "geometry": {
        "type": "Point",
        "coordinates": [
          106.6978818,
          10.7647807
        ]
      },
      "id": "way/807297549"
    },
    {
      "type": "Feature",
      "properties": {
        "@id": "way/807577739",
        "addr:housenumber": "45",
        "addr:street": "Nguyễn Khắc Nhu",
        "amenity": "university",
        "building": "yes",
        "int_name": "Văn Lang University",
        "name": "Đại học Văn Lang",
        "name:en": "Van Lang University",
        "name:ru": "Ванлангский университет",
        "name:zh": "文郎大学",
        "wikidata": "Q7913477",
        "wikimedia_commons": "Category:Văn Lang University",
        "wikipedia": "en:Văn Lang University",
        "@geometry": "center"
      },
      "geometry": {
        "type": "Point",
        "coordinates": [
          106.6932824,
          10.7628184
        ]
      },
      "id": "way/807577739"
    },
    {
      "type": "Feature",
      "properties": {
        "@id": "way/807577743",
        "addr:housenumber": "116",
        "addr:street": "Cô Giang",
        "amenity": "school",
        "grades": "1-5",
        "name": "Trường Tiểu học Lương Thế Vinh",
        "name:en": "Luong The Vinh Primary School",
        "name:id": "SD Luong The Vinh",
        "name:ru": "Начальная школа Лыонг Тхе Винь",
        "name:zh": "梁世荣小学",
        "phone": "+84 028 39203757",
        "website": "https://thluongthevinhq1.hcm.edu.vn/",
        "@geometry": "center"
      },
      "geometry": {
        "type": "Point",
        "coordinates": [
          106.6941561,
          10.7628258
        ]
      },
      "id": "way/807577743"
    },
    {
      "type": "Feature",
      "properties": {
        "@id": "way/807577744",
        "amenity": "school",
        "grades": "6-12",
        "name": "Trường Trung học phổ thông Lương Thế Vinh",
        "name:en": "Luong The Vinh High School",
        "name:id": "SMA Luong The Vinh",
        "name:ru": "Старшая школа Лыонг Тхе Винь",
        "name:zh": "梁世荣高中",
        "@geometry": "center"
      },
      "geometry": {
        "type": "Point",
        "coordinates": [
          106.6938167,
          10.763297
        ]
      },
      "id": "way/807577744"
    },
    {
      "type": "Feature",
      "properties": {
        "@id": "way/808255160",
        "amenity": "kindergarten",
        "education": "kindergarten",
        "name": "Trường Mầm non Sao Mai 12",
        "@geometry": "center"
      },
      "geometry": {
        "type": "Point",
        "coordinates": [
          106.7035719,
          10.7656932
        ]
      },
      "id": "way/808255160"
    },
    {
      "type": "Feature",
      "properties": {
        "@id": "way/827000695",
        "building:part": "yes",
        "shop": "mall",
        "@geometry": "center"
      },
      "geometry": {
        "type": "Point",
        "coordinates": [
          106.7005724,
          10.7731512
        ]
      },
      "id": "way/827000695"
    },
    {
      "type": "Feature",
      "properties": {
        "@id": "way/854573856",
        "addr:district": "Bình Thạnh",
        "addr:housenumber": "95",
        "addr:province": "Hồ Chí Minh",
        "addr:street": "Lê Văn Duyệt",
        "addr:subdistrict": "Phường 3",
        "amenity": "school",
        "education": "school",
        "grades": "10-12",
        "name": "Trường Trung học phổ thông Võ Thị Sáu",
        "old_name": "Trường Nữ Trung học Lê Văn Duyệt",
        "short_name": "Trường THPT Võ Thị Sáu",
        "website": "http://thptvothisau.com/",
        "wikidata": "Q10828955",
        "wikipedia": "vi:Trường Trung học phổ thông Võ Thị Sáu, Thành phố Hồ Chí Minh",
        "@geometry": "center"
      },
      "geometry": {
        "type": "Point",
        "coordinates": [
          106.6957271,
          10.7979493
        ]
      },
      "id": "way/854573856"
    },
    {
      "type": "Feature",
      "properties": {
        "@id": "node/863421276",
        "shop": "convenience"
      },
      "geometry": {
        "type": "Point",
        "coordinates": [
          106.6777825,
          10.7919934
        ]
      },
      "id": "node/863421276"
    },
    {
      "type": "Feature",
      "properties": {
        "@id": "way/907749117",
        "addr:housenumber": "32 Bis",
        "addr:street": "Nguyễn Thị Diệu",
        "amenity": "kindergarten",
        "building": "yes",
        "name": "Trường Mầm non Xuân Hòa",
        "old_name": "Trường Mầm non Quận 3",
        "@geometry": "center"
      },
      "geometry": {
        "type": "Point",
        "coordinates": [
          106.6879519,
          10.7755784
        ]
      },
      "id": "way/907749117"
    },
    {
      "type": "Feature",
      "properties": {
        "@id": "node/925264845",
        "amenity": "school",
        "education": "school"
      },
      "geometry": {
        "type": "Point",
        "coordinates": [
          106.7105251,
          10.7937895
        ]
      },
      "id": "node/925264845"
    },
    {
      "type": "Feature",
      "properties": {
        "@id": "node/943230068",
        "amenity": "kindergarten",
        "education": "kindergarten",
        "name": "Truờng Mẫu Giáo Sapa",
        "name:en": "Sa Pa Kindergarten"
      },
      "geometry": {
        "type": "Point",
        "coordinates": [
          106.7069976,
          10.7838527
        ]
      },
      "id": "node/943230068"
    },
    {
      "type": "Feature",
      "properties": {
        "@id": "way/943238244",
        "addr:housenumber": "413/86",
        "addr:street": "Hẻm 413 Lê Văn Sỹ",
        "amenity": "school",
        "name": "Trường Trung học cơ sở Đoàn Thị Điểm",
        "short_name": "Trường THCS Đoàn Thị Điểm",
        "@geometry": "center"
      },
      "geometry": {
        "type": "Point",
        "coordinates": [
          106.6750679,
          10.7877195
        ]
      },
      "id": "way/943238244"
    },
    {
      "type": "Feature",
      "properties": {
        "@id": "node/946794500",
        "description": "Rice shop",
        "name": "Cửa Hàng Gạo Chợ Đào",
        "shop": "convenience"
      },
      "geometry": {
        "type": "Point",
        "coordinates": [
          106.7068074,
          10.7638846
        ]
      },
      "id": "node/946794500"
    },
    {
      "type": "Feature",
      "properties": {
        "@id": "node/946794548",
        "amenity": "kindergarten",
        "education": "kindergarten",
        "name": "Trường Mầm Non Sao Mai 3"
      },
      "geometry": {
        "type": "Point",
        "coordinates": [
          106.7070393,
          10.7643124
        ]
      },
      "id": "node/946794548"
    },
    {
      "type": "Feature",
      "properties": {
        "@id": "node/946794558",
        "name": "Cửa Hàng Thực Phẩm Vissan",
        "shop": "convenience"
      },
      "geometry": {
        "type": "Point",
        "coordinates": [
          106.7059576,
          10.7640345
        ]
      },
      "id": "node/946794558"
    },
    {
      "type": "Feature",
      "properties": {
        "@id": "node/947763519",
        "name": "Focomart",
        "shop": "supermarket"
      },
      "geometry": {
        "type": "Point",
        "coordinates": [
          106.7028692,
          10.7652697
        ]
      },
      "id": "node/947763519"
    },
    {
      "type": "Feature",
      "properties": {
        "@id": "way/955185845",
        "addr:city": "Thành phố Hồ Chí Minh",
        "addr:country": "VN",
        "addr:street": "Lê Văn Sỹ",
        "amenity": "school",
        "building": "yes",
        "isced:level": "1",
        "min_age": "6",
        "name": "Trường Tiểu học Trần Quang Diệu",
        "opening_hours": "Mo-Fr 09:00-17:00",
        "wheelchair": "yes",
        "@geometry": "center"
      },
      "geometry": {
        "type": "Point",
        "coordinates": [
          106.6772536,
          10.7884224
        ]
      },
      "id": "way/955185845"
    },
    {
      "type": "Feature",
      "properties": {
        "@id": "node/1001114521",
        "amenity": "college",
        "education": "college",
        "name": "Trường Nghiệp Vụ Nhà Hàng Thành Phố"
      },
      "geometry": {
        "type": "Point",
        "coordinates": [
          106.7103518,
          10.7966169
        ]
      },
      "id": "node/1001114521"
    },
    {
      "type": "Feature",
      "properties": {
        "@id": "way/1023514803",
        "addr:city": "Thành phố Hồ Chí Minh",
        "addr:district": "Quận 1",
        "addr:housenumber": "45",
        "addr:street": "Đinh Tiên Hoàng",
        "addr:subdistrict": "Bến Nghé",
        "amenity": "college",
        "check_date": "2025-01-05",
        "education": "college",
        "name": "Trường Chính sách công và Phát triển nông thôn",
        "@geometry": "center"
      },
      "geometry": {
        "type": "Point",
        "coordinates": [
          106.7016723,
          10.7856371
        ]
      },
      "id": "way/1023514803"
    },
    {
      "type": "Feature",
      "properties": {
        "@id": "way/1036206964",
        "addr:district": "Bình Thạnh",
        "addr:province": "Hồ Chí Minh",
        "addr:subdistrict": "Phường 22",
        "amenity": "school",
        "education": "school",
        "name": "Trường Tiểu học Cửu Long",
        "@geometry": "center"
      },
      "geometry": {
        "type": "Point",
        "coordinates": [
          106.714589,
          10.790085
        ]
      },
      "id": "way/1036206964"
    },
    {
      "type": "Feature",
      "properties": {
        "@id": "way/1036206965",
        "addr:housenumber": "2",
        "addr:street": "Võ Duy Ninh",
        "amenity": "school",
        "education": "school",
        "name": "Trường Trung học cơ sở Cửu Long",
        "@geometry": "center"
      },
      "geometry": {
        "type": "Point",
        "coordinates": [
          106.7147342,
          10.7915357
        ]
      },
      "id": "way/1036206965"
    },
    {
      "type": "Feature",
      "properties": {
        "@id": "way/1042789338",
        "addr:housenumber": "491/7",
        "addr:street": "Hẻm 491 Nguyễn Ðình Chiểu",
        "amenity": "school",
        "grades": "1-5",
        "name": "Trường Tiểu học Phan Đình Phùng",
        "@geometry": "center"
      },
      "geometry": {
        "type": "Point",
        "coordinates": [
          106.6820953,
          10.7689477
        ]
      },
      "id": "way/1042789338"
    },
    {
      "type": "Feature",
      "properties": {
        "@id": "way/1042789340",
        "addr:housenumber": "55A",
        "addr:street": "Cao Thắng",
        "amenity": "school",
        "grades": "1-5",
        "name": "Trường Tiểu học Nguyễn Sơn Hà",
        "@geometry": "center"
      },
      "geometry": {
        "type": "Point",
        "coordinates": [
          106.6814544,
          10.7702228
        ]
      },
      "id": "way/1042789340"
    },
    {
      "type": "Feature",
      "properties": {
        "@id": "way/1042866408",
        "amenity": "school",
        "education": "school",
        "name": "Trường Trung học phổ thông Năng Khiếu Thể Dục Thể Thao",
        "@geometry": "center"
      },
      "geometry": {
        "type": "Point",
        "coordinates": [
          106.6986189,
          10.7910685
        ]
      },
      "id": "way/1042866408"
    },
    {
      "type": "Feature",
      "properties": {
        "@id": "way/1043641918",
        "amenity": "school",
        "education": "school",
        "name": "Trường Tiểu Học Dân Lập Quốc Tế Việt Úc",
        "@geometry": "center"
      },
      "geometry": {
        "type": "Point",
        "coordinates": [
          106.6922212,
          10.7969374
        ]
      },
      "id": "way/1043641918"
    },
    {
      "type": "Feature",
      "properties": {
        "@id": "way/1043655779",
        "addr:housenumber": "1",
        "addr:street": "Hẻm 46 Trần Nhân Tôn",
        "amenity": "kindergarten",
        "building": "yes",
        "name": "Trường Mầm non Phường 2",
        "@geometry": "center"
      },
      "geometry": {
        "type": "Point",
        "coordinates": [
          106.6749908,
          10.7629717
        ]
      },
      "id": "way/1043655779"
    },
    {
      "type": "Feature",
      "properties": {
        "@id": "way/1059566394",
        "addr:city": "Ho Chi Minh City",
        "addr:district": "Xuân Hòa",
        "addr:housenumber": "105",
        "addr:street": "Bà Huyện Thanh Quan",
        "amenity": "university",
        "email": "daihocsaigon@sgu.edu.vn",
        "internet_access": "wlan",
        "internet_access:fee": "no",
        "name": "Trường Đại học Sài Gòn – cơ sở 1",
        "name:en": "Saigon University–Campus 1",
        "name:fr": "Université de Saïgon – campus 1",
        "name:vi": "Trường Đại học Sài Gòn – cơ sở 1",
        "operator": "Ủy ban nhân dân Thành phố Hồ Chí Minh",
        "operator:type": "government",
        "website": "https://www.sgu.edu.vn/",
        "@geometry": "center"
      },
      "geometry": {
        "type": "Point",
        "coordinates": [
          106.6841304,
          10.7791512
        ]
      },
      "id": "way/1059566394"
    },
    {
      "type": "Feature",
      "properties": {
        "@id": "way/1059566397",
        "addr:housenumber": "20",
        "addr:street": "Đường Ngô Thời Nhiệm",
        "amenity": "university",
        "name": "Trường Đại học Sài Gòn (cơ sở 3)",
        "@geometry": "center"
      },
      "geometry": {
        "type": "Point",
        "coordinates": [
          106.68855,
          10.7796751
        ]
      },
      "id": "way/1059566397"
    },
    {
      "type": "Feature",
      "properties": {
        "@id": "way/1078519146",
        "amenity": "university",
        "name": "Phân hiệu Học viện Hành chính và Quản trị công tại Thành phố Hồ Chí Minh",
        "@geometry": "center"
      },
      "geometry": {
        "type": "Point",
        "coordinates": [
          106.6761986,
          10.7734741
        ]
      },
      "id": "way/1078519146"
    },
    {
      "type": "Feature",
      "properties": {
        "@id": "way/1085954987",
        "addr:housenumber": "222",
        "addr:street": "Lê Văn Sỹ",
        "amenity": "university",
        "name": "Trường Đại học Sư phạm Thành phố Hồ Chí Minh (cơ sở 2)",
        "@geometry": "center"
      },
      "geometry": {
        "type": "Point",
        "coordinates": [
          106.6809856,
          10.7868154
        ]
      },
      "id": "way/1085954987"
    },
    {
      "type": "Feature",
      "properties": {
        "@id": "way/1085962671",
        "amenity": "university",
        "name": "Trường Đại học Mở Thành phố Hồ Chí Minh",
        "wikidata": "Q10829094",
        "@geometry": "center"
      },
      "geometry": {
        "type": "Point",
        "coordinates": [
          106.6922405,
          10.7611092
        ]
      },
      "id": "way/1085962671"
    },
    {
      "type": "Feature",
      "properties": {
        "@id": "way/1085965818",
        "amenity": "university",
        "education": "university",
        "name": "Trường Đại học Thuỷ Lợi - Cơ sở 2",
        "@geometry": "center"
      },
      "geometry": {
        "type": "Point",
        "coordinates": [
          106.7063694,
          10.7927721
        ]
      },
      "id": "way/1085965818"
    },
    {
      "type": "Feature",
      "properties": {
        "@id": "way/1087240207",
        "addr:housenumber": "183",
        "addr:street": "Đường Nam Kỳ Khởi Nghĩa",
        "amenity": "school",
        "check_date": "2025-03-29",
        "name": "Trường Tiểu học Nguyễn Thanh Tuyền",
        "@geometry": "center"
      },
      "geometry": {
        "type": "Point",
        "coordinates": [
          106.6878774,
          10.7857037
        ]
      },
      "id": "way/1087240207"
    },
    {
      "type": "Feature",
      "properties": {
        "@id": "way/1099441230",
        "addr:city": "Thành phố Hồ Chí Minh",
        "addr:district": "3",
        "addr:housenumber": "24",
        "addr:street": "Kỳ Đồng",
        "addr:subdistrict": "9",
        "amenity": "school",
        "education": "school",
        "name": "Trường Tiểu học Kỳ Đồng",
        "@geometry": "center"
      },
      "geometry": {
        "type": "Point",
        "coordinates": [
          106.6813008,
          10.7823514
        ]
      },
      "id": "way/1099441230"
    },
    {
      "type": "Feature",
      "properties": {
        "@id": "way/1133424698",
        "addr:district": "4",
        "addr:housenumber": "262",
        "addr:street": "Đường Khánh Hội",
        "addr:subdistrict": "5",
        "brand": "GS25",
        "brand:wikidata": "Q624041",
        "building": "retail",
        "name": "GS25",
        "opening_hours": "24/7",
        "shop": "convenience",
        "@geometry": "center"
      },
      "geometry": {
        "type": "Point",
        "coordinates": [
          106.6987372,
          10.7596299
        ]
      },
      "id": "way/1133424698"
    },
    {
      "type": "Feature",
      "properties": {
        "@id": "way/1152716049",
        "addr:city": "Thành phố Hồ Chí Minh",
        "addr:district": "Quận 3",
        "addr:housenumber": "16",
        "addr:street": "Ðường Số 3",
        "addr:subdistrict": "Phường 4",
        "amenity": "school",
        "check_date": "2025-08-16",
        "grades": "6-9",
        "name": "Trường Trung học cơ sở Bàn Cờ",
        "phone": "+84 28 3839 2848",
        "short_name": "Trường THCS Bàn Cờ",
        "website": "http://thcsbanco.hcm.edu.vn/",
        "@geometry": "center"
      },
      "geometry": {
        "type": "Point",
        "coordinates": [
          106.6821136,
          10.7729241
        ]
      },
      "id": "way/1152716049"
    },
    {
      "type": "Feature",
      "properties": {
        "@id": "way/1152922341",
        "addr:city": "Thành Phố Hồ Chí Minh",
        "addr:district": "Quận 3",
        "addr:housenumber": "4",
        "addr:street": "Đường Trần Quốc Thảo",
        "addr:subdistrict": "Phường 6",
        "amenity": "kindergarten",
        "barrier": "wall",
        "name": "Trường Mầm non Thành phố",
        "@geometry": "center"
      },
      "geometry": {
        "type": "Point",
        "coordinates": [
          106.6914963,
          10.7791114
        ]
      },
      "id": "way/1152922341"
    },
    {
      "type": "Feature",
      "properties": {
        "@id": "way/1153050941",
        "addr:city": "Ho Chi Minh City",
        "addr:district": "3",
        "addr:housenumber": "41",
        "addr:street": "Đường Tú Xương",
        "addr:subdistrict": "7",
        "amenity": "kindergarten",
        "barrier": "wall",
        "name": "Trường Mầm non Hoa Mai",
        "phone": "+84 28 3932 5464",
        "preschool": "yes",
        "@geometry": "center"
      },
      "geometry": {
        "type": "Point",
        "coordinates": [
          106.6863432,
          10.7802647
        ]
      },
      "id": "way/1153050941"
    },
    {
      "type": "Feature",
      "properties": {
        "@id": "way/1153751307",
        "amenity": "university",
        "barrier": "wall",
        "education": "university",
        "@geometry": "center"
      },
      "geometry": {
        "type": "Point",
        "coordinates": [
          106.6904387,
          10.7761555
        ]
      },
      "id": "way/1153751307"
    },
    {
      "type": "Feature",
      "properties": {
        "@id": "way/1154085673",
        "addr:housenumber": "147",
        "addr:street": "Đường Pasteur",
        "amenity": "school",
        "grades": "10-12",
        "name": "Phân hiệu Trung học phổ thông Lê Thị Hồng Gấm",
        "@geometry": "center"
      },
      "geometry": {
        "type": "Point",
        "coordinates": [
          106.6912904,
          10.7842505
        ]
      },
      "id": "way/1154085673"
    },
    {
      "type": "Feature",
      "properties": {
        "@id": "way/1158889693",
        "addr:city": "Ho Chi Minh City",
        "addr:district": "Bình Thạnh",
        "addr:housenumber": "14",
        "addr:postcode": "700000",
        "addr:province": "Hồ Chí Minh",
        "addr:street": "Đường Trần Quang Long",
        "addr:subdistrict": "Phường 19",
        "air_conditioning": "yes",
        "building": "yes",
        "description": "ＮＨÀ ＳÁＣＨ ＢＡＳＡＯ ® . 🔰Cửa hàng bên mình mở cửa cả tuần tại bình thạnh⭐️và đều có các bạn nhân viên sẽ nhiệt tình hỗ trợ các bạn nhé🌺 . facebook.com/basao_bookstore_stationery . ☎️ SĐT – Hotline(Zalo): 0982896297 ☎️ SĐT Bàn: 028 3840 3060",
        "email": "basao.net@gmail.com",
        "height": "20",
        "image": "https://www.facebook.com/photo/?fbid=741625830666086&set=a.741625813999421",
        "internet_access": "yes",
        "internet_access:fee": "customers",
        "name": "Nhà Sách Basao Stationery",
        "opening_hours": "Mo-Su 07:00-22:00",
        "operator": "Nhà Sách Basao",
        "payment:app": "yes",
        "payment:cards": "yes",
        "payment:cash": "yes",
        "payment:credit_cards": "yes",
        "payment:debit_cards": "yes",
        "payment:mastercard": "yes",
        "payment:visa": "yes",
        "phone": "0982896297",
        "shop": "supermarket",
        "start_date": "2006-08-02",
        "toilets": "yes",
        "website": "https://www.facebook.com/basao_bookstore_stationery",
        "wikipedia": "vi:https://zalo.me/84982896297",
        "@geometry": "center"
      },
      "geometry": {
        "type": "Point",
        "coordinates": [
          106.7115926,
          10.7905844
        ]
      },
      "id": "way/1158889693"
    },
    {
      "type": "Feature",
      "properties": {
        "@id": "way/1169320998",
        "addr:housenumber": "91",
        "addr:street": "Đường 3 Tháng 2",
        "amenity": "university",
        "name": "Đại học Kinh tế Thành phố Hồ Chí Minh - cơ sở C",
        "@geometry": "center"
      },
      "geometry": {
        "type": "Point",
        "coordinates": [
          106.6775483,
          10.7732129
        ]
      },
      "id": "way/1169320998"
    },
    {
      "type": "Feature",
      "properties": {
        "@id": "way/1169321000",
        "addr:housenumber": "196",
        "addr:street": "Đường Trần Quang Khải",
        "amenity": "university",
        "education": "university",
        "name": "Đại học Kinh tế Thành phố Hồ Chí Minh - cơ sở D",
        "@geometry": "center"
      },
      "geometry": {
        "type": "Point",
        "coordinates": [
          106.6884187,
          10.7918644
        ]
      },
      "id": "way/1169321000"
    },
    {
      "type": "Feature",
      "properties": {
        "@id": "way/1169331602",
        "addr:housenumber": "2",
        "addr:street": "Đường Nguyễn Tất Thành",
        "amenity": "university",
        "education": "university",
        "name": "Trường Đại học Luật Thành phố Hồ Chí Minh",
        "@geometry": "center"
      },
      "geometry": {
        "type": "Point",
        "coordinates": [
          106.7054623,
          10.7674479
        ]
      },
      "id": "way/1169331602"
    },
    {
      "type": "Feature",
      "properties": {
        "@id": "way/1185917703",
        "amenity": "school",
        "name": "Trường Trung học cơ sở Phan Sào Nam",
        "short_name": "Trường THCS Phan Sào Nam",
        "@geometry": "center"
      },
      "geometry": {
        "type": "Point",
        "coordinates": [
          106.6752299,
          10.7682254
        ]
      },
      "id": "way/1185917703"
    },
    {
      "type": "Feature",
      "properties": {
        "@id": "way/1207645816",
        "amenity": "school",
        "name": "Trường Tiểu học Cầu Kiệu",
        "@geometry": "center"
      },
      "geometry": {
        "type": "Point",
        "coordinates": [
          106.6819952,
          10.7964408
        ]
      },
      "id": "way/1207645816"
    },
    {
      "type": "Feature",
      "properties": {
        "@id": "way/1212006805",
        "addr:city": "Phường 3",
        "addr:district": "Quận 5",
        "addr:housenumber": "106",
        "addr:province": "Thành phố Hồ Chí Minh",
        "addr:street": "Đường Nguyễn Trãi",
        "addr:subdistrict": "Phường 3",
        "amenity": "school",
        "name": "Trường Tiểu học Bàu Sen",
        "@geometry": "center"
      },
      "geometry": {
        "type": "Point",
        "coordinates": [
          106.6789344,
          10.758456
        ]
      },
      "id": "way/1212006805"
    },
    {
      "type": "Feature",
      "properties": {
        "@id": "way/1216840368",
        "addr:housenumber": "32",
        "addr:street": "Hoa Sữa",
        "amenity": "school",
        "name": "Trường Trung học cơ sở Cầu Kiệu",
        "short_name": "Trường THCS Cầu Kiệu",
        "@geometry": "center"
      },
      "geometry": {
        "type": "Point",
        "coordinates": [
          106.6916483,
          10.7992289
        ]
      },
      "id": "way/1216840368"
    },
    {
      "type": "Feature",
      "properties": {
        "@id": "way/1229209736",
        "addr:city": "Ho Chi Minh City",
        "addr:district": "Quận 3",
        "addr:housenumber": "144",
        "addr:postcode": "73000",
        "addr:street": "Nguyễn Đình Chiểu",
        "addr:subdistrict": "Phường 6",
        "amenity": "school",
        "building": "yes",
        "education": "school",
        "email": "info@pathway.edu.vn",
        "name": "Trường Mầm non Pathway Tuệ Đức - Cơ sở Nguyễn Đình Chiểu, Quận 3",
        "phone": "+84901443483",
        "website": "https://pathway.edu.vn/",
        "@geometry": "center"
      },
      "geometry": {
        "type": "Point",
        "coordinates": [
          106.6937983,
          10.7829604
        ]
      },
      "id": "way/1229209736"
    },
    {
      "type": "Feature",
      "properties": {
        "@id": "way/1238370070",
        "amenity": "school",
        "education": "school",
        "name": "Trường Trung học cơ sở Tăng Bạt Hổ",
        "@geometry": "center"
      },
      "geometry": {
        "type": "Point",
        "coordinates": [
          106.7134631,
          10.7552372
        ]
      },
      "id": "way/1238370070"
    },
    {
      "type": "Feature",
      "properties": {
        "@id": "way/1238370071",
        "amenity": "kindergarten",
        "education": "kindergarten",
        "name": "Trường Mầm non Ban Mai",
        "preschool": "yes",
        "@geometry": "center"
      },
      "geometry": {
        "type": "Point",
        "coordinates": [
          106.7121526,
          10.7552161
        ]
      },
      "id": "way/1238370071"
    },
    {
      "type": "Feature",
      "properties": {
        "@id": "way/1244567326",
        "brand": "Ministop",
        "brand:wikidata": "Q1038929",
        "building": "yes",
        "name": "Ministop",
        "shop": "convenience",
        "@geometry": "center"
      },
      "geometry": {
        "type": "Point",
        "coordinates": [
          106.707286,
          10.795553
        ]
      },
      "id": "way/1244567326"
    },
    {
      "type": "Feature",
      "properties": {
        "@id": "node/1274090728",
        "amenity": "college",
        "education": "college",
        "name": "Trường Đại Học Ngân Hàng"
      },
      "geometry": {
        "type": "Point",
        "coordinates": [
          106.7047872,
          10.7704853
        ]
      },
      "id": "node/1274090728"
    },
    {
      "type": "Feature",
      "properties": {
        "@id": "way/1295556789",
        "addr:housenumber": "34",
        "addr:street": "Nguyễn Phi Khanh",
        "amenity": "kindergarten",
        "education": "kindergarten",
        "name": "Trường Mầm non Hoa Quỳnh",
        "preschool": "yes",
        "@geometry": "center"
      },
      "geometry": {
        "type": "Point",
        "coordinates": [
          106.6946807,
          10.7919222
        ]
      },
      "id": "way/1295556789"
    },
    {
      "type": "Feature",
      "properties": {
        "@id": "way/1295556792",
        "addr:housenumber": "26",
        "addr:street": "Đặng Dung",
        "amenity": "kindergarten",
        "education": "kindergarten",
        "name": "Trường Mầm non Tân Định",
        "@geometry": "center"
      },
      "geometry": {
        "type": "Point",
        "coordinates": [
          106.6907199,
          10.7928661
        ]
      },
      "id": "way/1295556792"
    },
    {
      "type": "Feature",
      "properties": {
        "@id": "way/1295556797",
        "addr:housenumber": "39",
        "addr:street": "Nguyễn Đình Chiểu",
        "amenity": "kindergarten",
        "education": "kindergarten",
        "name": "Trường Mầm non Lê Thị Riêng",
        "@geometry": "center"
      },
      "geometry": {
        "type": "Point",
        "coordinates": [
          106.6967974,
          10.7851591
        ]
      },
      "id": "way/1295556797"
    },
    {
      "type": "Feature",
      "properties": {
        "@id": "way/1295556801",
        "addr:housenumber": "108",
        "addr:street": "Nguyễn Đình Chiểu",
        "amenity": "kindergarten",
        "education": "kindergarten",
        "name": "Trường Mầm non Bé Ngoan",
        "@geometry": "center"
      },
      "geometry": {
        "type": "Point",
        "coordinates": [
          106.6971831,
          10.7864031
        ]
      },
      "id": "way/1295556801"
    },
    {
      "type": "Feature",
      "properties": {
        "@id": "way/1295556802",
        "addr:housenumber": "1",
        "addr:street": "Nguyễn Bỉnh Khiêm",
        "amenity": "kindergarten",
        "education": "kindergarten",
        "name": "Trường Mầm non Hoa Lư",
        "@geometry": "center"
      },
      "geometry": {
        "type": "Point",
        "coordinates": [
          106.7074271,
          10.7845498
        ]
      },
      "id": "way/1295556802"
    },
    {
      "type": "Feature",
      "properties": {
        "@id": "way/1295638387",
        "addr:housenumber": "137A",
        "addr:street": "Nguyễn Trãi",
        "amenity": "kindergarten",
        "education": "kindergarten",
        "name": "Trường Mầm non Tuổi Thơ",
        "@geometry": "center"
      },
      "geometry": {
        "type": "Point",
        "coordinates": [
          106.6906451,
          10.7691878
        ]
      },
      "id": "way/1295638387"
    },
    {
      "type": "Feature",
      "properties": {
        "@id": "way/1295638390",
        "addr:housenumber": "104",
        "addr:street": "Bùi Thị Xuân",
        "amenity": "kindergarten",
        "education": "kindergarten",
        "name": "Trường Mầm non Bến Thành",
        "@geometry": "center"
      },
      "geometry": {
        "type": "Point",
        "coordinates": [
          106.6890719,
          10.7710016
        ]
      },
      "id": "way/1295638390"
    },
    {
      "type": "Feature",
      "properties": {
        "@id": "way/1295638394",
        "addr:housenumber": "181",
        "addr:street": "Hoàng Sa",
        "amenity": "school",
        "education": "school",
        "email": "thtrankhanhduq1@quan01.hcm.edu.vn",
        "grades": "1-5",
        "name": "Trường Tiểu học Trần Khánh Dư",
        "phone": "+84 028 38484255;+84 028 38481680",
        "website": "https://thtrankhanhdu.hcm.edu.vn/",
        "@geometry": "center"
      },
      "geometry": {
        "type": "Point",
        "coordinates": [
          106.6917371,
          10.7948471
        ]
      },
      "id": "way/1295638394"
    },
    {
      "type": "Feature",
      "properties": {
        "@id": "way/1295638395",
        "addr:housenumber": "2",
        "addr:street": "Ðinh Công Tráng",
        "amenity": "school",
        "building": "school",
        "building:levels": "5",
        "education": "school",
        "email": "thduocsongq1@quan01.hcm.edu.vn",
        "grades": "1-5",
        "name": "Trường Tiểu học Đuốc Sống",
        "phone": "+84 028 38290977",
        "roof:levels": "0",
        "roof:shape": "flat",
        "website": "https://thduocsong.hcm.edu.vn/",
        "@geometry": "center"
      },
      "geometry": {
        "type": "Point",
        "coordinates": [
          106.6919004,
          10.7903754
        ]
      },
      "id": "way/1295638395"
    },
    {
      "type": "Feature",
      "properties": {
        "@id": "way/1295735902",
        "addr:housenumber": "93-95A",
        "addr:street": "Lê Thị Riêng",
        "amenity": "school",
        "education": "school",
        "grades": "1-5",
        "name": "Trường Tiểu học Nguyễn Huệ",
        "name:en": "Nguyen Hue Primary School",
        "phone": "+84 028 38392847",
        "website": "https://thnguyenhueq1.hcm.edu.vn/",
        "@geometry": "center"
      },
      "geometry": {
        "type": "Point",
        "coordinates": [
          106.6909837,
          10.7708629
        ]
      },
      "id": "way/1295735902"
    },
    {
      "type": "Feature",
      "properties": {
        "@id": "way/1295735911",
        "addr:housenumber": "33",
        "addr:street": "Trần Nguyên Đán",
        "amenity": "school",
        "education": "school",
        "grades": "1-5",
        "name": "Trường Tiểu học Trần Quang Khải (cơ sở 1)",
        "website": "https://thtranqgkhaiq1.hcm.edu.vn/",
        "@geometry": "center"
      },
      "geometry": {
        "type": "Point",
        "coordinates": [
          106.6933558,
          10.7932414
        ]
      },
      "id": "way/1295735911"
    },
    {
      "type": "Feature",
      "properties": {
        "@id": "way/1295735914",
        "addr:housenumber": "60",
        "addr:street": "Võ Thị Sáu",
        "amenity": "school",
        "education": "school",
        "grades": "1-5",
        "name": "Trường Tiểu học Trần Quang Khải (cơ sở 2)",
        "website": "https://thtranqgkhaiq1.hcm.edu.vn/",
        "@geometry": "center"
      },
      "geometry": {
        "type": "Point",
        "coordinates": [
          106.6934156,
          10.7896161
        ]
      },
      "id": "way/1295735914"
    },
    {
      "type": "Feature",
      "properties": {
        "@id": "way/1295735915",
        "addr:housenumber": "43",
        "addr:street": "Phạm Viết Chánh",
        "amenity": "school",
        "grades": "1-5",
        "name": "Trường Tiểu học Phan Văn Trị",
        "phone": "+84 028 38392849",
        "website": "https://thphanvantriq1.hcm.edu.vn/",
        "@geometry": "center"
      },
      "geometry": {
        "type": "Point",
        "coordinates": [
          106.6843948,
          10.7669102
        ]
      },
      "id": "way/1295735915"
    },
    {
      "type": "Feature",
      "properties": {
        "@id": "way/1295735917",
        "addr:housenumber": "494",
        "addr:street": "Đường Võ Văn Kiệt",
        "amenity": "school",
        "grades": "1-5",
        "name": "Trường Tiểu học Chương Dương",
        "phone": "+84 028 38369440",
        "website": "https://thchuongduongq1.hcm.edu.vn/",
        "@geometry": "center"
      },
      "geometry": {
        "type": "Point",
        "coordinates": [
          106.691148,
          10.7585805
        ]
      },
      "id": "way/1295735917"
    },
    {
      "type": "Feature",
      "properties": {
        "@id": "way/1295735921",
        "addr:housenumber": "12",
        "addr:street": "Sương Nguyệt Anh",
        "amenity": "school",
        "education": "school",
        "grades": "1-5",
        "name": "Trường Tiểu học Lê Ngọc Hân",
        "phone": "+84 028 38391563",
        "website": "https://thlengochan.hcm.edu.vn/",
        "@geometry": "center"
      },
      "geometry": {
        "type": "Point",
        "coordinates": [
          106.6894865,
          10.7727936
        ]
      },
      "id": "way/1295735921"
    },
    {
      "type": "Feature",
      "properties": {
        "@id": "way/1295735926",
        "addr:housenumber": "115",
        "addr:street": "Cống Quỳnh",
        "amenity": "school",
        "grades": "6-9",
        "name": "Trường Trung học cơ sở Chu Văn An",
        "website": "https://thcschuvananq1.hcm.edu.vn/",
        "@geometry": "center"
      },
      "geometry": {
        "type": "Point",
        "coordinates": [
          106.6898508,
          10.7650724
        ]
      },
      "id": "way/1295735926"
    },
    {
      "type": "Feature",
      "properties": {
        "@id": "way/1295735928",
        "addr:housenumber": "59-61",
        "addr:street": "Huỳnh Khương Ninh",
        "amenity": "school",
        "education": "school",
        "grades": "6-9",
        "name": "Trường Trung học cơ sở Huỳnh Khương Ninh",
        "website": "https://thcshuynhkhuongninh.hcm.edu.vn/",
        "@geometry": "center"
      },
      "geometry": {
        "type": "Point",
        "coordinates": [
          106.6957511,
          10.7893037
        ]
      },
      "id": "way/1295735928"
    },
    {
      "type": "Feature",
      "properties": {
        "@id": "way/1302023347",
        "addr:housenumber": "3-5",
        "addr:street": "Hẻm 378 Đường Điện Biên Phủ",
        "amenity": "school",
        "grades": "1-5",
        "name": "Trường Tiểu học Điện Biên",
        "name:en": "Dien Bien Priamry School",
        "@geometry": "center"
      },
      "geometry": {
        "type": "Point",
        "coordinates": [
          106.6797789,
          10.7743265
        ]
      },
      "id": "way/1302023347"
    },
    {
      "type": "Feature",
      "properties": {
        "@id": "way/1302034687",
        "addr:housenumber": "36",
        "addr:street": "Hẻm 285 Đường Cách Mạng Tháng 8",
        "amenity": "school",
        "grades": "6-9",
        "name": "Trường Trung học cơ sở Cách Mạng Tháng Tám",
        "@geometry": "center"
      },
      "geometry": {
        "type": "Point",
        "coordinates": [
          106.6785333,
          10.7784166
        ]
      },
      "id": "way/1302034687"
    },
    {
      "type": "Feature",
      "properties": {
        "@id": "way/1424919844",
        "amenity": "school",
        "name": "Trường Tiểu học Nguyễn Thái Sơn",
        "@geometry": "center"
      },
      "geometry": {
        "type": "Point",
        "coordinates": [
          106.6884089,
          10.7890552
        ]
      },
      "id": "way/1424919844"
    },
    {
      "type": "Feature",
      "properties": {
        "@id": "way/1436708276",
        "admin_level": "6",
        "boundary": "administrative",
        "shop": "supermarket",
        "@geometry": "center"
      },
      "geometry": {
        "type": "Point",
        "coordinates": [
          106.6904463,
          10.7647268
        ]
      },
      "id": "way/1436708276"
    },
    {
      "type": "Feature",
      "properties": {
        "@id": "way/1460675591",
        "addr:city": "Ho Chi Minh City",
        "addr:district": "Quận 10",
        "addr:housenumber": "2H",
        "addr:street": "Trần Nhân Tôn",
        "brand": "Circle K",
        "brand:wikidata": "Q3268010",
        "building": "yes",
        "name": "Circle K",
        "shop": "convenience",
        "@geometry": "center"
      },
      "geometry": {
        "type": "Point",
        "coordinates": [
          106.6751014,
          10.7616729
        ]
      },
      "id": "way/1460675591"
    },
    {
      "type": "Feature",
      "properties": {
        "@id": "way/1463680051",
        "addr:housenumber": "107",
        "addr:street": "Đường Trần Bình Trọng",
        "amenity": "kindergarten",
        "education": "kindergarten",
        "name": "Trường Mầm non Vành Khuyên",
        "@geometry": "center"
      },
      "geometry": {
        "type": "Point",
        "coordinates": [
          106.680984,
          10.7559458
        ]
      },
      "id": "way/1463680051"
    },
    {
      "type": "Feature",
      "properties": {
        "@id": "way/1468822151",
        "addr:city": "Thành phố Hồ Chí Minh",
        "addr:district": "Quận 1",
        "addr:housenumber": "79",
        "addr:province": "Thành phố Hồ Chí Minh",
        "addr:street": "Trần Khắc Chân",
        "addr:subdistrict": "Phường Tân Định",
        "brand": "Ministop",
        "brand:wikidata": "Q1038929",
        "building": "retail",
        "name": "Ministop",
        "opening_hours": "24/7",
        "shop": "convenience",
        "@geometry": "center"
      },
      "geometry": {
        "type": "Point",
        "coordinates": [
          106.6909044,
          10.7944626
        ]
      },
      "id": "way/1468822151"
    },
    {
      "type": "Feature",
      "properties": {
        "@id": "way/1471524212",
        "brand": "7-Eleven",
        "brand:wikidata": "Q259340",
        "brand:wikipedia": "en:7-Eleven",
        "building": "yes",
        "name": "7-Eleven",
        "opening_hours": "24/7",
        "operator": "7-Eleven",
        "payment:cash": "yes",
        "payment:credit_cards": "yes",
        "payment:debit_cards": "yes",
        "shop": "convenience",
        "@geometry": "center"
      },
      "geometry": {
        "type": "Point",
        "coordinates": [
          106.6899345,
          10.7918529
        ]
      },
      "id": "way/1471524212"
    },
    {
      "type": "Feature",
      "properties": {
        "@id": "way/1474294609",
        "brand": "GS25",
        "brand:wikidata": "Q624041",
        "building": "yes",
        "name": "GS25",
        "shop": "convenience",
        "@geometry": "center"
      },
      "geometry": {
        "type": "Point",
        "coordinates": [
          106.7066224,
          10.7588275
        ]
      },
      "id": "way/1474294609"
    },
    {
      "type": "Feature",
      "properties": {
        "@id": "way/1476564118",
        "brand": "Ministop",
        "brand:wikidata": "Q1038929",
        "building": "yes",
        "name": "Ministop",
        "shop": "convenience",
        "@geometry": "center"
      },
      "geometry": {
        "type": "Point",
        "coordinates": [
          106.6921041,
          10.7904905
        ]
      },
      "id": "way/1476564118"
    },
    {
      "type": "Feature",
      "properties": {
        "@id": "way/1489501128",
        "addr:city": "Ho Chi Minh City",
        "addr:district": "Quận 1",
        "addr:housenumber": "207",
        "addr:province": "Thành phố Hồ Chí Minh",
        "addr:street": "Phạm Ngũ Lão",
        "addr:subdistrict": "Phường Bến Thành",
        "brand": "7-Eleven",
        "brand:wikidata": "Q259340",
        "building": "yes",
        "name": "7-Eleven",
        "shop": "convenience",
        "@geometry": "center"
      },
      "geometry": {
        "type": "Point",
        "coordinates": [
          106.6930277,
          10.7684138
        ]
      },
      "id": "way/1489501128"
    },
    {
      "type": "Feature",
      "properties": {
        "@id": "way/1507378789",
        "addr:housenumber": "2",
        "addr:street": "Mai Thị Lựu",
        "amenity": "college",
        "education": "college",
        "name": "Trường Cao đẳng Kỹ thuật Nguyễn Trường Tộ",
        "@geometry": "center"
      },
      "geometry": {
        "type": "Point",
        "coordinates": [
          106.7003469,
          10.7905344
        ]
      },
      "id": "way/1507378789"
    },
    {
      "type": "Feature",
      "properties": {
        "@id": "way/1507378792",
        "addr:housenumber": "161B",
        "addr:street": "Nguyễn Văn Thủ",
        "amenity": "school",
        "education": "school",
        "isced:level": "2",
        "name": "Trường Trung học cơ sở Trần Văn Ơn",
        "@geometry": "center"
      },
      "geometry": {
        "type": "Point",
        "coordinates": [
          106.6980212,
          10.7880646
        ]
      },
      "id": "way/1507378792"
    },
    {
      "type": "Feature",
      "properties": {
        "@id": "way/1527137541",
        "building": "yes",
        "name": "Saigon Garden",
        "shop": "mall",
        "@geometry": "center"
      },
      "geometry": {
        "type": "Point",
        "coordinates": [
          106.7037938,
          10.7733315
        ]
      },
      "id": "way/1527137541"
    },
    {
      "type": "Feature",
      "properties": {
        "@id": "way/1530022335",
        "addr:housenumber": "319",
        "addr:street": "Đường Nguyễn Trãi",
        "building": "yes",
        "name": "999",
        "shop": "convenience",
        "@geometry": "center"
      },
      "geometry": {
        "type": "Point",
        "coordinates": [
          106.6755435,
          10.7559397
        ]
      },
      "id": "way/1530022335"
    },
    {
      "type": "Feature",
      "properties": {
        "@id": "way/1533420446",
        "addr:housenumber": "31",
        "addr:street": "Nguyễn Đình Chiểu",
        "amenity": "kindergarten",
        "name": "Trường Mầm non Lê Thị Riêng (điểm 2)",
        "@geometry": "center"
      },
      "geometry": {
        "type": "Point",
        "coordinates": [
          106.6975549,
          10.7860443
        ]
      },
      "id": "way/1533420446"
    },
    {
      "type": "Feature",
      "properties": {
        "@id": "way/1538947028",
        "amenity": "marketplace",
        "name": "Chợ Xóm Chiếu",
        "name:en": "Xom Chieu Market",
        "name:id": "Pasar Xom Chieu",
        "name:zh": "坫𥴜市場",
        "@geometry": "center"
      },
      "geometry": {
        "type": "Point",
        "coordinates": [
          106.7060968,
          10.7635086
        ]
      },
      "id": "way/1538947028"
    },
    {
      "type": "Feature",
      "properties": {
        "@id": "node/1597982717",
        "name": "Maximart",
        "shop": "supermarket"
      },
      "geometry": {
        "type": "Point",
        "coordinates": [
          106.6811112,
          10.7769187
        ]
      },
      "id": "node/1597982717"
    },
    {
      "type": "Feature",
      "properties": {
        "@id": "node/1769477893",
        "addr:housename": "Vinatex Mart",
        "brand": "WinMart+",
        "brand:wikidata": "Q113236478",
        "name": "WinMart+",
        "not:brand:wikidata": "Q60245505",
        "shop": "convenience"
      },
      "geometry": {
        "type": "Point",
        "coordinates": [
          106.7001948,
          10.7560655
        ]
      },
      "id": "node/1769477893"
    },
    {
      "type": "Feature",
      "properties": {
        "@id": "node/1770597594",
        "addr:housenumber": "56",
        "addr:street": "Phó Ðức Chính",
        "brand": "FamilyMart",
        "brand:wikidata": "Q11247682",
        "name": "FamilyMart",
        "name:en": "FamilyMart",
        "name:vi": "FamilyMart",
        "shop": "convenience",
        "website": "http://www.vinafamilymart.com.vn"
      },
      "geometry": {
        "type": "Point",
        "coordinates": [
          106.7001682,
          10.7692304
        ]
      },
      "id": "node/1770597594"
    },
    {
      "type": "Feature",
      "properties": {
        "@id": "node/1770597640",
        "shop": "supermarket"
      },
      "geometry": {
        "type": "Point",
        "coordinates": [
          106.704673,
          10.7737618
        ]
      },
      "id": "node/1770597640"
    },
    {
      "type": "Feature",
      "properties": {
        "@id": "node/1779408189",
        "amenity": "marketplace",
        "name": "Chợ Cầu Dừa",
        "name:en": "Cau Dua Market",
        "name:zh": "椰桥市场"
      },
      "geometry": {
        "type": "Point",
        "coordinates": [
          106.694865,
          10.758802
        ]
      },
      "id": "node/1779408189"
    },
    {
      "type": "Feature",
      "properties": {
        "@id": "node/1933276047",
        "brand": "Circle K",
        "brand:wikidata": "Q3268010",
        "name": "Circle K",
        "shop": "convenience"
      },
      "geometry": {
        "type": "Point",
        "coordinates": [
          106.6894985,
          10.7709168
        ]
      },
      "id": "node/1933276047"
    },
    {
      "type": "Feature",
      "properties": {
        "@id": "node/1938960542",
        "name": "Shop&Go!",
        "shop": "convenience"
      },
      "geometry": {
        "type": "Point",
        "coordinates": [
          106.6904496,
          10.7718769
        ]
      },
      "id": "node/1938960542"
    },
    {
      "type": "Feature",
      "properties": {
        "@id": "node/1969579596",
        "addr:housenumber": "53",
        "addr:street": "Nguyễn Du",
        "brand": "Circle K",
        "brand:wikidata": "Q3268010",
        "name": "Circle K",
        "shop": "convenience"
      },
      "geometry": {
        "type": "Point",
        "coordinates": [
          106.7007494,
          10.7796921
        ]
      },
      "id": "node/1969579596"
    },
    {
      "type": "Feature",
      "properties": {
        "@id": "node/1987943080",
        "addr:housenumber": "105C",
        "addr:street": "Bến Vân Đồn",
        "name": "Shop&Go!",
        "shop": "convenience"
      },
      "geometry": {
        "type": "Point",
        "coordinates": [
          106.7011229,
          10.764179
        ]
      },
      "id": "node/1987943080"
    },
    {
      "type": "Feature",
      "properties": {
        "@id": "node/1998781602",
        "addr:housenumber": "243",
        "addr:street": "Hai Bà Trưng",
        "name": "Cửa Hàng Tiện Lợi Shop & Go",
        "shop": "convenience",
        "source": "survey"
      },
      "geometry": {
        "type": "Point",
        "coordinates": [
          106.6925533,
          10.7872473
        ]
      },
      "id": "node/1998781602"
    },
    {
      "type": "Feature",
      "properties": {
        "@id": "node/2022545818",
        "amenity": "school",
        "check_date": "2025-05-30",
        "education": "school",
        "name": "Trường Tiểu Học Phù Đổng"
      },
      "geometry": {
        "type": "Point",
        "coordinates": [
          106.7081317,
          10.7930619
        ]
      },
      "id": "node/2022545818"
    },
    {
      "type": "Feature",
      "properties": {
        "@id": "node/2131959235",
        "addr:housenumber": "254",
        "addr:street": "Nguyễn Công Trứ",
        "name": "Shop&Go!",
        "shop": "convenience",
        "source": "survey"
      },
      "geometry": {
        "type": "Point",
        "coordinates": [
          106.7002265,
          10.7674953
        ]
      },
      "id": "node/2131959235"
    },
    {
      "type": "Feature",
      "properties": {
        "@id": "node/2141010789",
        "addr:city": "Thành phố Hồ Chí Minh",
        "addr:district": "Quận 1",
        "addr:housenumber": "16-18",
        "addr:street": "Hai Bà Trưng",
        "email": "haibatrung@annam-gourmet.com",
        "name": "Siêu Thị Online Annam Gourmet",
        "opening_hours": "Mo-Su 07:00-21:00",
        "phone": "08 3822 9332",
        "shop": "supermarket",
        "website": "https://www.annam-gourmet.com/"
      },
      "geometry": {
        "type": "Point",
        "coordinates": [
          106.7050958,
          10.7767779
        ]
      },
      "id": "node/2141010789"
    },
    {
      "type": "Feature",
      "properties": {
        "@id": "node/2176765019",
        "diet:gluten_free": "yes",
        "diet:halal": "yes",
        "name": "Co.opmart Nhiêu Lộc",
        "shop": "supermarket"
      },
      "geometry": {
        "type": "Point",
        "coordinates": [
          106.6755113,
          10.7864217
        ]
      },
      "id": "node/2176765019"
    },
    {
      "type": "Feature",
      "properties": {
        "@id": "node/2230876888",
        "amenity": "school",
        "name": "Renaissance International School SaiGon RISS"
      },
      "geometry": {
        "type": "Point",
        "coordinates": [
          106.6869549,
          10.7817518
        ]
      },
      "id": "node/2230876888"
    },
    {
      "type": "Feature",
      "properties": {
        "@id": "node/2231153406",
        "amenity": "school",
        "education": "school",
        "name": "Trường Cao Đẳng An Ninh Mạng ISPACE"
      },
      "geometry": {
        "type": "Point",
        "coordinates": [
          106.6954845,
          10.7954204
        ]
      },
      "id": "node/2231153406"
    },
    {
      "type": "Feature",
      "properties": {
        "@id": "node/2231189219",
        "amenity": "kindergarten",
        "education": "kindergarten"
      },
      "geometry": {
        "type": "Point",
        "coordinates": [
          106.697523,
          10.7847659
        ]
      },
      "id": "node/2231189219"
    },
    {
      "type": "Feature",
      "properties": {
        "@id": "node/2231242931",
        "amenity": "university",
        "name": "Trường Đại Học Ngoại Ngữ-Tin Học HCM"
      },
      "geometry": {
        "type": "Point",
        "coordinates": [
          106.6854335,
          10.7887138
        ]
      },
      "id": "node/2231242931"
    },
    {
      "type": "Feature",
      "properties": {
        "@id": "node/2341640693",
        "addr:housenumber": "97",
        "addr:street": "Võ Văn Tần",
        "amenity": "university",
        "education": "university",
        "name": "Trường Đại học Mở Thành phố Hồ Chí Minh",
        "opening_hours": "Mo-Su 07:00-22:00",
        "phone": "0839300210",
        "website": "https://ou.edu.vn/",
        "wikidata": "Q10829094",
        "wikimedia_commons": "Category:Ho Chi Minh City Open University",
        "wikipedia": "vi:Trường Đại học Mở Thành phố Hồ Chí Minh"
      },
      "geometry": {
        "type": "Point",
        "coordinates": [
          106.6903617,
          10.7761576
        ]
      },
      "id": "node/2341640693"
    },
    {
      "type": "Feature",
      "properties": {
        "@id": "node/2931145601",
        "addr:street": "Hồ Tùng Mậu",
        "brand": "Circle K",
        "brand:wikidata": "Q3268010",
        "name": "Circle K",
        "shop": "convenience"
      },
      "geometry": {
        "type": "Point",
        "coordinates": [
          106.703707,
          10.77194
        ]
      },
      "id": "node/2931145601"
    },
    {
      "type": "Feature",
      "properties": {
        "@id": "node/2934266207",
        "branch": "46 Thủ Khoa Huân",
        "brand": "Circle K",
        "brand:wikidata": "Q3268010",
        "brand:wikipedia": "en:Circle K",
        "name": "Circle K",
        "shop": "convenience"
      },
      "geometry": {
        "type": "Point",
        "coordinates": [
          106.6966499,
          10.7744175
        ]
      },
      "id": "node/2934266207"
    },
    {
      "type": "Feature",
      "properties": {
        "@id": "node/2948812333",
        "name": "Citimart",
        "name:vi": "Citi MK",
        "shop": "supermarket"
      },
      "geometry": {
        "type": "Point",
        "coordinates": [
          106.69973,
          10.784261
        ]
      },
      "id": "node/2948812333"
    },
    {
      "type": "Feature",
      "properties": {
        "@id": "node/2954487133",
        "addr:street": "Đường Vĩnh Khánh",
        "brand": "Circle K",
        "brand:wikidata": "Q3268010",
        "name": "Circle K",
        "shop": "convenience"
      },
      "geometry": {
        "type": "Point",
        "coordinates": [
          106.702183,
          10.761571
        ]
      },
      "id": "node/2954487133"
    },
    {
      "type": "Feature",
      "properties": {
        "@id": "node/3116315713",
        "brand": "Circle K",
        "brand:wikidata": "Q3268010",
        "name": "Circle K",
        "shop": "convenience"
      },
      "geometry": {
        "type": "Point",
        "coordinates": [
          106.6809755,
          10.7603293
        ]
      },
      "id": "node/3116315713"
    },
    {
      "type": "Feature",
      "properties": {
        "@id": "node/3197117890",
        "addr:housenumber": "76",
        "addr:street": "Phan Xích Long",
        "amenity": "college",
        "name": "Trường CĐ Kinh Tế Đối Ngoại Thành phố Hồ Chí Minh"
      },
      "geometry": {
        "type": "Point",
        "coordinates": [
          106.6850579,
          10.7997159
        ]
      },
      "id": "node/3197117890"
    },
    {
      "type": "Feature",
      "properties": {
        "@id": "node/3240599927",
        "name": "Cửa Hàng Tiện Lợi Shop&Go!",
        "shop": "convenience"
      },
      "geometry": {
        "type": "Point",
        "coordinates": [
          106.6935132,
          10.7896718
        ]
      },
      "id": "node/3240599927"
    },
    {
      "type": "Feature",
      "properties": {
        "@id": "node/3257659064",
        "brand": "Circle K",
        "brand:wikidata": "Q3268010",
        "name": "Circle K",
        "shop": "convenience"
      },
      "geometry": {
        "type": "Point",
        "coordinates": [
          106.7047402,
          10.7769943
        ]
      },
      "id": "node/3257659064"
    },
    {
      "type": "Feature",
      "properties": {
        "@id": "node/3319583926",
        "brand": "Circle K",
        "brand:wikidata": "Q3268010",
        "internet_access": "wlan",
        "internet_access:fee": "no",
        "name": "Circle K",
        "name:en": "Circle k",
        "phone": "+84 8 3914 1199",
        "shop": "convenience",
        "tourism": "hotel",
        "website": "http://www.signaturesaigonhotel.com/"
      },
      "geometry": {
        "type": "Point",
        "coordinates": [
          106.7000459,
          10.7694431
        ]
      },
      "id": "node/3319583926"
    },
    {
      "type": "Feature",
      "properties": {
        "@id": "node/3638294208",
        "amenity": "school",
        "education": "school",
        "name": "Trường Trung học cơ sở Văn Lang"
      },
      "geometry": {
        "type": "Point",
        "coordinates": [
          106.6878489,
          10.7929112
        ]
      },
      "id": "node/3638294208"
    },
    {
      "type": "Feature",
      "properties": {
        "@id": "node/3806605583",
        "brand": "Circle K",
        "brand:wikidata": "Q3268010",
        "name": "Circle K",
        "shop": "convenience"
      },
      "geometry": {
        "type": "Point",
        "coordinates": [
          106.6900541,
          10.7764437
        ]
      },
      "id": "node/3806605583"
    },
    {
      "type": "Feature",
      "properties": {
        "@id": "node/3806622346",
        "brand": "Circle K",
        "brand:wikidata": "Q3268010",
        "name": "Circle K",
        "shop": "convenience"
      },
      "geometry": {
        "type": "Point",
        "coordinates": [
          106.6878337,
          10.7706331
        ]
      },
      "id": "node/3806622346"
    },
    {
      "type": "Feature",
      "properties": {
        "@id": "node/3806622348",
        "brand": "FamilyMart",
        "brand:wikidata": "Q11247682",
        "name": "FamilyMart",
        "shop": "convenience"
      },
      "geometry": {
        "type": "Point",
        "coordinates": [
          106.6907412,
          10.7671517
        ]
      },
      "id": "node/3806622348"
    },
    {
      "type": "Feature",
      "properties": {
        "@id": "node/3806622349",
        "brand": "Circle K",
        "brand:wikidata": "Q3268010",
        "name": "Circle K",
        "shop": "convenience"
      },
      "geometry": {
        "type": "Point",
        "coordinates": [
          106.6910328,
          10.7668186
        ]
      },
      "id": "node/3806622349"
    },
    {
      "type": "Feature",
      "properties": {
        "@id": "node/3806622352",
        "brand": "FamilyMart",
        "brand:wikidata": "Q11247682",
        "check_date": "2024-01-21",
        "level": "0",
        "name": "FamilyMart",
        "payment:cash": "yes",
        "payment:mastercard": "yes",
        "payment:visa": "yes",
        "shop": "convenience",
        "wheelchair": "no"
      },
      "geometry": {
        "type": "Point",
        "coordinates": [
          106.6903148,
          10.7767692
        ]
      },
      "id": "node/3806622352"
    },
    {
      "type": "Feature",
      "properties": {
        "@id": "node/3899274114",
        "brand": "Ministop",
        "brand:wikidata": "Q1038929",
        "name": "Ministop",
        "shop": "convenience"
      },
      "geometry": {
        "type": "Point",
        "coordinates": [
          106.6848633,
          10.7674283
        ]
      },
      "id": "node/3899274114"
    },
    {
      "type": "Feature",
      "properties": {
        "@id": "node/3899274115",
        "name": "Siêu Thị C&C",
        "shop": "supermarket"
      },
      "geometry": {
        "type": "Point",
        "coordinates": [
          106.6877461,
          10.7666709
        ]
      },
      "id": "node/3899274115"
    },
    {
      "type": "Feature",
      "properties": {
        "@id": "node/3928108846",
        "name": "Street Food Market",
        "shop": "supermarket"
      },
      "geometry": {
        "type": "Point",
        "coordinates": [
          106.6975615,
          10.7736896
        ]
      },
      "id": "node/3928108846"
    },
    {
      "type": "Feature",
      "properties": {
        "@id": "node/4104839265",
        "brand": "FamilyMart",
        "brand:wikidata": "Q11247682",
        "name": "FamilyMart",
        "shop": "convenience"
      },
      "geometry": {
        "type": "Point",
        "coordinates": [
          106.7013849,
          10.7862265
        ]
      },
      "id": "node/4104839265"
    },
    {
      "type": "Feature",
      "properties": {
        "@id": "node/4127245590",
        "brand": "FamilyMart",
        "brand:wikidata": "Q11247682",
        "name": "FamilyMart",
        "shop": "convenience"
      },
      "geometry": {
        "type": "Point",
        "coordinates": [
          106.6937195,
          10.7678389
        ]
      },
      "id": "node/4127245590"
    },
    {
      "type": "Feature",
      "properties": {
        "@id": "node/4131363694",
        "addr:housenumber": "176-181",
        "addr:street": "Hai Bà Trưng",
        "name": "Trung Tâm Mua Sắm Sài Gòn Square 3",
        "shop": "supermarket"
      },
      "geometry": {
        "type": "Point",
        "coordinates": [
          106.6944333,
          10.7858096
        ]
      },
      "id": "node/4131363694"
    },
    {
      "type": "Feature",
      "properties": {
        "@id": "node/4138575689",
        "addr:street": "Hồ Thị Kỷ",
        "amenity": "marketplace",
        "name": "Chợ Campuchia"
      },
      "geometry": {
        "type": "Point",
        "coordinates": [
          106.6776016,
          10.7633674
        ]
      },
      "id": "node/4138575689"
    },
    {
      "type": "Feature",
      "properties": {
        "@id": "node/4193547976",
        "name": "Shop&Go!",
        "shop": "convenience"
      },
      "geometry": {
        "type": "Point",
        "coordinates": [
          106.7002789,
          10.7791798
        ]
      },
      "id": "node/4193547976"
    },
    {
      "type": "Feature",
      "properties": {
        "@id": "node/4210808189",
        "brand": "FamilyMart",
        "brand:wikidata": "Q11247682",
        "name": "FamilyMart",
        "shop": "convenience"
      },
      "geometry": {
        "type": "Point",
        "coordinates": [
          106.6969272,
          10.7736195
        ]
      },
      "id": "node/4210808189"
    },
    {
      "type": "Feature",
      "properties": {
        "@id": "node/4384877966",
        "brand": "WinMart+",
        "brand:wikidata": "Q113236478",
        "name": "WinMart+",
        "shop": "convenience",
        "wheelchair": "no"
      },
      "geometry": {
        "type": "Point",
        "coordinates": [
          106.6766049,
          10.7935964
        ]
      },
      "id": "node/4384877966"
    },
    {
      "type": "Feature",
      "properties": {
        "@id": "node/4385034681",
        "amenity": "school",
        "name": "Trung Tâm Anh Ngữ Việt Mỹ"
      },
      "geometry": {
        "type": "Point",
        "coordinates": [
          106.6768275,
          10.7946233
        ]
      },
      "id": "node/4385034681"
    },
    {
      "type": "Feature",
      "properties": {
        "@id": "node/4398590291",
        "addr:housenumber": "12",
        "addr:street": "Rạch Bùng Binh",
        "internet_access": "wlan",
        "name": "Miquafood",
        "name:vi": "Miquafood12",
        "opening_hours": "Mo-Sa 08:00-06:00",
        "phone": "0839351797",
        "shop": "convenience",
        "website": "https://miquafood.com/"
      },
      "geometry": {
        "type": "Point",
        "coordinates": [
          106.6788282,
          10.7797088
        ]
      },
      "id": "node/4398590291"
    },
    {
      "type": "Feature",
      "properties": {
        "@id": "node/4469923095",
        "addr:street": "Lê Văn Sỹ",
        "amenity": "school",
        "name": "Trường Tiểu Học Trương Minh Giang"
      },
      "geometry": {
        "type": "Point",
        "coordinates": [
          106.6772651,
          10.7883395
        ]
      },
      "id": "node/4469923095"
    },
    {
      "type": "Feature",
      "properties": {
        "@id": "node/4513506112",
        "addr:city": "TP.HCM",
        "addr:housenumber": "160",
        "addr:street": "Bùi Thị Xuân, P.Phạm Ngũ Lão, Q.1",
        "brand": "FamilyMart",
        "brand:wikidata": "Q1191685",
        "name": "FamilyMart",
        "shop": "convenience"
      },
      "geometry": {
        "type": "Point",
        "coordinates": [
          106.68707,
          10.768461
        ]
      },
      "id": "node/4513506112"
    },
    {
      "type": "Feature",
      "properties": {
        "@id": "node/4554207189",
        "brand": "Circle K",
        "brand:wikidata": "Q3268010",
        "name": "Circle K",
        "name:de": "Circle K",
        "name:vi": "Circle K",
        "shop": "convenience"
      },
      "geometry": {
        "type": "Point",
        "coordinates": [
          106.6991115,
          10.7725534
        ]
      },
      "id": "node/4554207189"
    },
    {
      "type": "Feature",
      "properties": {
        "@id": "node/4556153193",
        "brand": "Circle K",
        "brand:wikidata": "Q3268010",
        "name": "Circle K",
        "name:de": "Circle K",
        "name:vi": "Circle K",
        "opening_hours": "24/7",
        "shop": "convenience"
      },
      "geometry": {
        "type": "Point",
        "coordinates": [
          106.6929873,
          10.7668906
        ]
      },
      "id": "node/4556153193"
    },
    {
      "type": "Feature",
      "properties": {
        "@id": "node/4593843138",
        "amenity": "marketplace",
        "name": "Chợ Nancy"
      },
      "geometry": {
        "type": "Point",
        "coordinates": [
          106.6858615,
          10.7557937
        ]
      },
      "id": "node/4593843138"
    },
    {
      "type": "Feature",
      "properties": {
        "@id": "node/4594306989",
        "name": "Cửa Hàng Tiện Lợi B's Mart",
        "shop": "convenience"
      },
      "geometry": {
        "type": "Point",
        "coordinates": [
          106.6962928,
          10.7668069
        ]
      },
      "id": "node/4594306989"
    },
    {
      "type": "Feature",
      "properties": {
        "@id": "node/4596372690",
        "addr:city": "Ho Chi Minh City",
        "addr:district": "Quan 1",
        "addr:postcode": "710200",
        "addr:street": "Võ Văn Kiệt",
        "addr:subdistrict": "Phường Cô Giang",
        "name": "Trung Tâm Mua Sắm Russian",
        "name:en": "RUSSIAN Clothes Market",
        "name:id": "Pasar Rusia",
        "name:ru": "Русский Рынок",
        "name:vi": "Chợ Nga",
        "name:zh": "俄罗斯市场",
        "name:zh-Hant": "俄羅斯市場",
        "opening_hours": "Mo-Su 09:00-21:00",
        "payment:cash": "yes",
        "shop": "mall"
      },
      "geometry": {
        "type": "Point",
        "coordinates": [
          106.6950862,
          10.7617399
        ]
      },
      "id": "node/4596372690"
    },
    {
      "type": "Feature",
      "properties": {
        "@id": "node/4617175606",
        "amenity": "marketplace",
        "name": "Chợ Chiều"
      },
      "geometry": {
        "type": "Point",
        "coordinates": [
          106.6928286,
          10.7676377
        ]
      },
      "id": "node/4617175606"
    },
    {
      "type": "Feature",
      "properties": {
        "@id": "node/4703407590",
        "brand": "Circle K",
        "brand:wikidata": "Q3268010",
        "name": "Circle K",
        "name:en": "Circle K",
        "opening_hours": "24/7",
        "shop": "convenience",
        "website": "https://www.circlek.com.vn/"
      },
      "geometry": {
        "type": "Point",
        "coordinates": [
          106.6924932,
          10.7697839
        ]
      },
      "id": "node/4703407590"
    },
    {
      "type": "Feature",
      "properties": {
        "@id": "node/4757339545",
        "addr:housenumber": "18/153",
        "addr:street": "Trường Sa",
        "name": "Cửa Hàng Tạp Hóa Út Nga",
        "shop": "convenience"
      },
      "geometry": {
        "type": "Point",
        "coordinates": [
          106.6810562,
          10.7892531
        ]
      },
      "id": "node/4757339545"
    },
    {
      "type": "Feature",
      "properties": {
        "@id": "node/4773915121",
        "addr:district": "Phu Nhuan",
        "addr:housenumber": "271",
        "addr:street": "Huỳnh Văn Bánh",
        "name": "Tạp Hóa Diệc Ngân",
        "name:vi": "Diệc Ngân",
        "shop": "convenience"
      },
      "geometry": {
        "type": "Point",
        "coordinates": [
          106.6757304,
          10.7917351
        ]
      },
      "id": "node/4773915121"
    },
    {
      "type": "Feature",
      "properties": {
        "@id": "node/4773918025",
        "addr:district": "Phu Nhuan",
        "addr:housenumber": "231",
        "addr:street": "Huỳnh Văn Bánh",
        "shop": "convenience"
      },
      "geometry": {
        "type": "Point",
        "coordinates": [
          106.6772906,
          10.7918231
        ]
      },
      "id": "node/4773918025"
    },
    {
      "type": "Feature",
      "properties": {
        "@id": "node/4773918026",
        "addr:district": "Phu Nhuan",
        "addr:housenumber": "3",
        "addr:street": "Trần Cao Vân",
        "shop": "convenience"
      },
      "geometry": {
        "type": "Point",
        "coordinates": [
          106.6775636,
          10.7924004
        ]
      },
      "id": "node/4773918026"
    },
    {
      "type": "Feature",
      "properties": {
        "@id": "node/4780316226",
        "addr:district": "Phu Nhuan",
        "addr:housenumber": "83",
        "addr:street": "Trần Huy Liệu",
        "shop": "convenience"
      },
      "geometry": {
        "type": "Point",
        "coordinates": [
          106.6780433,
          10.7928157
        ]
      },
      "id": "node/4780316226"
    },
    {
      "type": "Feature",
      "properties": {
        "@id": "node/4780319921",
        "addr:district": "Phu Nhuan",
        "addr:housenumber": "68",
        "addr:street": "Trần Huy Liệu",
        "shop": "convenience"
      },
      "geometry": {
        "type": "Point",
        "coordinates": [
          106.6778207,
          10.7936006
        ]
      },
      "id": "node/4780319921"
    },
    {
      "type": "Feature",
      "properties": {
        "@id": "node/4805126021",
        "name": "Trung Tâm Thương Mại Sense Market",
        "name:en": "Sense Market",
        "name:ja": "センス・マーケット",
        "opening_hours": "Mo-Su 10:00-22:30",
        "shop": "supermarket"
      },
      "geometry": {
        "type": "Point",
        "coordinates": [
          106.6933366,
          10.7692667
        ]
      },
      "id": "node/4805126021"
    },
    {
      "type": "Feature",
      "properties": {
        "@id": "node/4814944321",
        "name": "Tạp Hóa 61",
        "name:vi": "Tạp Hóa 61 Nguyễn Đình Chính",
        "shop": "convenience"
      },
      "geometry": {
        "type": "Point",
        "coordinates": [
          106.6795002,
          10.796637
        ]
      },
      "id": "node/4814944321"
    },
    {
      "type": "Feature",
      "properties": {
        "@id": "node/4875563424",
        "addr:housenumber": "61",
        "addr:street": "Hồ Tùng Mậu",
        "name": "Thi's Market",
        "shop": "supermarket"
      },
      "geometry": {
        "type": "Point",
        "coordinates": [
          106.7041195,
          10.7717991
        ]
      },
      "id": "node/4875563424"
    },
    {
      "type": "Feature",
      "properties": {
        "@id": "node/4882823421",
        "addr:housenumber": "329",
        "addr:street": "Đường Trần Hưng Ðạo",
        "name": "Siêu Thị Tiện Lợi US",
        "name:en": "US.Mart",
        "phone": "02838385455",
        "shop": "supermarket"
      },
      "geometry": {
        "type": "Point",
        "coordinates": [
          106.6901287,
          10.7618357
        ]
      },
      "id": "node/4882823421"
    },
    {
      "type": "Feature",
      "properties": {
        "@id": "node/4888988821",
        "addr:city": "Ho Chi Minh City",
        "addr:district": "Bình Thạnh",
        "addr:housenumber": "59",
        "addr:street": "Ngô Tất Tố",
        "addr:subdistrict": "Phường 21",
        "brand": "WinMart+",
        "brand:wikidata": "Q113236478",
        "name": "WinMart+",
        "shop": "convenience"
      },
      "geometry": {
        "type": "Point",
        "coordinates": [
          106.7117555,
          10.7942507
        ]
      },
      "id": "node/4888988821"
    },
    {
      "type": "Feature",
      "properties": {
        "@id": "node/4895993122",
        "addr:housenumber": "12",
        "addr:street": "Hẻm 12 Nguyễn Thị Minh Khai",
        "amenity": "school",
        "education": "school",
        "email": "info@lamha.jp",
        "name": "Trung Tâm Nhật Ngữ Yaruki",
        "name:ja": "やる気学校",
        "name:vi": "NHẬT NGỮ YARUKI",
        "website": "http://yaruki.vn"
      },
      "geometry": {
        "type": "Point",
        "coordinates": [
          106.7026429,
          10.7881755
        ]
      },
      "id": "node/4895993122"
    },
    {
      "type": "Feature",
      "properties": {
        "@id": "node/5000953821",
        "addr:housenumber": "194",
        "addr:street": "Đường Hoàng Diệu",
        "branch": "VN",
        "brand": "Ministop",
        "brand:wikidata": "Q1038929",
        "name": "Ministop",
        "shop": "convenience"
      },
      "geometry": {
        "type": "Point",
        "coordinates": [
          106.7026771,
          10.7626645
        ]
      },
      "id": "node/5000953821"
    },
    {
      "type": "Feature",
      "properties": {
        "@id": "node/5003536419",
        "brand": "Circle K",
        "brand:wikidata": "Q3268010",
        "name": "Circle K",
        "shop": "convenience"
      },
      "geometry": {
        "type": "Point",
        "coordinates": [
          106.6970223,
          10.771409
        ]
      },
      "id": "node/5003536419"
    },
    {
      "type": "Feature",
      "properties": {
        "@id": "node/5006380623",
        "brand": "WinMart+",
        "brand:wikidata": "Q113236478",
        "name": "WinMart+",
        "name:vi": "VinMart +",
        "opening_hours": "Mo-Su 06:00-22:00",
        "shop": "convenience"
      },
      "geometry": {
        "type": "Point",
        "coordinates": [
          106.684437,
          10.7861852
        ]
      },
      "id": "node/5006380623"
    },
    {
      "type": "Feature",
      "properties": {
        "@id": "node/5013165725",
        "addr:housenumber": "357",
        "addr:street": "Đường Lê Hồng Phong",
        "amenity": "school",
        "name": "Trung Tâm Tin Học Trường ĐH Khoa Học Tự Nhiên"
      },
      "geometry": {
        "type": "Point",
        "coordinates": [
          106.6760741,
          10.7635279
        ]
      },
      "id": "node/5013165725"
    },
    {
      "type": "Feature",
      "properties": {
        "@id": "node/5013211424",
        "addr:housenumber": "177",
        "addr:street": "Cao Thắng",
        "amenity": "school",
        "name": "Trường Quốc Tế Á Châu"
      },
      "geometry": {
        "type": "Point",
        "coordinates": [
          106.6750119,
          10.7749228
        ]
      },
      "id": "node/5013211424"
    },
    {
      "type": "Feature",
      "properties": {
        "@id": "node/5021376521",
        "addr:housenumber": "75",
        "addr:street": "Đường Trần Nhân Tôn",
        "amenity": "school",
        "name": "Trường Cao Đẳng Phát Thanh Truyền Hình 2"
      },
      "geometry": {
        "type": "Point",
        "coordinates": [
          106.6751042,
          10.7601532
        ]
      },
      "id": "node/5021376521"
    },
    {
      "type": "Feature",
      "properties": {
        "@id": "node/5035996621",
        "addr:housenumber": "91",
        "addr:street": "3 Tháng 2",
        "amenity": "college",
        "name": "Trường Đại Học Kinh Tế - CFVG"
      },
      "geometry": {
        "type": "Point",
        "coordinates": [
          106.6774205,
          10.7735179
        ]
      },
      "id": "node/5035996621"
    },
    {
      "type": "Feature",
      "properties": {
        "@id": "node/5040415528",
        "addr:housenumber": "469",
        "addr:street": "Đường Lê Hồng Phong",
        "amenity": "school",
        "name": "Trung Tâm Giáo dục thường xuyên Quận 10"
      },
      "geometry": {
        "type": "Point",
        "coordinates": [
          106.6750192,
          10.7663286
        ]
      },
      "id": "node/5040415528"
    },
    {
      "type": "Feature",
      "properties": {
        "@id": "node/5123712523",
        "brand": "FamilyMart",
        "brand:wikidata": "Q11247682",
        "name": "FamilyMart",
        "name:en": "Family Mart",
        "opening_hours": "24/7",
        "shop": "convenience"
      },
      "geometry": {
        "type": "Point",
        "coordinates": [
          106.702524,
          10.7894045
        ]
      },
      "id": "node/5123712523"
    },
    {
      "type": "Feature",
      "properties": {
        "@id": "node/5123929523",
        "brand": "FamilyMart",
        "brand:wikidata": "Q11247682",
        "name": "FamilyMart",
        "name:en": "Family Mart",
        "opening_hours": "24/7",
        "shop": "convenience"
      },
      "geometry": {
        "type": "Point",
        "coordinates": [
          106.7002426,
          10.7890379
        ]
      },
      "id": "node/5123929523"
    },
    {
      "type": "Feature",
      "properties": {
        "@id": "node/5134726824",
        "brand": "Circle K",
        "brand:wikidata": "Q3268010",
        "name": "Circle K",
        "opening_hours": "24/7",
        "shop": "convenience",
        "source": "Mapillary"
      },
      "geometry": {
        "type": "Point",
        "coordinates": [
          106.7033243,
          10.7732317
        ]
      },
      "id": "node/5134726824"
    },
    {
      "type": "Feature",
      "properties": {
        "@id": "node/5140936621",
        "addr:housenumber": "210",
        "addr:street": "Đường Cô Bắc",
        "brand": "FamilyMart",
        "brand:wikidata": "Q11247682",
        "name": "FamilyMart",
        "name:en": "Family Mart",
        "opening_hours": "24/7",
        "phone": "0312283473",
        "shop": "convenience"
      },
      "geometry": {
        "type": "Point",
        "coordinates": [
          106.693177,
          10.7635833
        ]
      },
      "id": "node/5140936621"
    },
    {
      "type": "Feature",
      "properties": {
        "@id": "node/5206029581",
        "amenity": "school",
        "education": "school",
        "name": "Đại Học Kinh Tế Tài Chính"
      },
      "geometry": {
        "type": "Point",
        "coordinates": [
          106.7068081,
          10.7989905
        ]
      },
      "id": "node/5206029581"
    },
    {
      "type": "Feature",
      "properties": {
        "@id": "node/5231849321",
        "addr:street": "Lý Chính Thắng",
        "amenity": "college",
        "name:en": "Broward College"
      },
      "geometry": {
        "type": "Point",
        "coordinates": [
          106.6847907,
          10.7851603
        ]
      },
      "id": "node/5231849321"
    },
    {
      "type": "Feature",
      "properties": {
        "@id": "node/5313354622",
        "brand": "7-Eleven",
        "brand:wikidata": "Q259340",
        "name": "7-Eleven",
        "name:en": "7 eleven",
        "shop": "convenience"
      },
      "geometry": {
        "type": "Point",
        "coordinates": [
          106.6970815,
          10.78195
        ]
      },
      "id": "node/5313354622"
    },
    {
      "type": "Feature",
      "properties": {
        "@id": "node/5313399422",
        "brand": "7-Eleven",
        "brand:wikidata": "Q259340",
        "name": "7-Eleven",
        "name:en": "7 eleven",
        "shop": "convenience"
      },
      "geometry": {
        "type": "Point",
        "coordinates": [
          106.6987866,
          10.7775864
        ]
      },
      "id": "node/5313399422"
    },
    {
      "type": "Feature",
      "properties": {
        "@id": "node/5316003321",
        "amenity": "restaurant",
        "cuisine": "burger;sandwich;international;tea;seafood;coffee_shop;asian;pasta;noodles;pancake;pizza;vietnamese",
        "internet_access": "wlan",
        "name:en": "Ngoc hue",
        "shop": "supermarket",
        "tourism": "hotel"
      },
      "geometry": {
        "type": "Point",
        "coordinates": [
          106.6927709,
          10.762326
        ]
      },
      "id": "node/5316003321"
    },
    {
      "type": "Feature",
      "properties": {
        "@id": "node/5318386724",
        "brand": "7-Eleven",
        "brand:wikidata": "Q259340",
        "brand:wikipedia": "en:7-Eleven",
        "name": "7-Eleven",
        "name:en": "7-Eleven",
        "shop": "convenience"
      },
      "geometry": {
        "type": "Point",
        "coordinates": [
          106.6986668,
          10.7774369
        ]
      },
      "id": "node/5318386724"
    },
    {
      "type": "Feature",
      "properties": {
        "@id": "node/5318386725",
        "branch": "Nguyễn Du",
        "brand": "FamilyMart",
        "brand:wikidata": "Q11247682",
        "name": "FamilyMart",
        "name:en": "family mart",
        "shop": "convenience"
      },
      "geometry": {
        "type": "Point",
        "coordinates": [
          106.700693,
          10.7796987
        ]
      },
      "id": "node/5318386725"
    },
    {
      "type": "Feature",
      "properties": {
        "@id": "node/5330376521",
        "brand": "FamilyMart",
        "brand:wikidata": "Q11247682",
        "name": "FamilyMart",
        "shop": "convenience"
      },
      "geometry": {
        "type": "Point",
        "coordinates": [
          106.6897472,
          10.7711968
        ]
      },
      "id": "node/5330376521"
    },
    {
      "type": "Feature",
      "properties": {
        "@id": "node/5350664472",
        "addr:city": "Ho Chi Minh City",
        "addr:district": "Quan Binh Thanh",
        "addr:housenumber": "70",
        "addr:street": "Trần Quang Khải",
        "amenity": "school",
        "education": "school",
        "name:en": "Language"
      },
      "geometry": {
        "type": "Point",
        "coordinates": [
          106.6935816,
          10.7924
        ]
      },
      "id": "node/5350664472"
    },
    {
      "type": "Feature",
      "properties": {
        "@id": "node/5350664490",
        "addr:full": "403 Hai Bà Trưng, Phường 8, Quận 3, TPHCM",
        "addr:housenumber": "403",
        "addr:street": "Hai Bà Trưng",
        "alt_name": "VinMart+ 403 Hai Bà Trưng",
        "brand": "WinMart+",
        "brand:wikidata": "Q113236478",
        "name": "WinMart+",
        "phone": "862916177",
        "shop": "convenience",
        "website": "http://www.vinmartplus.vn"
      },
      "geometry": {
        "type": "Point",
        "coordinates": [
          106.6884362,
          10.7905478
        ]
      },
      "id": "node/5350664490"
    },
    {
      "type": "Feature",
      "properties": {
        "@id": "node/5350664497",
        "name": "7-Eleven",
        "opening_hours": "24/7",
        "shop": "convenience"
      },
      "geometry": {
        "type": "Point",
        "coordinates": [
          106.6893193,
          10.7895851
        ]
      },
      "id": "node/5350664497"
    },
    {
      "type": "Feature",
      "properties": {
        "@id": "node/5350664500",
        "name": "Cửa Hàn Tiện Lợi B's Mart",
        "shop": "convenience"
      },
      "geometry": {
        "type": "Point",
        "coordinates": [
          106.6892751,
          10.7891917
        ]
      },
      "id": "node/5350664500"
    },
    {
      "type": "Feature",
      "properties": {
        "@id": "node/5350682972",
        "brand": "WinMart+",
        "brand:wikidata": "Q113236478",
        "name": "WinMart+",
        "shop": "convenience"
      },
      "geometry": {
        "type": "Point",
        "coordinates": [
          106.688524,
          10.7877101
        ]
      },
      "id": "node/5350682972"
    },
    {
      "type": "Feature",
      "properties": {
        "@id": "node/5352258699",
        "brand": "WinMart+",
        "brand:wikidata": "Q113236478",
        "name": "WinMart+",
        "shop": "convenience"
      },
      "geometry": {
        "type": "Point",
        "coordinates": [
          106.6781956,
          10.7900629
        ]
      },
      "id": "node/5352258699"
    },
    {
      "type": "Feature",
      "properties": {
        "@id": "node/5352258705",
        "name": "Co.op Food",
        "shop": "supermarket"
      },
      "geometry": {
        "type": "Point",
        "coordinates": [
          106.6795527,
          10.7867494
        ]
      },
      "id": "node/5352258705"
    },
    {
      "type": "Feature",
      "properties": {
        "@id": "node/5352258723",
        "name": "Cửa Hàng Tiện Lợi B's Mart",
        "shop": "convenience"
      },
      "geometry": {
        "type": "Point",
        "coordinates": [
          106.6784568,
          10.7856862
        ]
      },
      "id": "node/5352258723"
    },
    {
      "type": "Feature",
      "properties": {
        "@id": "node/5382455323",
        "name": "Sạp Khô Hải Phựợng",
        "shop": "supermarket"
      },
      "geometry": {
        "type": "Point",
        "coordinates": [
          106.6978262,
          10.7642836
        ]
      },
      "id": "node/5382455323"
    },
    {
      "type": "Feature",
      "properties": {
        "@id": "node/5406943021",
        "brand": "Circle K",
        "brand:wikidata": "Q3268010",
        "name": "Circle K",
        "shop": "convenience"
      },
      "geometry": {
        "type": "Point",
        "coordinates": [
          106.7021249,
          10.7735194
        ]
      },
      "id": "node/5406943021"
    },
    {
      "type": "Feature",
      "properties": {
        "@id": "node/5416310313",
        "brand": "Ministop",
        "brand:wikidata": "Q1038929",
        "name": "Ministop",
        "name:en": "MiniStop",
        "opening_hours": "24/7",
        "shop": "convenience"
      },
      "geometry": {
        "type": "Point",
        "coordinates": [
          106.6977442,
          10.788655
        ]
      },
      "id": "node/5416310313"
    },
    {
      "type": "Feature",
      "properties": {
        "@id": "node/5416326459",
        "brand": "FamilyMart",
        "brand:wikidata": "Q11247682",
        "name": "FamilyMart",
        "phone": "0312283473",
        "shop": "convenience"
      },
      "geometry": {
        "type": "Point",
        "coordinates": [
          106.6991453,
          10.7851878
        ]
      },
      "id": "node/5416326459"
    },
    {
      "type": "Feature",
      "properties": {
        "@id": "node/5439405022",
        "addr:housenumber": "167",
        "addr:street": "Nguyễn Biểu",
        "brand": "FamilyMart",
        "brand:wikidata": "Q11247682",
        "brand:wikipedia": "en:FamilyMart",
        "internet_access": "wlan",
        "name": "FamilyMart",
        "name:en": "Family Mart",
        "opening_hours": "24/7",
        "shop": "convenience",
        "wheelchair": "no"
      },
      "geometry": {
        "type": "Point",
        "coordinates": [
          106.6834514,
          10.756373
        ]
      },
      "id": "node/5439405022"
    },
    {
      "type": "Feature",
      "properties": {
        "@id": "node/5559637423",
        "name:en": "frutas",
        "shop": "supermarket"
      },
      "geometry": {
        "type": "Point",
        "coordinates": [
          106.6961872,
          10.7722701
        ]
      },
      "id": "node/5559637423"
    },
    {
      "type": "Feature",
      "properties": {
        "@id": "node/5572779922",
        "addr:housenumber": "236/6",
        "addr:street": "Điện Biên Phủ",
        "brand": "FamilyMart",
        "brand:wikidata": "Q11247682",
        "name": "FamilyMart",
        "shop": "convenience"
      },
      "geometry": {
        "type": "Point",
        "coordinates": [
          106.7064189,
          10.7990473
        ]
      },
      "id": "node/5572779922"
    },
    {
      "type": "Feature",
      "properties": {
        "@id": "node/5598913820",
        "addr:city": "Phường 3",
        "addr:district": "Quận 5",
        "addr:province": "Thành phố Hồ Chí Minh",
        "addr:street": "Hẻm 138 An Dương Vương",
        "addr:subdistrict": "Phường 3",
        "amenity": "marketplace",
        "name": "Chợ Bàu Sen"
      },
      "geometry": {
        "type": "Point",
        "coordinates": [
          106.6784826,
          10.7581159
        ]
      },
      "id": "node/5598913820"
    },
    {
      "type": "Feature",
      "properties": {
        "@id": "node/5598915523",
        "amenity": "marketplace"
      },
      "geometry": {
        "type": "Point",
        "coordinates": [
          106.6761598,
          10.7665321
        ]
      },
      "id": "node/5598915523"
    },
    {
      "type": "Feature",
      "properties": {
        "@id": "node/5609997891",
        "addr:full": "27 Vũ Huy Tấn, Phường 3, Quận Bình Thạnh",
        "addr:housenumber": "27",
        "addr:street": "Vũ Huy Tấn",
        "alt_name": "VinMart+ 27 Vũ Huy Tấn",
        "brand": "WinMart+",
        "brand:wikidata": "Q113236478",
        "name": "WinMart+",
        "phone": "862584579",
        "shop": "convenience",
        "website": "http://www.vinmartplus.vn"
      },
      "geometry": {
        "type": "Point",
        "coordinates": [
          106.6948948,
          10.7957719
        ]
      },
      "id": "node/5609997891"
    },
    {
      "type": "Feature",
      "properties": {
        "@id": "node/5609997912",
        "addr:full": "103 Trần Huy Liệu. Phường 12, Quận Phú Nhuận, TP HCM",
        "addr:housenumber": "103",
        "addr:street": "Trần Huy Liệu",
        "alt_name": "VinMart+ 103 Trần Huy Liệu",
        "brand": "WinMart+",
        "brand:wikidata": "Q113236478",
        "name": "WinMart+",
        "phone": "862926903",
        "shop": "convenience",
        "website": "http://www.vinmartplus.vn"
      },
      "geometry": {
        "type": "Point",
        "coordinates": [
          106.6778252,
          10.795656
        ]
      },
      "id": "node/5609997912"
    },
    {
      "type": "Feature",
      "properties": {
        "@id": "node/5609998393",
        "addr:full": "176 Bùi Viện Phường Phạm Ngũ Lão Quận 1, TPHCM",
        "addr:housenumber": "176",
        "addr:street": "Đường Bùi Viện",
        "alt_name": "VinMart+ 176 Bùi Viện",
        "brand": "WinMart+",
        "brand:wikidata": "Q113236478",
        "name": "WinMart+",
        "phone": "822535140",
        "shop": "convenience",
        "website": "http://www.vinmartplus.vn"
      },
      "geometry": {
        "type": "Point",
        "coordinates": [
          106.6920839,
          10.7665987
        ]
      },
      "id": "node/5609998393"
    },
    {
      "type": "Feature",
      "properties": {
        "@id": "node/5609998752",
        "addr:full": "Số 45 - đường Cô Giang - phường Cầu Ông Lãnh - quận 1 - Tp.HCM",
        "addr:housenumber": "45",
        "addr:street": "Đường Cô Giang",
        "alt_name": "VinMart+ 45 Cô Giang",
        "brand": "WinMart+",
        "brand:wikidata": "Q113236478",
        "name": "WinMart+",
        "phone": "901722061",
        "shop": "convenience",
        "website": "http://www.vinmartplus.vn"
      },
      "geometry": {
        "type": "Point",
        "coordinates": [
          106.6962681,
          10.7643484
        ]
      },
      "id": "node/5609998752"
    },
    {
      "type": "Feature",
      "properties": {
        "@id": "node/5609998762",
        "addr:full": "Số 323 và 325 Bùi Hữu Nghĩa, Phường 01, Quận Bình Thạnh, TP HCM",
        "addr:housenumber": "323-325",
        "addr:street": "Hữu Nghĩa",
        "alt_name": "VinMart+ Bùi Hữu Nghĩa",
        "brand": "WinMart+",
        "brand:wikidata": "Q113236478",
        "name": "WinMart+",
        "phone": "943266068",
        "shop": "convenience",
        "website": "http://www.vinmartplus.vn"
      },
      "geometry": {
        "type": "Point",
        "coordinates": [
          106.6987894,
          10.7990284
        ]
      },
      "id": "node/5609998762"
    },
    {
      "type": "Feature",
      "properties": {
        "@id": "node/5609998771",
        "addr:full": "TK26/13-14 Nguyễn Cảnh Chân, Phường Cầu Kho, Quận 1",
        "addr:housenumber": "TK26/13-14",
        "addr:street": "Đường Nguyễn Cảnh Chân",
        "alt_name": "WinMart+ Nguyễn Cảnh Chân",
        "brand": "WinMart+",
        "brand:wikidata": "Q113236478",
        "name": "WinMart+",
        "phone": "901702773",
        "shop": "convenience",
        "website": "http://www.vinmartplus.vn"
      },
      "geometry": {
        "type": "Point",
        "coordinates": [
          106.6882107,
          10.75872
        ]
      },
      "id": "node/5609998771"
    },
    {
      "type": "Feature",
      "properties": {
        "@id": "node/5609998777",
        "addr:full": "6 Kỳ Đồng, Phường 9, Quận 3, TPHCM",
        "addr:housenumber": "6",
        "addr:street": "Kỳ Đồng",
        "alt_name": "VinMart+ 6 Kỳ Đồng",
        "brand": "WinMart+",
        "brand:wikidata": "Q113236478",
        "name": "WinMart+",
        "phone": "862905606",
        "shop": "convenience",
        "website": "http://www.vinmartplus.vn"
      },
      "geometry": {
        "type": "Point",
        "coordinates": [
          106.6826039,
          10.7831646
        ]
      },
      "id": "node/5609998777"
    },
    {
      "type": "Feature",
      "properties": {
        "@id": "node/5609998800",
        "addr:full": "117 Nguyễn Thái Bình, Phường Nguyễn Thái Bình, Quận 1, TP Hồ Chí Minh",
        "addr:housenumber": "117",
        "addr:street": "Đường Nguyễn Thái Bình",
        "alt_name": "VinMart+ 117 Nguyễn Thái Bình",
        "brand": "WinMart+",
        "brand:wikidata": "Q113236478",
        "name": "WinMart+",
        "phone": "838211216",
        "shop": "convenience",
        "website": "http://www.vinmartplus.vn"
      },
      "geometry": {
        "type": "Point",
        "coordinates": [
          106.6994331,
          10.7685855
        ]
      },
      "id": "node/5609998800"
    },
    {
      "type": "Feature",
      "properties": {
        "@id": "node/5609998803",
        "addr:full": "68/5A Trần Quang Khải, Phường Tân Định, Quận 1, TP. Hồ Chí Minh",
        "addr:housenumber": "68/5A",
        "addr:street": "Trần Quang Khải",
        "alt_name": "VinMart+ 68/5A Trần Quang Khải",
        "brand": "WinMart+",
        "brand:wikidata": "Q113236478",
        "name": "WinMart+",
        "phone": "901722058",
        "shop": "convenience",
        "website": "http://www.vinmartplus.vn"
      },
      "geometry": {
        "type": "Point",
        "coordinates": [
          106.6935162,
          10.7925786
        ]
      },
      "id": "node/5609998803"
    },
    {
      "type": "Feature",
      "properties": {
        "@id": "node/5609999036",
        "addr:full": "33 Lý Văn Phức, Phường Tân Định, Quận 1, Tp. Hồ Chí Minh",
        "addr:housenumber": "33",
        "addr:street": "Lý Văn Phức",
        "alt_name": "VinMart+ 33 Lý Văn Phức",
        "brand": "WinMart+",
        "brand:wikidata": "Q113236478",
        "name": "WinMart+",
        "phone": "901702719",
        "shop": "convenience",
        "website": "http://www.vinmartplus.vn"
      },
      "geometry": {
        "type": "Point",
        "coordinates": [
          106.6937093,
          10.7912138
        ]
      },
      "id": "node/5609999036"
    },
    {
      "type": "Feature",
      "properties": {
        "@id": "node/5609999051",
        "addr:full": "87, Xô Viết Nghệ Tĩnh , Phường 17, Quận Bình Thạnh, TP.Hồ Chí Minh",
        "addr:housenumber": "87",
        "addr:street": "Xô Viết Nghệ Tĩnh",
        "alt_name": "VinMart+ 87 Xô Viết Nghệ Tĩnh",
        "brand": "WinMart+",
        "brand:wikidata": "Q113236478",
        "name": "WinMart+",
        "phone": "901702865",
        "shop": "convenience",
        "website": "http://www.vinmartplus.vn"
      },
      "geometry": {
        "type": "Point",
        "coordinates": [
          106.7082522,
          10.7938117
        ]
      },
      "id": "node/5609999051"
    },
    {
      "type": "Feature",
      "properties": {
        "@id": "node/5609999928",
        "addr:full": "336A Lê Hồng Phong, Phường 1, Quận 10, TP. HCM",
        "addr:housenumber": "336A",
        "addr:street": "Lê Hồng Phong",
        "alt_name": "VinMart+ 336A Lê Hồng Phong",
        "brand": "WinMart+",
        "brand:wikidata": "Q113236478",
        "name": "WinMart+",
        "phone": "838300085",
        "shop": "convenience",
        "website": "http://www.vinmartplus.vn"
      },
      "geometry": {
        "type": "Point",
        "coordinates": [
          106.6766987,
          10.7635842
        ]
      },
      "id": "node/5609999928"
    },
    {
      "type": "Feature",
      "properties": {
        "@id": "node/5609999980",
        "addr:full": "331C Trần Hưng Đạo, Phường Cô Giang, Quận 1, TP HCM",
        "addr:housenumber": "331C",
        "addr:street": "Trần Hưng Đạo",
        "alt_name": "VinMart+ 331C Trần Hưng Đạo",
        "brand": "WinMart+",
        "brand:wikidata": "Q113236478",
        "name": "WinMart+",
        "phone": "862958883",
        "shop": "convenience",
        "website": "http://www.vinmartplus.vn"
      },
      "geometry": {
        "type": "Point",
        "coordinates": [
          106.6901393,
          10.7617002
        ]
      },
      "id": "node/5609999980"
    },
    {
      "type": "Feature",
      "properties": {
        "@id": "node/5609999985",
        "addr:full": "17-19-21 Lý Tự Trọng, P. Bến Nghé, Q. 1, TP. HCM",
        "addr:housenumber": "17",
        "addr:street": "Lý Tự Trọng",
        "alt_name": "VinMart+ 17 Lý Tự Trọng",
        "brand": "WinMart+",
        "brand:wikidata": "Q113236478",
        "name": "WinMart+",
        "phone": "838257183",
        "shop": "convenience",
        "website": "http://www.vinmartplus.vn"
      },
      "geometry": {
        "type": "Point",
        "coordinates": [
          106.7041941,
          10.7811422
        ]
      },
      "id": "node/5609999985"
    },
    {
      "type": "Feature",
      "properties": {
        "@id": "node/5609999987",
        "addr:full": "218, PHAN VĂN HÂN, PHƯỜNG 17, QUẬN BÌNH THẠNH, TP. HỒ CHÍ MINH",
        "addr:housenumber": "218",
        "addr:street": "Phan Văn Hân",
        "alt_name": "VinMart+ 218 Phan Văn Hân",
        "brand": "WinMart+",
        "brand:wikidata": "Q113236478",
        "name": "WinMart+",
        "phone": "901722917",
        "shop": "convenience",
        "website": "http://www.vinmartplus.vn"
      },
      "geometry": {
        "type": "Point",
        "coordinates": [
          106.7037139,
          10.7943755
        ]
      },
      "id": "node/5609999987"
    },
    {
      "type": "Feature",
      "properties": {
        "@id": "node/5609999989",
        "addr:full": "172 Đinh Tiên Hoàng, Phường Đa Kao, Quận 1, TP. Hồ Chí Minh",
        "addr:housenumber": "172",
        "addr:street": "Đinh Tiên Hoàng",
        "alt_name": "VinMart+ 172 Đinh Tiên Hoàng",
        "brand": "WinMart+",
        "brand:wikidata": "Q113236478",
        "name": "WinMart+",
        "phone": "901722062",
        "shop": "convenience",
        "website": "http://www.vinmartplus.vn"
      },
      "geometry": {
        "type": "Point",
        "coordinates": [
          106.6962466,
          10.7916722
        ]
      },
      "id": "node/5609999989"
    },
    {
      "type": "Feature",
      "properties": {
        "@id": "node/5610000014",
        "addr:full": "91 Điện Biên Phủ, Phường Đao Kao, Quận 1",
        "addr:housenumber": "91",
        "addr:street": "Điện Biên Phủ",
        "alt_name": "VinMart+ 91 Điện Biên Phủ",
        "brand": "WinMart+",
        "brand:wikidata": "Q113236478",
        "name": "WinMart+",
        "phone": "862912315",
        "shop": "convenience",
        "website": "http://www.vinmartplus.vn"
      },
      "geometry": {
        "type": "Point",
        "coordinates": [
          106.6967884,
          10.7893734
        ]
      },
      "id": "node/5610000014"
    },
    {
      "type": "Feature",
      "properties": {
        "@id": "node/5610000229",
        "addr:full": "T32 Nguyễn Hữu Hào, Phường 6, Quận 4, TP Hồ Chí Minh",
        "addr:housenumber": "T32",
        "addr:street": "Hữu Hào",
        "alt_name": "VinMart+ Nguyễn Hữu Hào",
        "brand": "WinMart+",
        "brand:wikidata": "Q113236478",
        "name": "WinMart+",
        "phone": "835254036",
        "shop": "convenience",
        "website": "http://www.vinmartplus.vn"
      },
      "geometry": {
        "type": "Point",
        "coordinates": [
          106.698961,
          10.7604117
        ]
      },
      "id": "node/5610000229"
    },
    {
      "type": "Feature",
      "properties": {
        "@id": "node/5610000253",
        "addr:full": "98 Nguyễn Đình Chiểu P.Đa Kao Quận 1, TPHCM",
        "addr:housenumber": "98",
        "addr:street": "Nguyễn Đình Chiểu",
        "alt_name": "VinMart+ 98 Nguyễn Đình Chiểu",
        "brand": "WinMart+",
        "brand:wikidata": "Q113236478",
        "name": "WinMart+",
        "phone": "839106084",
        "shop": "convenience",
        "website": "http://www.vinmartplus.vn"
      },
      "geometry": {
        "type": "Point",
        "coordinates": [
          106.6980813,
          10.7870877
        ]
      },
      "id": "node/5610000253"
    },
    {
      "type": "Feature",
      "properties": {
        "@id": "node/5610000274",
        "addr:full": "Số 24B-24 Tôn Đản, Phường 13, quận 4, TP HCM",
        "addr:housenumber": "24-24B",
        "addr:street": "Tôn Đản",
        "alt_name": "VinMart+ 24-24B Tôn Đản",
        "brand": "WinMart+",
        "brand:wikidata": "Q113236478",
        "name": "WinMart+",
        "phone": "862617110",
        "shop": "convenience",
        "website": "http://www.vinmartplus.vn"
      },
      "geometry": {
        "type": "Point",
        "coordinates": [
          106.7069004,
          10.7592312
        ]
      },
      "id": "node/5610000274"
    },
    {
      "type": "Feature",
      "properties": {
        "@id": "node/5610000278",
        "addr:full": "54 Huỳnh Mẫn Đạt , Phường 9, Q Bình Thạnh, TP HCM",
        "addr:housenumber": "54",
        "addr:street": "Huỳnh Mẫn Đạt",
        "alt_name": "VinMart+ 54 Huỳnh Mẫn Đạt",
        "brand": "WinMart+",
        "brand:wikidata": "Q113236478",
        "name": "WinMart+",
        "phone": "835143006",
        "shop": "convenience",
        "website": "http://www.vinmartplus.vn"
      },
      "geometry": {
        "type": "Point",
        "coordinates": [
          106.7085741,
          10.7904286
        ]
      },
      "id": "node/5610000278"
    },
    {
      "type": "Feature",
      "properties": {
        "@id": "node/5610000304",
        "addr:full": "33, NGUYỄN VĂN LẠC, PHƯỜNG 21, QUẬN BÌNH THẠNH, TP. HỒ CHÍ MINH",
        "addr:housenumber": "33",
        "addr:street": "Nguyễn Văn Lạc",
        "alt_name": "VinMart+ 33 Nguyễn Văn Lạc",
        "brand": "WinMart+",
        "brand:wikidata": "Q113236478",
        "name": "WinMart+",
        "phone": "901722175",
        "shop": "convenience",
        "website": "http://www.vinmartplus.vn"
      },
      "geometry": {
        "type": "Point",
        "coordinates": [
          106.7097033,
          10.7939276
        ]
      },
      "id": "node/5610000304"
    },
    {
      "type": "Feature",
      "properties": {
        "@id": "node/5612900521",
        "addr:street": "10-12 Đinh Tiên Hoàng, Bến Nghé, Quận 1, Hồ Chí Minh",
        "amenity": "college",
        "education": "college",
        "name": "Trường Đại Học KHXH&NV Thành phố Hồ Chí Minh - Cơ Sở 1"
      },
      "geometry": {
        "type": "Point",
        "coordinates": [
          106.7030012,
          10.7856151
        ]
      },
      "id": "node/5612900521"
    },
    {
      "type": "Feature",
      "properties": {
        "@id": "node/5613330513",
        "amenity": "kindergarten"
      },
      "geometry": {
        "type": "Point",
        "coordinates": [
          106.679559,
          10.7729952
        ]
      },
      "id": "node/5613330513"
    },
    {
      "type": "Feature",
      "properties": {
        "@id": "node/5676717521",
        "addr:housenumber": "207",
        "addr:street": "Nguyễn Biểu",
        "internet_access": "wlan",
        "name": "Ministop",
        "opening_hours": "24/7",
        "shop": "convenience",
        "website": "https://www.ministop.vn/"
      },
      "geometry": {
        "type": "Point",
        "coordinates": [
          106.6831577,
          10.7573031
        ]
      },
      "id": "node/5676717521"
    },
    {
      "type": "Feature",
      "properties": {
        "@id": "node/5681220054",
        "addr:housenumber": "262-264",
        "addr:street": "Cao Thắng",
        "brand": "Ministop",
        "brand:wikidata": "Q1038929",
        "name": "Ministop",
        "opening_hours": "24/7",
        "shop": "convenience",
        "website": "https://www.ministop.vn/"
      },
      "geometry": {
        "type": "Point",
        "coordinates": [
          106.6756422,
          10.7748088
        ]
      },
      "id": "node/5681220054"
    },
    {
      "type": "Feature",
      "properties": {
        "@id": "node/5743013321",
        "shop": "supermarket"
      },
      "geometry": {
        "type": "Point",
        "coordinates": [
          106.6997921,
          10.7742791
        ]
      },
      "id": "node/5743013321"
    },
    {
      "type": "Feature",
      "properties": {
        "@id": "node/5773200656",
        "addr:city": "Ho Chi Minh City",
        "addr:district": "Quận 1",
        "addr:housenumber": "120/3",
        "addr:postcode": "700000",
        "addr:street": "Hẻm 120 Trần Hưng Đạo",
        "addr:subdistrict": "phường phạm ngũ lão",
        "name": "Siêu thị phượt",
        "opening_hours": "Mo-Su 09:00-21:00",
        "payment:cash": "yes",
        "shop": "supermarket",
        "website": "http://sieuthiphuot.com/"
      },
      "geometry": {
        "type": "Point",
        "coordinates": [
          106.6924438,
          10.7655607
        ]
      },
      "id": "node/5773200656"
    },
    {
      "type": "Feature",
      "properties": {
        "@id": "node/5797810340",
        "addr:housenumber": "321e",
        "addr:street": "Đường Trần Hưng Ðạo",
        "name": "Tạp Hóa Tiến Hưng",
        "shop": "convenience"
      },
      "geometry": {
        "type": "Point",
        "coordinates": [
          106.6904162,
          10.7620742
        ]
      },
      "id": "node/5797810340"
    },
    {
      "type": "Feature",
      "properties": {
        "@id": "node/5803803453",
        "addr:street": "Cô Bắc Street",
        "internet_access": "wlan",
        "name:en": "B’s Mart",
        "opening_hours": "24/7",
        "shop": "convenience"
      },
      "geometry": {
        "type": "Point",
        "coordinates": [
          106.6930808,
          10.763547
        ]
      },
      "id": "node/5803803453"
    },
    {
      "type": "Feature",
      "properties": {
        "@id": "node/5870964485",
        "addr:housenumber": "54",
        "addr:street": "Hoa Lan",
        "brand": "Ministop",
        "brand:wikidata": "Q1038929",
        "internet_access": "wlan",
        "name": "Ministop",
        "name:en": "Ministop",
        "opening_hours": "24/7",
        "shop": "convenience",
        "website": "https://www.ministop.vn/"
      },
      "geometry": {
        "type": "Point",
        "coordinates": [
          106.6908422,
          10.7970351
        ]
      },
      "id": "node/5870964485"
    },
    {
      "type": "Feature",
      "properties": {
        "@id": "node/5950620786",
        "brand": "FamilyMart",
        "brand:wikidata": "Q11247682",
        "name": "FamilyMart",
        "shop": "convenience"
      },
      "geometry": {
        "type": "Point",
        "coordinates": [
          106.696127,
          10.7888019
        ]
      },
      "id": "node/5950620786"
    },
    {
      "type": "Feature",
      "properties": {
        "@id": "node/5950622190",
        "shop": "supermarket"
      },
      "geometry": {
        "type": "Point",
        "coordinates": [
          106.7108159,
          10.7910586
        ]
      },
      "id": "node/5950622190"
    },
    {
      "type": "Feature",
      "properties": {
        "@id": "node/6045839957",
        "addr:housenumber": "39",
        "addr:street": "Nguyen Cu Trinh",
        "name": "Cửa Hàng Tiện Lợi B's Mart",
        "opening_hours": "24/7",
        "shop": "convenience"
      },
      "geometry": {
        "type": "Point",
        "coordinates": [
          106.6913421,
          10.7643554
        ]
      },
      "id": "node/6045839957"
    },
    {
      "type": "Feature",
      "properties": {
        "@id": "node/6054062365",
        "shop": "supermarket"
      },
      "geometry": {
        "type": "Point",
        "coordinates": [
          106.6948322,
          10.767144
        ]
      },
      "id": "node/6054062365"
    },
    {
      "type": "Feature",
      "properties": {
        "@id": "node/6095406886",
        "addr:housenumber": "243-245",
        "addr:street": "Khánh Hội",
        "amenity": "school",
        "education": "school",
        "name": "Trung Tâm Anh Văn Hội Việt Mỹ - VUS"
      },
      "geometry": {
        "type": "Point",
        "coordinates": [
          106.698595,
          10.7592636
        ]
      },
      "id": "node/6095406886"
    },
    {
      "type": "Feature",
      "properties": {
        "@id": "node/6139826223",
        "brand": "7-Eleven",
        "brand:wikidata": "Q259340",
        "brand:wikipedia": "en:7-Eleven",
        "name": "7-Eleven",
        "shop": "convenience"
      },
      "geometry": {
        "type": "Point",
        "coordinates": [
          106.6879964,
          10.7705345
        ]
      },
      "id": "node/6139826223"
    },
    {
      "type": "Feature",
      "properties": {
        "@id": "node/6157860892",
        "name": "Thực Phẩm Hữu Cơ An Toàn - Nam An",
        "name:en": "Annam Gourmet Market (underground Takashimaya)",
        "shop": "supermarket",
        "wheelchair": "yes"
      },
      "geometry": {
        "type": "Point",
        "coordinates": [
          106.7007584,
          10.7731189
        ]
      },
      "id": "node/6157860892"
    },
    {
      "type": "Feature",
      "properties": {
        "@id": "node/6189533885",
        "addr:street": "Hẻm 134/1 Cách mạng tháng 8",
        "amenity": "kindergarten",
        "name": "Trường Mầm Non Tomoe House",
        "name:en": "Tomoehouse preschool",
        "opening_hours": "Mo-Fr 07:30-18:15"
      },
      "geometry": {
        "type": "Point",
        "coordinates": [
          106.6801958,
          10.7789772
        ]
      },
      "id": "node/6189533885"
    },
    {
      "type": "Feature",
      "properties": {
        "@id": "node/6284329388",
        "shop": "supermarket"
      },
      "geometry": {
        "type": "Point",
        "coordinates": [
          106.6970016,
          10.7695785
        ]
      },
      "id": "node/6284329388"
    },
    {
      "type": "Feature",
      "properties": {
        "@id": "node/6284408685",
        "addr:street": "Đường Trần Ðình Xu",
        "name:en": "Circle K",
        "shop": "supermarket"
      },
      "geometry": {
        "type": "Point",
        "coordinates": [
          106.6878402,
          10.7627701
        ]
      },
      "id": "node/6284408685"
    },
    {
      "type": "Feature",
      "properties": {
        "@id": "node/6297142826",
        "brand": "FamilyMart",
        "brand:wikidata": "Q11247682",
        "name": "FamilyMart",
        "shop": "convenience"
      },
      "geometry": {
        "type": "Point",
        "coordinates": [
          106.7073546,
          10.7804426
        ]
      },
      "id": "node/6297142826"
    },
    {
      "type": "Feature",
      "properties": {
        "@id": "node/6297142827",
        "brand": "FamilyMart",
        "brand:wikidata": "Q1191685",
        "check_date": "2025-03-29",
        "name": "FamilyMart",
        "shop": "convenience"
      },
      "geometry": {
        "type": "Point",
        "coordinates": [
          106.6907933,
          10.7813323
        ]
      },
      "id": "node/6297142827"
    },
    {
      "type": "Feature",
      "properties": {
        "@id": "node/6297142829",
        "brand": "FamilyMart",
        "brand:wikidata": "Q11247682",
        "name": "FamilyMart",
        "shop": "convenience"
      },
      "geometry": {
        "type": "Point",
        "coordinates": [
          106.7023543,
          10.7713737
        ]
      },
      "id": "node/6297142829"
    },
    {
      "type": "Feature",
      "properties": {
        "@id": "node/6297144200",
        "addr:street": "Đường Lê Thánh Tôn",
        "brand": "Circle K",
        "brand:wikidata": "Q3268010",
        "name": "Circle K",
        "shop": "convenience"
      },
      "geometry": {
        "type": "Point",
        "coordinates": [
          106.6988707,
          10.7738202
        ]
      },
      "id": "node/6297144200"
    },
    {
      "type": "Feature",
      "properties": {
        "@id": "node/6315351595",
        "amenity": "kindergarten",
        "education": "kindergarten"
      },
      "geometry": {
        "type": "Point",
        "coordinates": [
          106.6987899,
          10.7782198
        ]
      },
      "id": "node/6315351595"
    },
    {
      "type": "Feature",
      "properties": {
        "@id": "node/6315388808",
        "brand": "7-Eleven",
        "brand:wikidata": "Q259340",
        "name": "7-Eleven",
        "name:en": "Seven eleven",
        "shop": "convenience"
      },
      "geometry": {
        "type": "Point",
        "coordinates": [
          106.6879477,
          10.7705527
        ]
      },
      "id": "node/6315388808"
    },
    {
      "type": "Feature",
      "properties": {
        "@id": "node/6315388826",
        "addr:street": "Đường Nguyễn Thái Học",
        "name:en": "Circle K",
        "shop": "supermarket"
      },
      "geometry": {
        "type": "Point",
        "coordinates": [
          106.6962326,
          10.766391
        ]
      },
      "id": "node/6315388826"
    },
    {
      "type": "Feature",
      "properties": {
        "@id": "node/6315388828",
        "shop": "supermarket"
      },
      "geometry": {
        "type": "Point",
        "coordinates": [
          106.6965487,
          10.7658092
        ]
      },
      "id": "node/6315388828"
    },
    {
      "type": "Feature",
      "properties": {
        "@id": "node/6315388859",
        "name:en": "Familymart",
        "shop": "supermarket"
      },
      "geometry": {
        "type": "Point",
        "coordinates": [
          106.6957305,
          10.7849873
        ]
      },
      "id": "node/6315388859"
    },
    {
      "type": "Feature",
      "properties": {
        "@id": "node/6315388865",
        "name:en": "Circle K",
        "shop": "supermarket"
      },
      "geometry": {
        "type": "Point",
        "coordinates": [
          106.6879571,
          10.7661781
        ]
      },
      "id": "node/6315388865"
    },
    {
      "type": "Feature",
      "properties": {
        "@id": "node/6315388868",
        "name:en": "Circle K",
        "shop": "supermarket"
      },
      "geometry": {
        "type": "Point",
        "coordinates": [
          106.6875678,
          10.764657
        ]
      },
      "id": "node/6315388868"
    },
    {
      "type": "Feature",
      "properties": {
        "@id": "node/6315388874",
        "amenity": "kindergarten"
      },
      "geometry": {
        "type": "Point",
        "coordinates": [
          106.6887666,
          10.7623271
        ]
      },
      "id": "node/6315388874"
    },
    {
      "type": "Feature",
      "properties": {
        "@id": "node/6315388877",
        "name:en": "Mini Stop",
        "shop": "supermarket"
      },
      "geometry": {
        "type": "Point",
        "coordinates": [
          106.6891263,
          10.7621024
        ]
      },
      "id": "node/6315388877"
    },
    {
      "type": "Feature",
      "properties": {
        "@id": "node/6315390293",
        "shop": "supermarket"
      },
      "geometry": {
        "type": "Point",
        "coordinates": [
          106.6930053,
          10.792129
        ]
      },
      "id": "node/6315390293"
    },
    {
      "type": "Feature",
      "properties": {
        "@id": "node/6315390444",
        "name:en": "C&C",
        "shop": "supermarket"
      },
      "geometry": {
        "type": "Point",
        "coordinates": [
          106.6903151,
          10.7637656
        ]
      },
      "id": "node/6315390444"
    },
    {
      "type": "Feature",
      "properties": {
        "@id": "node/6315395287",
        "addr:street": "Đường Bùi Viện",
        "name:en": "Circle K",
        "shop": "supermarket"
      },
      "geometry": {
        "type": "Point",
        "coordinates": [
          106.6907638,
          10.7658114
        ]
      },
      "id": "node/6315395287"
    },
    {
      "type": "Feature",
      "properties": {
        "@id": "node/6315671614",
        "amenity": "kindergarten"
      },
      "geometry": {
        "type": "Point",
        "coordinates": [
          106.6916579,
          10.7664384
        ]
      },
      "id": "node/6315671614"
    },
    {
      "type": "Feature",
      "properties": {
        "@id": "node/6315672391",
        "addr:street": "Ðề Thám",
        "level": "0",
        "name": "Co.op smile",
        "shop": "supermarket"
      },
      "geometry": {
        "type": "Point",
        "coordinates": [
          106.6957358,
          10.7634408
        ]
      },
      "id": "node/6315672391"
    },
    {
      "type": "Feature",
      "properties": {
        "@id": "node/6315672440",
        "name:en": "FamilyMart",
        "shop": "supermarket"
      },
      "geometry": {
        "type": "Point",
        "coordinates": [
          106.6815332,
          10.7605434
        ]
      },
      "id": "node/6315672440"
    },
    {
      "type": "Feature",
      "properties": {
        "@id": "node/6315672466",
        "name:en": "Mini Stop",
        "shop": "supermarket"
      },
      "geometry": {
        "type": "Point",
        "coordinates": [
          106.7023728,
          10.7856676
        ]
      },
      "id": "node/6315672466"
    },
    {
      "type": "Feature",
      "properties": {
        "@id": "node/6315672478",
        "amenity": "kindergarten",
        "education": "kindergarten"
      },
      "geometry": {
        "type": "Point",
        "coordinates": [
          106.6975331,
          10.7864538
        ]
      },
      "id": "node/6315672478"
    },
    {
      "type": "Feature",
      "properties": {
        "@id": "node/6315672480",
        "amenity": "school",
        "education": "school",
        "name:en": "ACB Learning Hub"
      },
      "geometry": {
        "type": "Point",
        "coordinates": [
          106.6985656,
          10.7868247
        ]
      },
      "id": "node/6315672480"
    },
    {
      "type": "Feature",
      "properties": {
        "@id": "node/6315672483",
        "shop": "supermarket"
      },
      "geometry": {
        "type": "Point",
        "coordinates": [
          106.6988881,
          10.7852278
        ]
      },
      "id": "node/6315672483"
    },
    {
      "type": "Feature",
      "properties": {
        "@id": "node/6315672795",
        "name:en": "Foodco Mart",
        "shop": "supermarket"
      },
      "geometry": {
        "type": "Point",
        "coordinates": [
          106.6967533,
          10.7686806
        ]
      },
      "id": "node/6315672795"
    },
    {
      "type": "Feature",
      "properties": {
        "@id": "node/6315672835",
        "amenity": "kindergarten",
        "education": "kindergarten"
      },
      "geometry": {
        "type": "Point",
        "coordinates": [
          106.6984414,
          10.7874856
        ]
      },
      "id": "node/6315672835"
    },
    {
      "type": "Feature",
      "properties": {
        "@id": "node/6315672862",
        "name:en": "Circle k",
        "shop": "supermarket"
      },
      "geometry": {
        "type": "Point",
        "coordinates": [
          106.6820527,
          10.7700652
        ]
      },
      "id": "node/6315672862"
    },
    {
      "type": "Feature",
      "properties": {
        "@id": "node/6315672886",
        "shop": "supermarket"
      },
      "geometry": {
        "type": "Point",
        "coordinates": [
          106.698549,
          10.7680302
        ]
      },
      "id": "node/6315672886"
    },
    {
      "type": "Feature",
      "properties": {
        "@id": "node/6315672928",
        "shop": "supermarket"
      },
      "geometry": {
        "type": "Point",
        "coordinates": [
          106.6761072,
          10.7916005
        ]
      },
      "id": "node/6315672928"
    },
    {
      "type": "Feature",
      "properties": {
        "@id": "node/6315672931",
        "shop": "supermarket"
      },
      "geometry": {
        "type": "Point",
        "coordinates": [
          106.6770997,
          10.7918196
        ]
      },
      "id": "node/6315672931"
    },
    {
      "type": "Feature",
      "properties": {
        "@id": "node/6315673290",
        "shop": "supermarket"
      },
      "geometry": {
        "type": "Point",
        "coordinates": [
          106.679414,
          10.7597325
        ]
      },
      "id": "node/6315673290"
    },
    {
      "type": "Feature",
      "properties": {
        "@id": "node/6315673298",
        "brand": "Ministop",
        "brand:wikidata": "Q1038929",
        "name": "Ministop",
        "name:en": "Ministop",
        "shop": "convenience"
      },
      "geometry": {
        "type": "Point",
        "coordinates": [
          106.699493,
          10.76894
        ]
      },
      "id": "node/6315673298"
    },
    {
      "type": "Feature",
      "properties": {
        "@id": "node/6315673300",
        "name:en": "B's Mart",
        "shop": "supermarket"
      },
      "geometry": {
        "type": "Point",
        "coordinates": [
          106.6989439,
          10.7686252
        ]
      },
      "id": "node/6315673300"
    },
    {
      "type": "Feature",
      "properties": {
        "@id": "node/6315673311",
        "shop": "supermarket"
      },
      "geometry": {
        "type": "Point",
        "coordinates": [
          106.6764316,
          10.7914374
        ]
      },
      "id": "node/6315673311"
    },
    {
      "type": "Feature",
      "properties": {
        "@id": "node/6315676087",
        "brand": "Circle K",
        "brand:wikidata": "Q3268010",
        "name": "Circle K",
        "name:en": "Circle k",
        "opening_hours": "24/7",
        "shop": "convenience"
      },
      "geometry": {
        "type": "Point",
        "coordinates": [
          106.7019218,
          10.7787519
        ]
      },
      "id": "node/6315676087"
    },
    {
      "type": "Feature",
      "properties": {
        "@id": "node/6315676093",
        "name:en": "FamilyMart",
        "shop": "supermarket"
      },
      "geometry": {
        "type": "Point",
        "coordinates": [
          106.6849919,
          10.7732994
        ]
      },
      "id": "node/6315676093"
    },
    {
      "type": "Feature",
      "properties": {
        "@id": "node/6315676105",
        "shop": "supermarket"
      },
      "geometry": {
        "type": "Point",
        "coordinates": [
          106.6755438,
          10.7916278
        ]
      },
      "id": "node/6315676105"
    },
    {
      "type": "Feature",
      "properties": {
        "@id": "node/6315679800",
        "shop": "supermarket"
      },
      "geometry": {
        "type": "Point",
        "coordinates": [
          106.6779316,
          10.7923361
        ]
      },
      "id": "node/6315679800"
    },
    {
      "type": "Feature",
      "properties": {
        "@id": "node/6315681587",
        "amenity": "kindergarten"
      },
      "geometry": {
        "type": "Point",
        "coordinates": [
          106.6816892,
          10.7695412
        ]
      },
      "id": "node/6315681587"
    },
    {
      "type": "Feature",
      "properties": {
        "@id": "node/6315683498",
        "amenity": "kindergarten"
      },
      "geometry": {
        "type": "Point",
        "coordinates": [
          106.6791539,
          10.7924127
        ]
      },
      "id": "node/6315683498"
    },
    {
      "type": "Feature",
      "properties": {
        "@id": "node/6315683501",
        "shop": "convenience"
      },
      "geometry": {
        "type": "Point",
        "coordinates": [
          106.677413,
          10.7920958
        ]
      },
      "id": "node/6315683501"
    },
    {
      "type": "Feature",
      "properties": {
        "@id": "node/6315683516",
        "name": "Tạp Hóa 301",
        "shop": "convenience"
      },
      "geometry": {
        "type": "Point",
        "coordinates": [
          106.6750743,
          10.7916497
        ]
      },
      "id": "node/6315683516"
    },
    {
      "type": "Feature",
      "properties": {
        "@id": "node/6315684186",
        "name:en": "Circle k",
        "shop": "supermarket"
      },
      "geometry": {
        "type": "Point",
        "coordinates": [
          106.6778758,
          10.787936
        ]
      },
      "id": "node/6315684186"
    },
    {
      "type": "Feature",
      "properties": {
        "@id": "node/6315685086",
        "shop": "supermarket"
      },
      "geometry": {
        "type": "Point",
        "coordinates": [
          106.6782189,
          10.7893359
        ]
      },
      "id": "node/6315685086"
    },
    {
      "type": "Feature",
      "properties": {
        "@id": "node/6315685096",
        "shop": "supermarket"
      },
      "geometry": {
        "type": "Point",
        "coordinates": [
          106.6802251,
          10.7861978
        ]
      },
      "id": "node/6315685096"
    },
    {
      "type": "Feature",
      "properties": {
        "@id": "node/6315685293",
        "amenity": "kindergarten"
      },
      "geometry": {
        "type": "Point",
        "coordinates": [
          106.6919057,
          10.7618934
        ]
      },
      "id": "node/6315685293"
    },
    {
      "type": "Feature",
      "properties": {
        "@id": "node/6315685294",
        "check_date": "2026-04-20",
        "check_date:opening_hours": "2026-04-20",
        "name:en": "FamilyMart",
        "opening_hours": "24/7",
        "shop": "supermarket"
      },
      "geometry": {
        "type": "Point",
        "coordinates": [
          106.6897877,
          10.7656939
        ]
      },
      "id": "node/6315685294"
    },
    {
      "type": "Feature",
      "properties": {
        "@id": "node/6315685295",
        "shop": "supermarket"
      },
      "geometry": {
        "type": "Point",
        "coordinates": [
          106.7036914,
          10.7706222
        ]
      },
      "id": "node/6315685295"
    },
    {
      "type": "Feature",
      "properties": {
        "@id": "node/6315685985",
        "shop": "supermarket"
      },
      "geometry": {
        "type": "Point",
        "coordinates": [
          106.6781504,
          10.7886612
        ]
      },
      "id": "node/6315685985"
    },
    {
      "type": "Feature",
      "properties": {
        "@id": "node/6315685989",
        "brand": "Circle K",
        "brand:wikidata": "Q3268010",
        "name": "Circle K",
        "shop": "convenience"
      },
      "geometry": {
        "type": "Point",
        "coordinates": [
          106.696254,
          10.7733237
        ]
      },
      "id": "node/6315685989"
    },
    {
      "type": "Feature",
      "properties": {
        "@id": "node/6315686293",
        "check_date": "2023-12-31",
        "level": "0",
        "name": "Familymart",
        "name:en": "Familymart",
        "payment:cash": "yes",
        "payment:mastercard": "yes",
        "payment:visa": "yes",
        "shop": "supermarket",
        "wheelchair": "yes"
      },
      "geometry": {
        "type": "Point",
        "coordinates": [
          106.6960949,
          10.7617773
        ]
      },
      "id": "node/6315686293"
    },
    {
      "type": "Feature",
      "properties": {
        "@id": "node/6315686295",
        "shop": "supermarket"
      },
      "geometry": {
        "type": "Point",
        "coordinates": [
          106.6932442,
          10.7605084
        ]
      },
      "id": "node/6315686295"
    },
    {
      "type": "Feature",
      "properties": {
        "@id": "node/6315686487",
        "name:en": "Co.opMart",
        "shop": "supermarket"
      },
      "geometry": {
        "type": "Point",
        "coordinates": [
          106.6801482,
          10.7864111
        ]
      },
      "id": "node/6315686487"
    },
    {
      "type": "Feature",
      "properties": {
        "@id": "node/6315686505",
        "brand": "GS25",
        "brand:wikidata": "Q624041",
        "name": "GS25",
        "name:en": "GS25",
        "shop": "convenience"
      },
      "geometry": {
        "type": "Point",
        "coordinates": [
          106.68837,
          10.7699152
        ]
      },
      "id": "node/6315686505"
    },
    {
      "type": "Feature",
      "properties": {
        "@id": "node/6315686506",
        "name": "Circle K",
        "shop": "supermarket"
      },
      "geometry": {
        "type": "Point",
        "coordinates": [
          106.6923622,
          10.7699632
        ]
      },
      "id": "node/6315686506"
    },
    {
      "type": "Feature",
      "properties": {
        "@id": "node/6315686597",
        "brand": "FamilyMart",
        "brand:wikidata": "Q11247682",
        "name": "FamilyMart",
        "shop": "convenience"
      },
      "geometry": {
        "type": "Point",
        "coordinates": [
          106.6900191,
          10.7709554
        ]
      },
      "id": "node/6315686597"
    },
    {
      "type": "Feature",
      "properties": {
        "@id": "node/6315686801",
        "amenity": "kindergarten"
      },
      "geometry": {
        "type": "Point",
        "coordinates": [
          106.6850012,
          10.7596619
        ]
      },
      "id": "node/6315686801"
    },
    {
      "type": "Feature",
      "properties": {
        "@id": "node/6315686992",
        "shop": "convenience"
      },
      "geometry": {
        "type": "Point",
        "coordinates": [
          106.6987344,
          10.764855
        ]
      },
      "id": "node/6315686992"
    },
    {
      "type": "Feature",
      "properties": {
        "@id": "node/6315686994",
        "shop": "supermarket"
      },
      "geometry": {
        "type": "Point",
        "coordinates": [
          106.6929757,
          10.760632
        ]
      },
      "id": "node/6315686994"
    },
    {
      "type": "Feature",
      "properties": {
        "@id": "node/6315686999",
        "name:en": "Circle k",
        "shop": "supermarket"
      },
      "geometry": {
        "type": "Point",
        "coordinates": [
          106.6947722,
          10.7675893
        ]
      },
      "id": "node/6315686999"
    },
    {
      "type": "Feature",
      "properties": {
        "@id": "node/6315687785",
        "brand": "Ministop",
        "brand:wikidata": "Q1038929",
        "name": "Ministop",
        "name:en": "Ministop",
        "shop": "convenience"
      },
      "geometry": {
        "type": "Point",
        "coordinates": [
          106.6971573,
          10.7741035
        ]
      },
      "id": "node/6315687785"
    },
    {
      "type": "Feature",
      "properties": {
        "@id": "node/6315687806",
        "shop": "supermarket"
      },
      "geometry": {
        "type": "Point",
        "coordinates": [
          106.6902381,
          10.7917974
        ]
      },
      "id": "node/6315687806"
    },
    {
      "type": "Feature",
      "properties": {
        "@id": "node/6315687817",
        "name:en": "Familymart",
        "shop": "supermarket"
      },
      "geometry": {
        "type": "Point",
        "coordinates": [
          106.6942504,
          10.7830575
        ]
      },
      "id": "node/6315687817"
    },
    {
      "type": "Feature",
      "properties": {
        "@id": "node/6315687995",
        "amenity": "school",
        "name:en": "University"
      },
      "geometry": {
        "type": "Point",
        "coordinates": [
          106.6911385,
          10.7853291
        ]
      },
      "id": "node/6315687995"
    },
    {
      "type": "Feature",
      "properties": {
        "@id": "node/6315688589",
        "amenity": "school",
        "education": "school",
        "name": "Học viện Nghệ thuật Biểu diễn & Âm nhạc Soul",
        "name:en": "Soul Music & Performing Arts Academy"
      },
      "geometry": {
        "type": "Point",
        "coordinates": [
          106.6931601,
          10.7835066
        ]
      },
      "id": "node/6315688589"
    },
    {
      "type": "Feature",
      "properties": {
        "@id": "node/6315688912",
        "amenity": "kindergarten"
      },
      "geometry": {
        "type": "Point",
        "coordinates": [
          106.6870094,
          10.7712999
        ]
      },
      "id": "node/6315688912"
    },
    {
      "type": "Feature",
      "properties": {
        "@id": "node/6315699185",
        "shop": "convenience"
      },
      "geometry": {
        "type": "Point",
        "coordinates": [
          106.6984381,
          10.7661723
        ]
      },
      "id": "node/6315699185"
    },
    {
      "type": "Feature",
      "properties": {
        "@id": "node/6318125514",
        "name:en": "TD Central Hotel",
        "shop": "supermarket",
        "tourism": "hotel"
      },
      "geometry": {
        "type": "Point",
        "coordinates": [
          106.6950674,
          10.7724614
        ]
      },
      "id": "node/6318125514"
    },
    {
      "type": "Feature",
      "properties": {
        "@id": "node/6318125521",
        "brand": "Circle K",
        "brand:wikidata": "Q3268010",
        "name": "Circle K",
        "shop": "convenience"
      },
      "geometry": {
        "type": "Point",
        "coordinates": [
          106.7028402,
          10.7751257
        ]
      },
      "id": "node/6318125521"
    },
    {
      "type": "Feature",
      "properties": {
        "@id": "node/6318163392",
        "name:en": "Shop & go",
        "shop": "supermarket"
      },
      "geometry": {
        "type": "Point",
        "coordinates": [
          106.7001231,
          10.7676268
        ]
      },
      "id": "node/6318163392"
    },
    {
      "type": "Feature",
      "properties": {
        "@id": "node/6318167786",
        "addr:street": "Đường Nguyễn Công Trứ",
        "brand": "Circle K",
        "brand:wikidata": "Q3268010",
        "name": "Circle K",
        "shop": "convenience"
      },
      "geometry": {
        "type": "Point",
        "coordinates": [
          106.7014884,
          10.7688695
        ]
      },
      "id": "node/6318167786"
    },
    {
      "type": "Feature",
      "properties": {
        "@id": "node/6319103141",
        "shop": "convenience"
      },
      "geometry": {
        "type": "Point",
        "coordinates": [
          106.6973479,
          10.7642868
        ]
      },
      "id": "node/6319103141"
    },
    {
      "type": "Feature",
      "properties": {
        "@id": "node/6319103175",
        "shop": "convenience"
      },
      "geometry": {
        "type": "Point",
        "coordinates": [
          106.6966172,
          10.7646306
        ]
      },
      "id": "node/6319103175"
    },
    {
      "type": "Feature",
      "properties": {
        "@id": "node/6319103178",
        "shop": "supermarket"
      },
      "geometry": {
        "type": "Point",
        "coordinates": [
          106.6967021,
          10.7645863
        ]
      },
      "id": "node/6319103178"
    },
    {
      "type": "Feature",
      "properties": {
        "@id": "node/6319103228",
        "name:en": "Minimart",
        "shop": "supermarket"
      },
      "geometry": {
        "type": "Point",
        "coordinates": [
          106.6992892,
          10.7687743
        ]
      },
      "id": "node/6319103228"
    },
    {
      "type": "Feature",
      "properties": {
        "@id": "node/6319103244",
        "amenity": "kindergarten"
      },
      "geometry": {
        "type": "Point",
        "coordinates": [
          106.6863707,
          10.7803508
        ]
      },
      "id": "node/6319103244"
    },
    {
      "type": "Feature",
      "properties": {
        "@id": "node/6319111397",
        "shop": "supermarket"
      },
      "geometry": {
        "type": "Point",
        "coordinates": [
          106.6972327,
          10.7645562
        ]
      },
      "id": "node/6319111397"
    },
    {
      "type": "Feature",
      "properties": {
        "@id": "node/6319111456",
        "amenity": "kindergarten"
      },
      "geometry": {
        "type": "Point",
        "coordinates": [
          106.6854485,
          10.7809872
        ]
      },
      "id": "node/6319111456"
    },
    {
      "type": "Feature",
      "properties": {
        "@id": "node/6319115302",
        "amenity": "kindergarten",
        "education": "kindergarten"
      },
      "geometry": {
        "type": "Point",
        "coordinates": [
          106.6992519,
          10.7687298
        ]
      },
      "id": "node/6319115302"
    },
    {
      "type": "Feature",
      "properties": {
        "@id": "node/6319115357",
        "brand": "Circle K",
        "brand:wikidata": "Q3268010",
        "name": "Circle K",
        "name:en": "Circle k",
        "shop": "convenience"
      },
      "geometry": {
        "type": "Point",
        "coordinates": [
          106.6895862,
          10.7777976
        ]
      },
      "id": "node/6319115357"
    },
    {
      "type": "Feature",
      "properties": {
        "@id": "node/6340130547",
        "addr:city": "Ho Chi Minh City",
        "addr:district": "4",
        "addr:housenumber": "Ke Q34 Hoàng Diệu, Phường 6, Quận 4, Hồ Chí Minh, Việt Nam",
        "addr:postcode": "700000",
        "addr:street": "Ke Q34 Hoàng Diệu, Phường 6, Quận 4, Hồ Chí Minh, Việt Nam",
        "addr:subdistrict": "6",
        "name": "Phụ kiện trang trí sinh nhật Ellie Party",
        "opening_hours": "Mo-Su 07:00-22:00",
        "operator": "https://www.facebook.com/phukientrangtriellieparty/",
        "shop": "supermarket"
      },
      "geometry": {
        "type": "Point",
        "coordinates": [
          106.7012374,
          10.7608529
        ]
      },
      "id": "node/6340130547"
    },
    {
      "type": "Feature",
      "properties": {
        "@id": "node/6353660885",
        "shop": "supermarket"
      },
      "geometry": {
        "type": "Point",
        "coordinates": [
          106.6963242,
          10.7723341
        ]
      },
      "id": "node/6353660885"
    },
    {
      "type": "Feature",
      "properties": {
        "@id": "node/6388617477",
        "amenity": "college",
        "name": "Trung Tâm Ngoại Ngữ Tin Học Maritime"
      },
      "geometry": {
        "type": "Point",
        "coordinates": [
          106.6932361,
          10.7557673
        ]
      },
      "id": "node/6388617477"
    },
    {
      "type": "Feature",
      "properties": {
        "@id": "node/6388617479",
        "amenity": "college",
        "name": "Trung Tâm Ngoại Ngữ Junior"
      },
      "geometry": {
        "type": "Point",
        "coordinates": [
          106.6931489,
          10.7559742
        ]
      },
      "id": "node/6388617479"
    },
    {
      "type": "Feature",
      "properties": {
        "@id": "node/6389069195",
        "addr:street": "Đường Nguyễn Khoái",
        "name": "Family Mart",
        "not:brand:wikidata": "Q1191685",
        "shop": "convenience"
      },
      "geometry": {
        "type": "Point",
        "coordinates": [
          106.6939187,
          10.7552924
        ]
      },
      "id": "node/6389069195"
    },
    {
      "type": "Feature",
      "properties": {
        "@id": "node/6397830946",
        "addr:city": "Hồ Chí Minh City",
        "addr:district": "District 3",
        "addr:housenumber": "259B",
        "addr:postcode": "700000",
        "addr:province": "Hồ Chí Minh",
        "addr:street": "Hai Bà Trưng",
        "addr:subdistrict": "Ward 6",
        "amenity": "school",
        "description": "Trường đào tạo quản trị nhà hàng khách sạn á âu, với các khóa học quản trị quản lý nhà hàng khách sạn ngắn hạn chuẩn quốc tế 5 sao.\nWebsite: https://quantrinhahang.edu.vn/\nĐiện thoại: 18006148",
        "education": "school",
        "name": "Trung Tâm Đào Tạo Quản Trị Nhà Hàng Khách Sạn Á Âu"
      },
      "geometry": {
        "type": "Point",
        "coordinates": [
          106.6923927,
          10.7873703
        ]
      },
      "id": "node/6397830946"
    },
    {
      "type": "Feature",
      "properties": {
        "@id": "node/6442018087",
        "name:en": "Satra Foods",
        "shop": "supermarket"
      },
      "geometry": {
        "type": "Point",
        "coordinates": [
          106.6929293,
          10.7715103
        ]
      },
      "id": "node/6442018087"
    },
    {
      "type": "Feature",
      "properties": {
        "@id": "node/6468374677",
        "brand": "Circle K",
        "brand:wikidata": "Q3268010",
        "brand:wikipedia": "en:Circle K",
        "name": "Circle K",
        "shop": "convenience"
      },
      "geometry": {
        "type": "Point",
        "coordinates": [
          106.709024,
          10.7921528
        ]
      },
      "id": "node/6468374677"
    },
    {
      "type": "Feature",
      "properties": {
        "@id": "node/6536295069",
        "addr:housenumber": "235",
        "addr:street": "Nguyễn Văn Cừ",
        "amenity": "school",
        "email": "chlhp@lehongphong.edu.vn",
        "fax": "(84 -28) 38353089",
        "name": "Trường Trung học phổ thông Chuyên Lê Hồng Phong",
        "phone": "(84 - 28) 38398506.",
        "website": "http://www.thpt-lehongphong-tphcm.edu.vn/"
      },
      "geometry": {
        "type": "Point",
        "coordinates": [
          106.6815395,
          10.7638344
        ]
      },
      "id": "node/6536295069"
    },
    {
      "type": "Feature",
      "properties": {
        "@id": "node/6727039411",
        "addr:street": "Đường An Dương Vương",
        "amenity": "marketplace",
        "name": "Circle K"
      },
      "geometry": {
        "type": "Point",
        "coordinates": [
          106.6808899,
          10.760328
        ]
      },
      "id": "node/6727039411"
    },
    {
      "type": "Feature",
      "properties": {
        "@id": "node/6727498621",
        "addr:street": "Đường Phạm Viết Chánh",
        "brand": "Circle K",
        "name": "Circle K",
        "not:brand:wikidata": "Q3268010",
        "shop": "convenience"
      },
      "geometry": {
        "type": "Point",
        "coordinates": [
          106.6827071,
          10.7660289
        ]
      },
      "id": "node/6727498621"
    },
    {
      "type": "Feature",
      "properties": {
        "@id": "node/6769791507",
        "addr:street": "Đường Vĩnh Hội",
        "brand": "Circle K",
        "brand:wikidata": "Q3268010",
        "brand:wikipedia": "en:Circle K",
        "name": "Circle K",
        "shop": "convenience"
      },
      "geometry": {
        "type": "Point",
        "coordinates": [
          106.7025259,
          10.7560197
        ]
      },
      "id": "node/6769791507"
    },
    {
      "type": "Feature",
      "properties": {
        "@id": "node/6769791510",
        "addr:street": "Đường Vĩnh Hội",
        "name": "Co.op Food",
        "shop": "supermarket"
      },
      "geometry": {
        "type": "Point",
        "coordinates": [
          106.7045993,
          10.7560618
        ]
      },
      "id": "node/6769791510"
    },
    {
      "type": "Feature",
      "properties": {
        "@id": "node/6770361990",
        "addr:housenumber": "167",
        "addr:street": "Đường Tôn Đản",
        "name": "Co.op Food",
        "shop": "supermarket"
      },
      "geometry": {
        "type": "Point",
        "coordinates": [
          106.7066203,
          10.7581725
        ]
      },
      "id": "node/6770361990"
    },
    {
      "type": "Feature",
      "properties": {
        "@id": "node/6772694507",
        "addr:street": "Đường Nguyễn Trường Tộ",
        "brand": "Circle K",
        "brand:wikidata": "Q3268010",
        "name": "Circle K",
        "shop": "convenience"
      },
      "geometry": {
        "type": "Point",
        "coordinates": [
          106.7045617,
          10.765793
        ]
      },
      "id": "node/6772694507"
    },
    {
      "type": "Feature",
      "properties": {
        "@id": "node/6772783486",
        "addr:housenumber": "183",
        "addr:street": "Đường Hoàng Diệu",
        "branch": "VN",
        "brand": "Ministop",
        "brand:wikidata": "Q1038929",
        "name": "Ministop",
        "shop": "convenience"
      },
      "geometry": {
        "type": "Point",
        "coordinates": [
          106.7031603,
          10.762801
        ]
      },
      "id": "node/6772783486"
    },
    {
      "type": "Feature",
      "properties": {
        "@id": "node/6773185221",
        "brand": "Circle K",
        "brand:wikidata": "Q3268010",
        "name": "Circle K",
        "shop": "convenience"
      },
      "geometry": {
        "type": "Point",
        "coordinates": [
          106.7072862,
          10.7605908
        ]
      },
      "id": "node/6773185221"
    },
    {
      "type": "Feature",
      "properties": {
        "@id": "node/6773185223",
        "addr:street": "Đường Tôn Đản",
        "brand": "Circle K",
        "brand:wikidata": "Q3268010",
        "name": "Circle K",
        "shop": "convenience"
      },
      "geometry": {
        "type": "Point",
        "coordinates": [
          106.7078407,
          10.761548
        ]
      },
      "id": "node/6773185223"
    },
    {
      "type": "Feature",
      "properties": {
        "@id": "node/6775727584",
        "addr:street": "Đường Trần Bình Trọng",
        "amenity": "marketplace",
        "name": "Circle K"
      },
      "geometry": {
        "type": "Point",
        "coordinates": [
          106.6796708,
          10.7608827
        ]
      },
      "id": "node/6775727584"
    },
    {
      "type": "Feature",
      "properties": {
        "@id": "node/6783472668",
        "addr:housename": "107",
        "addr:street": "Nguyễn Tất Thành",
        "name": "Satra Foods",
        "shop": "supermarket"
      },
      "geometry": {
        "type": "Point",
        "coordinates": [
          106.7080325,
          10.7634465
        ]
      },
      "id": "node/6783472668"
    },
    {
      "type": "Feature",
      "properties": {
        "@id": "node/6786068685",
        "addr:housenumber": "84",
        "addr:street": "Đường Nguyễn Khoái",
        "name": "Co.op Food - Nguyễn Khoái",
        "shop": "supermarket"
      },
      "geometry": {
        "type": "Point",
        "coordinates": [
          106.694199,
          10.7555361
        ]
      },
      "id": "node/6786068685"
    },
    {
      "type": "Feature",
      "properties": {
        "@id": "node/6790696602",
        "addr:street": "Đường Bùi Viện",
        "brand": "Circle K",
        "brand:wikidata": "Q3268010",
        "name": "Circle K",
        "shop": "convenience"
      },
      "geometry": {
        "type": "Point",
        "coordinates": [
          106.6947328,
          10.7677232
        ]
      },
      "id": "node/6790696602"
    },
    {
      "type": "Feature",
      "properties": {
        "@id": "node/6791076695",
        "addr:city": "Ho Chi Minh City",
        "addr:district": "5",
        "addr:postcode": "70000",
        "addr:province": "Thành phố Hồ Chí Minh",
        "addr:street": "Đường Nguyễn Văn Cừ",
        "addr:subdistrict": "4",
        "brand": "GS 25",
        "name": "GS25",
        "not:brand:wikidata": "Q624041",
        "opening_hours": "24/7",
        "shop": "convenience"
      },
      "geometry": {
        "type": "Point",
        "coordinates": [
          106.682758,
          10.7620632
        ]
      },
      "id": "node/6791076695"
    },
    {
      "type": "Feature",
      "properties": {
        "@id": "node/6793455984",
        "addr:street": "Đường Nguyễn Công Trứ",
        "brand": "Circle K",
        "brand:wikidata": "Q3268010",
        "name": "Circle K",
        "shop": "convenience"
      },
      "geometry": {
        "type": "Point",
        "coordinates": [
          106.7009937,
          10.7682139
        ]
      },
      "id": "node/6793455984"
    },
    {
      "type": "Feature",
      "properties": {
        "@id": "node/6793862984",
        "addr:street": "Đường Ðiện Biên Phủ",
        "brand": "WinMart+",
        "brand:wikidata": "Q113236478",
        "name": "WinMart+",
        "shop": "convenience"
      },
      "geometry": {
        "type": "Point",
        "coordinates": [
          106.6760029,
          10.7699747
        ]
      },
      "id": "node/6793862984"
    },
    {
      "type": "Feature",
      "properties": {
        "@id": "node/6793955844",
        "addr:street": "Đường Hồ Hảo Hớn",
        "brand": "WinMart+",
        "brand:wikidata": "Q113236478",
        "name": "WinMart+",
        "opening_hours": "Mo-Su 06:00-22:00",
        "shop": "convenience"
      },
      "geometry": {
        "type": "Point",
        "coordinates": [
          106.6921565,
          10.7613866
        ]
      },
      "id": "node/6793955844"
    },
    {
      "type": "Feature",
      "properties": {
        "@id": "node/6965164241",
        "addr:city": "Ho Chi Minh City",
        "addr:district": "Bình Thạnh",
        "addr:housenumber": "59",
        "addr:street": "Ngô Tất Tố",
        "addr:subdistrict": "Phường 21",
        "name": "Siêu Thị Vive Gourmet Food & Wine",
        "opening_hours": "Mo-Su 08:00-21:00",
        "shop": "supermarket"
      },
      "geometry": {
        "type": "Point",
        "coordinates": [
          106.7124906,
          10.7938895
        ]
      },
      "id": "node/6965164241"
    },
    {
      "type": "Feature",
      "properties": {
        "@id": "node/7013019385",
        "name:en": "Circle K",
        "shop": "convenience"
      },
      "geometry": {
        "type": "Point",
        "coordinates": [
          106.6772257,
          10.7822957
        ]
      },
      "id": "node/7013019385"
    },
    {
      "type": "Feature",
      "properties": {
        "@id": "node/7041918753",
        "brand": "FamilyMart",
        "brand:wikidata": "Q11247682",
        "name": "FamilyMart",
        "opening_hours": "24/7",
        "shop": "convenience"
      },
      "geometry": {
        "type": "Point",
        "coordinates": [
          106.6921753,
          10.7858882
        ]
      },
      "id": "node/7041918753"
    },
    {
      "type": "Feature",
      "properties": {
        "@id": "node/7065349285",
        "name": "Cirkle K",
        "shop": "convenience"
      },
      "geometry": {
        "type": "Point",
        "coordinates": [
          106.6930378,
          10.7636236
        ]
      },
      "id": "node/7065349285"
    },
    {
      "type": "Feature",
      "properties": {
        "@id": "node/7065354587",
        "brand": "WinMart+",
        "brand:wikidata": "Q113236478",
        "name": "WinMart+",
        "name:en": "VinMart+",
        "shop": "convenience"
      },
      "geometry": {
        "type": "Point",
        "coordinates": [
          106.6923036,
          10.7612781
        ]
      },
      "id": "node/7065354587"
    },
    {
      "type": "Feature",
      "properties": {
        "@id": "node/7065365585",
        "name:en": "10k shop",
        "shop": "convenience"
      },
      "geometry": {
        "type": "Point",
        "coordinates": [
          106.6921024,
          10.7614192
        ]
      },
      "id": "node/7065365585"
    },
    {
      "type": "Feature",
      "properties": {
        "@id": "node/7078025375",
        "addr:city": "Ho Chi Minh City",
        "addr:district": "Phú Nhuận",
        "addr:housenumber": "386-388",
        "addr:province": "Hồ Chí Minh",
        "addr:street": "Trường Sa",
        "addr:subdistrict": "Phường 2",
        "brand": "BambooBebe",
        "description": "Bamboo Bebe mang đến các sản phẩm đa dạng như: khăn sữa, khăn đa năng, khăn tắm, khăn mặt,thảm lót chống thấm, gối chống bẹp đầu, quần áo, các sản phẩm hỗ trợ cho mẹ và bé, tã vải, nước giặt…",
        "email": "store@gureumi.vn",
        "name": "BambooBebe Việt Nam",
        "opening_hours": "Mo-Su 09:00-21:00",
        "operator": "Công ty TNHH Gureumi",
        "phone": "090 951 11 94",
        "shop": "supermarket",
        "website": "www.bamboobebevietnam.com"
      },
      "geometry": {
        "type": "Point",
        "coordinates": [
          106.6866507,
          10.796771
        ]
      },
      "id": "node/7078025375"
    },
    {
      "type": "Feature",
      "properties": {
        "@id": "node/7078048746",
        "addr:city": "Ho Chi Minh City",
        "addr:district": "Phú Nhuận",
        "addr:housenumber": "386-388",
        "addr:province": "Hồ Chí Minh",
        "addr:street": "Trường Sa",
        "addr:subdistrict": "Phường 2",
        "email": "store@gureumi.vn",
        "name": "Công ty TNHH Gureumi",
        "opening_hours": "Mo-Su 09:00-20:00",
        "operator": "Công ty TNHH Gureumi",
        "shop": "supermarket",
        "website": "https://gureumi.store/"
      },
      "geometry": {
        "type": "Point",
        "coordinates": [
          106.6866392,
          10.7967542
        ]
      },
      "id": "node/7078048746"
    },
    {
      "type": "Feature",
      "properties": {
        "@id": "node/7101615285",
        "name": "Cửa Hàng Tiện Lợi G25",
        "shop": "convenience"
      },
      "geometry": {
        "type": "Point",
        "coordinates": [
          106.6964872,
          10.7844131
        ]
      },
      "id": "node/7101615285"
    },
    {
      "type": "Feature",
      "properties": {
        "@id": "node/7169744385",
        "brand": "Cheers",
        "brand:wikidata": "Q64154066",
        "name": "Cheers",
        "opening_hours": "24/7",
        "shop": "convenience"
      },
      "geometry": {
        "type": "Point",
        "coordinates": [
          106.6972368,
          10.7726879
        ]
      },
      "id": "node/7169744385"
    },
    {
      "type": "Feature",
      "properties": {
        "@id": "node/7171012885",
        "brand": "Circle K",
        "brand:wikidata": "Q3268010",
        "brand:wikipedia": "en:Circle K",
        "name": "Circle K",
        "shop": "convenience"
      },
      "geometry": {
        "type": "Point",
        "coordinates": [
          106.7003005,
          10.779199
        ]
      },
      "id": "node/7171012885"
    },
    {
      "type": "Feature",
      "properties": {
        "@id": "node/7330908685",
        "brand": "FamilyMart",
        "brand:wikidata": "Q11247682",
        "name": "FamilyMart",
        "shop": "convenience"
      },
      "geometry": {
        "type": "Point",
        "coordinates": [
          106.7028124,
          10.7787817
        ]
      },
      "id": "node/7330908685"
    },
    {
      "type": "Feature",
      "properties": {
        "@id": "node/7436469385",
        "addr:street": "Nguyễn Phúc Nguyên",
        "brand": "WinMart",
        "brand:wikidata": "Q60245505",
        "name": "WinMart",
        "not:brand:wikidata": "Q60245505",
        "shop": "supermarket"
      },
      "geometry": {
        "type": "Point",
        "coordinates": [
          106.6785971,
          10.7808095
        ]
      },
      "id": "node/7436469385"
    },
    {
      "type": "Feature",
      "properties": {
        "@id": "node/7496470235",
        "brand": "WinMart+",
        "brand:wikidata": "Q113236478",
        "name": "WinMart+",
        "opening_hours": "Mo-Su 7:00-22:00",
        "payment:cash": "yes",
        "payment:credit_cards": "yes",
        "payment:debit_cards": "yes",
        "payment:unionpay": "yes",
        "shop": "convenience"
      },
      "geometry": {
        "type": "Point",
        "coordinates": [
          106.7117503,
          10.7868852
        ]
      },
      "id": "node/7496470235"
    },
    {
      "type": "Feature",
      "properties": {
        "@id": "node/7497248196",
        "brand": "Ministop",
        "brand:wikidata": "Q1038929",
        "brand:wikipedia": "en:Ministop",
        "name": "Ministop",
        "opening_hours": "24/7",
        "payment:cash": "yes",
        "payment:credit_cards": "yes",
        "payment:debit_cards": "yes",
        "payment:unionpay": "yes",
        "shop": "convenience"
      },
      "geometry": {
        "type": "Point",
        "coordinates": [
          106.7113385,
          10.7867368
        ]
      },
      "id": "node/7497248196"
    },
    {
      "type": "Feature",
      "properties": {
        "@id": "node/7497279742",
        "brand": "7-Eleven",
        "brand:wikidata": "Q259340",
        "brand:wikipedia": "en:7-Eleven",
        "name": "7-Eleven",
        "opening_hours": "24/7",
        "shop": "convenience"
      },
      "geometry": {
        "type": "Point",
        "coordinates": [
          106.7100738,
          10.7865927
        ]
      },
      "id": "node/7497279742"
    },
    {
      "type": "Feature",
      "properties": {
        "@id": "node/7499892808",
        "name": "Chợ 200",
        "name:en": "Street food Market 200",
        "name:id": "Pasar jajanan jalanan 200",
        "name:ko": "200 길거리음식시장",
        "name:zh": "уличный рынок 200",
        "shop": "supermarket",
        "wheelchair": "yes"
      },
      "geometry": {
        "type": "Point",
        "coordinates": [
          106.7083025,
          10.7559254
        ]
      },
      "id": "node/7499892808"
    },
    {
      "type": "Feature",
      "properties": {
        "@id": "node/7529106375",
        "brand": "7-Eleven",
        "brand:wikidata": "Q259340",
        "name": "7-Eleven",
        "shop": "convenience"
      },
      "geometry": {
        "type": "Point",
        "coordinates": [
          106.7045255,
          10.7806435
        ]
      },
      "id": "node/7529106375"
    },
    {
      "type": "Feature",
      "properties": {
        "@id": "node/7529106403",
        "brand": "FamilyMart",
        "brand:wikidata": "Q11247682",
        "name": "FamilyMart",
        "shop": "convenience"
      },
      "geometry": {
        "type": "Point",
        "coordinates": [
          106.70496,
          10.7812739
        ]
      },
      "id": "node/7529106403"
    },
    {
      "type": "Feature",
      "properties": {
        "@id": "node/7829883985",
        "name": "Foodmart",
        "shop": "supermarket"
      },
      "geometry": {
        "type": "Point",
        "coordinates": [
          106.6993939,
          10.799293
        ]
      },
      "id": "node/7829883985"
    },
    {
      "type": "Feature",
      "properties": {
        "@id": "node/9584833447",
        "amenity": "school",
        "name": "UEH-ISB Viện Đào Tạo Quốc Tế"
      },
      "geometry": {
        "type": "Point",
        "coordinates": [
          106.6917901,
          10.7778944
        ]
      },
      "id": "node/9584833447"
    },
    {
      "type": "Feature",
      "properties": {
        "@id": "node/9584833473",
        "branch": "39 Bến Vân Đồn",
        "brand": "7-Eleven",
        "brand:wikidata": "Q259340",
        "name": "7-Eleven",
        "shop": "convenience"
      },
      "geometry": {
        "type": "Point",
        "coordinates": [
          106.7032994,
          10.766734
        ]
      },
      "id": "node/9584833473"
    },
    {
      "type": "Feature",
      "properties": {
        "@id": "node/9584841106",
        "amenity": "marketplace",
        "name": "Chợ Hoa Hồ Thị Kỷ"
      },
      "geometry": {
        "type": "Point",
        "coordinates": [
          106.6774059,
          10.7656721
        ]
      },
      "id": "node/9584841106"
    },
    {
      "type": "Feature",
      "properties": {
        "@id": "node/9584911952",
        "name": "Saigon Mall Cao Thắng",
        "shop": "mall"
      },
      "geometry": {
        "type": "Point",
        "coordinates": [
          106.6829983,
          10.7692463
        ]
      },
      "id": "node/9584911952"
    },
    {
      "type": "Feature",
      "properties": {
        "@id": "node/9584911957",
        "name": "Siêu Thị Aeon Citimart Cao Thắng",
        "shop": "supermarket"
      },
      "geometry": {
        "type": "Point",
        "coordinates": [
          106.6807503,
          10.7716235
        ]
      },
      "id": "node/9584911957"
    },
    {
      "type": "Feature",
      "properties": {
        "@id": "node/9584932185",
        "branch": "8A 11D1 Thái Văn Lung",
        "brand": "Circle K",
        "brand:wikidata": "Q3268010",
        "name": "Circle K",
        "shop": "convenience"
      },
      "geometry": {
        "type": "Point",
        "coordinates": [
          106.7046884,
          10.7792725
        ]
      },
      "id": "node/9584932185"
    },
    {
      "type": "Feature",
      "properties": {
        "@id": "node/9585835375",
        "name": "Trung Tâm Mua Sắm Nowzone - Nguyễn Văn Cừ",
        "shop": "mall"
      },
      "geometry": {
        "type": "Point",
        "coordinates": [
          106.6824266,
          10.764339
        ]
      },
      "id": "node/9585835375"
    },
    {
      "type": "Feature",
      "properties": {
        "@id": "node/9586890718",
        "name": "Trung tâm mua sắm Sài Gòn Garden",
        "shop": "mall"
      },
      "geometry": {
        "type": "Point",
        "coordinates": [
          106.7038659,
          10.7733608
        ]
      },
      "id": "node/9586890718"
    },
    {
      "type": "Feature",
      "properties": {
        "@id": "node/9586952123",
        "amenity": "university",
        "check_date": "2025-04-22",
        "name": "Trường Đại Học Sư Phạm Thành phố Hồ Chí Minh"
      },
      "geometry": {
        "type": "Point",
        "coordinates": [
          106.6822697,
          10.7612196
        ]
      },
      "id": "node/9586952123"
    },
    {
      "type": "Feature",
      "properties": {
        "@id": "node/9587042690",
        "addr:city": "Thành Phố Hồ Chí Minh",
        "addr:district": "Quận Bình Thạnh",
        "addr:housenumber": "276",
        "addr:province": "Thành phố Hồ Chí Minh",
        "addr:street": "Điện Biên Phủ",
        "addr:subdistrict": "17",
        "amenity": "university",
        "education": "university",
        "name": "Trường Đại học Kinh tế Tài chính Thành phố Hồ Chí Minh (UEF)"
      },
      "geometry": {
        "type": "Point",
        "coordinates": [
          106.7031929,
          10.7970171
        ]
      },
      "id": "node/9587042690"
    },
    {
      "type": "Feature",
      "properties": {
        "@id": "node/9587329655",
        "amenity": "marketplace",
        "name": "Bách Hóa Xanh - 2C - 2D Phùng Văn Cung"
      },
      "geometry": {
        "type": "Point",
        "coordinates": [
          106.6866177,
          10.7999139
        ]
      },
      "id": "node/9587329655"
    },
    {
      "type": "Feature",
      "properties": {
        "@id": "node/9587486344",
        "amenity": "marketplace",
        "name": "Chợ Dân Sinh"
      },
      "geometry": {
        "type": "Point",
        "coordinates": [
          106.6979948,
          10.7665534
        ]
      },
      "id": "node/9587486344"
    },
    {
      "type": "Feature",
      "properties": {
        "@id": "node/9587486348",
        "amenity": "marketplace",
        "name": "Chợ Cô Giang"
      },
      "geometry": {
        "type": "Point",
        "coordinates": [
          106.6947299,
          10.7627952
        ]
      },
      "id": "node/9587486348"
    },
    {
      "type": "Feature",
      "properties": {
        "@id": "node/9694141325",
        "amenity": "school",
        "name": "Trường Tiểu Học Vạn Tường"
      },
      "geometry": {
        "type": "Point",
        "coordinates": [
          106.6760754,
          10.7929023
        ]
      },
      "id": "node/9694141325"
    },
    {
      "type": "Feature",
      "properties": {
        "@id": "node/9722560649",
        "addr:housenumber": "93",
        "addr:street": "Đường Cao Thắng",
        "amenity": "university",
        "name": "Trường Đại học Hoa Sen - cơ sở Cao Thắng"
      },
      "geometry": {
        "type": "Point",
        "coordinates": [
          106.6791108,
          10.7722267
        ]
      },
      "id": "node/9722560649"
    },
    {
      "type": "Feature",
      "properties": {
        "@id": "node/9734891598",
        "addr:housenumber": "262",
        "addr:street": "Đường Nam Kỳ Khởi Nghĩa",
        "amenity": "college",
        "name": "Trường Cao đẳng Nova"
      },
      "geometry": {
        "type": "Point",
        "coordinates": [
          106.6871226,
          10.7872016
        ]
      },
      "id": "node/9734891598"
    },
    {
      "type": "Feature",
      "properties": {
        "@id": "node/9921298480",
        "name": "Grove Fresh",
        "shop": "supermarket"
      },
      "geometry": {
        "type": "Point",
        "coordinates": [
          106.6845432,
          10.7680881
        ]
      },
      "id": "node/9921298480"
    },
    {
      "type": "Feature",
      "properties": {
        "@id": "node/10223211817",
        "brand": "Circle K",
        "brand:wikidata": "Q3268010",
        "name": "Circle K",
        "shop": "convenience"
      },
      "geometry": {
        "type": "Point",
        "coordinates": [
          106.6911149,
          10.7910951
        ]
      },
      "id": "node/10223211817"
    },
    {
      "type": "Feature",
      "properties": {
        "@id": "node/10539950899",
        "name": "Chợ Vạn Kiếp",
        "shop": "supermarket"
      },
      "geometry": {
        "type": "Point",
        "coordinates": [
          106.6938742,
          10.7998008
        ]
      },
      "id": "node/10539950899"
    },
    {
      "type": "Feature",
      "properties": {
        "@id": "node/10607444052",
        "addr:housenumber": "Aqua 3",
        "brand": "GS25",
        "brand:wikidata": "Q624041",
        "name": "GS25",
        "opening_hours": "24/7",
        "shop": "convenience"
      },
      "geometry": {
        "type": "Point",
        "coordinates": [
          106.7113903,
          10.7870002
        ]
      },
      "id": "node/10607444052"
    },
    {
      "type": "Feature",
      "properties": {
        "@id": "node/10610757105",
        "name:en": "Au lac - District 1",
        "shop": "convenience"
      },
      "geometry": {
        "type": "Point",
        "coordinates": [
          106.691255,
          10.7885039
        ]
      },
      "id": "node/10610757105"
    },
    {
      "type": "Feature",
      "properties": {
        "@id": "node/10777134131",
        "addr:city": "Ho Chi Minh City",
        "addr:district": "Bình Thạnh",
        "addr:housenumber": "76A",
        "addr:postcode": "700000",
        "addr:province": "Hồ Chí Minh",
        "addr:street": "Đường Phạm Viết Chánh",
        "addr:subdistrict": "Phường 19",
        "air_conditioning": "yes",
        "diet:meat": "yes",
        "email": "basao.net@gmail.com",
        "image": "https://www.facebook.com/photo/?fbid=198696639432332&set=a.198696636098999",
        "internet_access": "yes",
        "internet_access:fee": "customers",
        "name": "Cửa hàng Bách hóa Basao Grocery",
        "opening_hours": "Mo-Su 07:00-22:00",
        "operator": "Bách hóa Basao",
        "organic": "only",
        "payment:app": "yes",
        "payment:cards": "yes",
        "payment:cash": "yes",
        "payment:credit_cards": "yes",
        "payment:debit_cards": "yes",
        "payment:mastercard": "yes",
        "payment:visa": "yes",
        "payment:visa_debit": "yes",
        "phone": "0982896297",
        "shop": "supermarket",
        "toilets": "yes",
        "website": "https://www.facebook.com/basao.net",
        "wikipedia": "vi:https://zalo.me/84982896297"
      },
      "geometry": {
        "type": "Point",
        "coordinates": [
          106.7111094,
          10.7900679
        ]
      },
      "id": "node/10777134131"
    },
    {
      "type": "Feature",
      "properties": {
        "@id": "node/10780370874",
        "brand": "GS25",
        "brand:wikidata": "Q624041",
        "name": "GS25",
        "shop": "convenience"
      },
      "geometry": {
        "type": "Point",
        "coordinates": [
          106.7133023,
          10.7783381
        ]
      },
      "id": "node/10780370874"
    },
    {
      "type": "Feature",
      "properties": {
        "@id": "node/10801342656",
        "addr:city": "HCMC",
        "addr:district": "Quan Binh Thanh",
        "addr:housenumber": "24",
        "addr:street": "Vũ Huy Tấn",
        "addr:subdistrict": "3",
        "name": "Gạo Hồng Nhung",
        "opening_hours": "Mo-Su 08:00-20:00",
        "phone": "0979354567",
        "shop": "supermarket"
      },
      "geometry": {
        "type": "Point",
        "coordinates": [
          106.6953508,
          10.7957801
        ]
      },
      "id": "node/10801342656"
    },
    {
      "type": "Feature",
      "properties": {
        "@id": "node/10807959905",
        "name:en": "Circle K",
        "shop": "supermarket"
      },
      "geometry": {
        "type": "Point",
        "coordinates": [
          106.7055429,
          10.7773144
        ]
      },
      "id": "node/10807959905"
    },
    {
      "type": "Feature",
      "properties": {
        "@id": "node/10813698531",
        "brand": "GS25",
        "brand:wikidata": "Q624041",
        "name": "GS25",
        "shop": "convenience"
      },
      "geometry": {
        "type": "Point",
        "coordinates": [
          106.7040685,
          10.7667508
        ]
      },
      "id": "node/10813698531"
    },
    {
      "type": "Feature",
      "properties": {
        "@id": "node/10813698533",
        "brand": "7-Eleven",
        "brand:wikidata": "Q259340",
        "name": "7-Eleven",
        "shop": "convenience"
      },
      "geometry": {
        "type": "Point",
        "coordinates": [
          106.7029156,
          10.7657626
        ]
      },
      "id": "node/10813698533"
    },
    {
      "type": "Feature",
      "properties": {
        "@id": "node/10879939105",
        "name:en": "Busy Morning Market",
        "shop": "supermarket"
      },
      "geometry": {
        "type": "Point",
        "coordinates": [
          106.6793367,
          10.7706211
        ]
      },
      "id": "node/10879939105"
    },
    {
      "type": "Feature",
      "properties": {
        "@id": "node/11055959605",
        "brand": "7-Eleven",
        "brand:wikidata": "Q259340",
        "name": "7-Eleven",
        "name:en": "7 eleven",
        "shop": "convenience"
      },
      "geometry": {
        "type": "Point",
        "coordinates": [
          106.6988825,
          10.7633486
        ]
      },
      "id": "node/11055959605"
    },
    {
      "type": "Feature",
      "properties": {
        "@id": "node/11055960005",
        "brand": "7-Eleven",
        "brand:wikidata": "Q259340",
        "name": "7-Eleven",
        "name:en": "7 Eleven",
        "opening_hours": "24/7",
        "shop": "convenience"
      },
      "geometry": {
        "type": "Point",
        "coordinates": [
          106.6989557,
          10.7625182
        ]
      },
      "id": "node/11055960005"
    },
    {
      "type": "Feature",
      "properties": {
        "@id": "node/11104600820",
        "addr:city": "Thành phố Hồ Chí Minh",
        "addr:district": "Quận 1",
        "addr:province": "Vietnam",
        "addr:street": "Hồ Huấn Nghiệp",
        "addr:subdistrict": "Phường Bến Nghé",
        "brand": "7-Eleven",
        "brand:wikidata": "Q259340",
        "name": "7-Eleven",
        "name:ja": "セブン-イレブン",
        "opening_hours": "24/7",
        "payment:app": "yes",
        "payment:cash": "yes",
        "payment:credit_cards": "yes",
        "payment:debit_cards": "yes",
        "shop": "convenience"
      },
      "geometry": {
        "type": "Point",
        "coordinates": [
          106.7057152,
          10.7745392
        ]
      },
      "id": "node/11104600820"
    },
    {
      "type": "Feature",
      "properties": {
        "@id": "node/11124634717",
        "addr:city": "TP. Hồ Chí Minh",
        "addr:district": "District 1",
        "addr:housenumber": "116",
        "addr:postcode": "70000",
        "addr:street": "Nguyễn Thái Bình",
        "addr:subdistrict": "Phường Nguyễn Thái Bình",
        "name": "116 Culture Luxury",
        "opening_hours": "Mo-Su 09:00-22:00",
        "phone": "0911 618 116",
        "shop": "supermarket"
      },
      "geometry": {
        "type": "Point",
        "coordinates": [
          106.6986624,
          10.7684748
        ]
      },
      "id": "node/11124634717"
    },
    {
      "type": "Feature",
      "properties": {
        "@id": "node/11433399669",
        "shop": "convenience"
      },
      "geometry": {
        "type": "Point",
        "coordinates": [
          106.6968917,
          10.7727408
        ]
      },
      "id": "node/11433399669"
    },
    {
      "type": "Feature",
      "properties": {
        "@id": "node/11433400369",
        "shop": "convenience"
      },
      "geometry": {
        "type": "Point",
        "coordinates": [
          106.6920971,
          10.7681437
        ]
      },
      "id": "node/11433400369"
    },
    {
      "type": "Feature",
      "properties": {
        "@id": "node/11433411669",
        "shop": "convenience"
      },
      "geometry": {
        "type": "Point",
        "coordinates": [
          106.692785,
          10.7672169
        ]
      },
      "id": "node/11433411669"
    },
    {
      "type": "Feature",
      "properties": {
        "@id": "node/11433411769",
        "name": "Siêu thị Bách hóa XANH",
        "shop": "supermarket"
      },
      "geometry": {
        "type": "Point",
        "coordinates": [
          106.6947703,
          10.7656009
        ]
      },
      "id": "node/11433411769"
    },
    {
      "type": "Feature",
      "properties": {
        "@id": "node/11433416569",
        "shop": "convenience"
      },
      "geometry": {
        "type": "Point",
        "coordinates": [
          106.7059532,
          10.7822529
        ]
      },
      "id": "node/11433416569"
    },
    {
      "type": "Feature",
      "properties": {
        "@id": "node/11533727958",
        "addr:floor": "B3",
        "addr:housenumber": "72",
        "addr:street": "Đường Lê Thánh Tôn",
        "brand": "WinMart",
        "brand:wikidata": "Q60245505",
        "check_date": "2024-01-20",
        "level": "-3",
        "name": "WinMart",
        "payment:cash": "yes",
        "payment:mastercard": "yes",
        "payment:visa": "yes",
        "shop": "supermarket"
      },
      "geometry": {
        "type": "Point",
        "coordinates": [
          106.7020738,
          10.7782504
        ]
      },
      "id": "node/11533727958"
    },
    {
      "type": "Feature",
      "properties": {
        "@id": "node/11817777669",
        "brand": "Ministop",
        "brand:wikidata": "Q1038929",
        "name": "Ministop",
        "name:en": "Mini stop",
        "shop": "convenience"
      },
      "geometry": {
        "type": "Point",
        "coordinates": [
          106.6996112,
          10.7906513
        ]
      },
      "id": "node/11817777669"
    },
    {
      "type": "Feature",
      "properties": {
        "@id": "node/11898827194",
        "addr:city": "Thành phố Hồ Chí Minh",
        "addr:district": "Quận 3",
        "addr:housenumber": "342",
        "addr:postcode": "72416",
        "addr:province": "Thành phố Hồ Chí Minh",
        "addr:street": "Nguyễn Đình Chiểu",
        "addr:subdistrict": "Phường 4",
        "name": "USAMua - Mua Hàng Mỹ",
        "opening_hours": "Mo-Su 09:00-21:00",
        "payment:cash": "yes",
        "payment:credit_cards": "yes",
        "payment:debit_cards": "yes",
        "payment:mastercard": "yes",
        "payment:visa": "yes",
        "phone": "093 290 13 57",
        "shop": "convenience"
      },
      "geometry": {
        "type": "Point",
        "coordinates": [
          106.6859773,
          10.7742568
        ]
      },
      "id": "node/11898827194"
    },
    {
      "type": "Feature",
      "properties": {
        "@id": "node/12259274107",
        "amenity": "marketplace",
        "name": "Seafood mini-market",
        "opening_hours": "06:00-18:00"
      },
      "geometry": {
        "type": "Point",
        "coordinates": [
          106.7073948,
          10.7910098
        ]
      },
      "id": "node/12259274107"
    },
    {
      "type": "Feature",
      "properties": {
        "@id": "node/12422921829",
        "brand": "7-Eleven",
        "brand:wikidata": "Q259340",
        "name": "7-Eleven",
        "opening_hours": "24/7",
        "shop": "convenience",
        "wheelchair": "limited"
      },
      "geometry": {
        "type": "Point",
        "coordinates": [
          106.6972167,
          10.7724314
        ]
      },
      "id": "node/12422921829"
    },
    {
      "type": "Feature",
      "properties": {
        "@id": "node/12422940701",
        "addr:housenumber": "275",
        "addr:street": "Lý Tự Trọng",
        "brand": "7-Eleven",
        "brand:wikidata": "Q259340",
        "level": "0;1",
        "name": "7-Eleven",
        "name:en": "7-Eleven",
        "opening_hours": "24/7",
        "payment:cards": "yes",
        "payment:cash": "yes",
        "shop": "convenience",
        "wheelchair": "limited"
      },
      "geometry": {
        "type": "Point",
        "coordinates": [
          106.6944422,
          10.7719747
        ]
      },
      "id": "node/12422940701"
    },
    {
      "type": "Feature",
      "properties": {
        "@id": "node/12443047058",
        "brand": "GS25",
        "brand:wikidata": "Q624041",
        "name": "GS25",
        "shop": "convenience"
      },
      "geometry": {
        "type": "Point",
        "coordinates": [
          106.70111,
          10.78193
        ]
      },
      "id": "node/12443047058"
    },
    {
      "type": "Feature",
      "properties": {
        "@id": "node/12443049765",
        "brand": "7-Eleven",
        "brand:wikidata": "Q259340",
        "name": "7-Eleven",
        "shop": "convenience"
      },
      "geometry": {
        "type": "Point",
        "coordinates": [
          106.7011933,
          10.7818559
        ]
      },
      "id": "node/12443049765"
    },
    {
      "type": "Feature",
      "properties": {
        "@id": "node/12450925661",
        "brand": "GS25",
        "brand:wikidata": "Q624041",
        "name": "GS25",
        "opening_hours": "Mo-Su 06:00-24:00",
        "shop": "convenience"
      },
      "geometry": {
        "type": "Point",
        "coordinates": [
          106.7008712,
          10.7811577
        ]
      },
      "id": "node/12450925661"
    },
    {
      "type": "Feature",
      "properties": {
        "@id": "node/12462795697",
        "brand": "Circle K",
        "brand:wikidata": "Q3268010",
        "name": "Circle K",
        "shop": "convenience"
      },
      "geometry": {
        "type": "Point",
        "coordinates": [
          106.7042649,
          10.7755018
        ]
      },
      "id": "node/12462795697"
    },
    {
      "type": "Feature",
      "properties": {
        "@id": "node/12546141701",
        "name": "Mini stop",
        "shop": "supermarket"
      },
      "geometry": {
        "type": "Point",
        "coordinates": [
          106.6984934,
          10.7680533
        ]
      },
      "id": "node/12546141701"
    },
    {
      "type": "Feature",
      "properties": {
        "@id": "node/12606277001",
        "brand": "GS25",
        "brand:wikidata": "Q624041",
        "name": "GS25",
        "shop": "convenience"
      },
      "geometry": {
        "type": "Point",
        "coordinates": [
          106.7132631,
          10.7804048
        ]
      },
      "id": "node/12606277001"
    },
    {
      "type": "Feature",
      "properties": {
        "@id": "node/12622902601",
        "name": "Bach hoa XANX",
        "shop": "supermarket"
      },
      "geometry": {
        "type": "Point",
        "coordinates": [
          106.7067969,
          10.7934
        ]
      },
      "id": "node/12622902601"
    },
    {
      "type": "Feature",
      "properties": {
        "@id": "node/12894157801",
        "brand": "GS25",
        "brand:wikidata": "Q624041",
        "name": "GS25",
        "shop": "convenience"
      },
      "geometry": {
        "type": "Point",
        "coordinates": [
          106.6950929,
          10.7839055
        ]
      },
      "id": "node/12894157801"
    },
    {
      "type": "Feature",
      "properties": {
        "@id": "node/12990807328",
        "addr:city": "Thành Phố Hồ Chí Minh",
        "addr:district": "Phú Nhuận",
        "addr:housenumber": "186",
        "addr:street": "Phan Xích Long",
        "addr:subdistrict": "Phường 2",
        "brand": "7-Eleven",
        "brand:wikidata": "Q259340",
        "name": "7-Eleven",
        "operator": "7-Eleven",
        "shop": "convenience"
      },
      "geometry": {
        "type": "Point",
        "coordinates": [
          106.6907305,
          10.7974525
        ]
      },
      "id": "node/12990807328"
    },
    {
      "type": "Feature",
      "properties": {
        "@id": "node/13010779903",
        "amenity": "school",
        "name": "Trường Quân sự Thành Phố Hồ Chí Minh",
        "name:en": "Military School of Ho Chi Minh City"
      },
      "geometry": {
        "type": "Point",
        "coordinates": [
          106.6760282,
          10.7778902
        ]
      },
      "id": "node/13010779903"
    },
    {
      "type": "Feature",
      "properties": {
        "@id": "node/13084805801",
        "brand": "7-Eleven",
        "brand:wikidata": "Q259340",
        "name": "7-Eleven",
        "shop": "convenience"
      },
      "geometry": {
        "type": "Point",
        "coordinates": [
          106.6950403,
          10.773051
        ]
      },
      "id": "node/13084805801"
    },
    {
      "type": "Feature",
      "properties": {
        "@id": "node/13304464701",
        "brand": "FamilyMart",
        "brand:wikidata": "Q11247682",
        "check_date": "2025-11-15",
        "name": "FamilyMart",
        "opening_hours": "24/7",
        "payment:cash": "yes",
        "payment:credit_cards": "yes",
        "payment:debit_cards": "yes",
        "shop": "convenience"
      },
      "geometry": {
        "type": "Point",
        "coordinates": [
          106.6943666,
          10.7690238
        ]
      },
      "id": "node/13304464701"
    },
    {
      "type": "Feature",
      "properties": {
        "@id": "node/13305589406",
        "brand": "7-Eleven",
        "brand:wikidata": "Q259340",
        "check_date": "2025-11-15",
        "name": "7-Eleven",
        "payment:cash": "yes",
        "payment:credit_cards": "yes",
        "payment:debit_cards": "yes",
        "shop": "convenience"
      },
      "geometry": {
        "type": "Point",
        "coordinates": [
          106.6938374,
          10.7688037
        ]
      },
      "id": "node/13305589406"
    },
    {
      "type": "Feature",
      "properties": {
        "@id": "node/13307314570",
        "check_date": "2025-11-16",
        "name": "Gujju Indian Mart",
        "origin": "India",
        "shop": "convenience"
      },
      "geometry": {
        "type": "Point",
        "coordinates": [
          106.69397,
          10.7688747
        ]
      },
      "id": "node/13307314570"
    },
    {
      "type": "Feature",
      "properties": {
        "@id": "node/13307615811",
        "addr:street": "Ðề Thám",
        "brand": "GS25",
        "brand:wikidata": "Q624041",
        "check_date": "2026-04-23",
        "name": "GS25",
        "shop": "convenience"
      },
      "geometry": {
        "type": "Point",
        "coordinates": [
          106.6933874,
          10.7685228
        ]
      },
      "id": "node/13307615811"
    },
    {
      "type": "Feature",
      "properties": {
        "@id": "node/13307617863",
        "brand": "GS25",
        "brand:wikidata": "Q624041",
        "check_date": "2025-11-16",
        "name": "GS25",
        "shop": "convenience"
      },
      "geometry": {
        "type": "Point",
        "coordinates": [
          106.6891498,
          10.7785458
        ]
      },
      "id": "node/13307617863"
    },
    {
      "type": "Feature",
      "properties": {
        "@id": "node/13439153770",
        "name": "WinMart+",
        "shop": "convenience"
      },
      "geometry": {
        "type": "Point",
        "coordinates": [
          106.7053028,
          10.7933023
        ]
      },
      "id": "node/13439153770"
    },
    {
      "type": "Feature",
      "properties": {
        "@id": "node/13531546501",
        "amenity": "marketplace",
        "name": "Awesome cheap market"
      },
      "geometry": {
        "type": "Point",
        "coordinates": [
          106.7027582,
          10.7724861
        ]
      },
      "id": "node/13531546501"
    },
    {
      "type": "Feature",
      "properties": {
        "@id": "node/13541335501",
        "name": "7eleven",
        "shop": "convenience"
      },
      "geometry": {
        "type": "Point",
        "coordinates": [
          106.6872398,
          10.7638297
        ]
      },
      "id": "node/13541335501"
    },
    {
      "type": "Feature",
      "properties": {
        "@id": "node/13541335601",
        "check_date": "2026-04-20",
        "check_date:opening_hours": "2026-04-20",
        "name": "7eleven",
        "opening_hours": "24/7",
        "shop": "convenience"
      },
      "geometry": {
        "type": "Point",
        "coordinates": [
          106.6897399,
          10.7659048
        ]
      },
      "id": "node/13541335601"
    },
    {
      "type": "Feature",
      "properties": {
        "@id": "node/13541335602",
        "name": "co.op",
        "shop": "convenience"
      },
      "geometry": {
        "type": "Point",
        "coordinates": [
          106.6847407,
          10.7653754
        ]
      },
      "id": "node/13541335602"
    },
    {
      "type": "Feature",
      "properties": {
        "@id": "node/13568617955",
        "brand": "GS25",
        "brand:wikidata": "Q624041",
        "name": "GS25",
        "shop": "convenience"
      },
      "geometry": {
        "type": "Point",
        "coordinates": [
          106.6993877,
          10.7729916
        ]
      },
      "id": "node/13568617955"
    },
    {
      "type": "Feature",
      "properties": {
        "@id": "node/13568617958",
        "brand": "7-Eleven",
        "brand:wikidata": "Q259340",
        "name": "7-Eleven",
        "shop": "convenience"
      },
      "geometry": {
        "type": "Point",
        "coordinates": [
          106.6991376,
          10.7726939
        ]
      },
      "id": "node/13568617958"
    },
    {
      "type": "Feature",
      "properties": {
        "@id": "node/13626440101",
        "addr:street": "Lý Tự Trọng",
        "amenity": "school",
        "check_date": "2026-03-08",
        "education": "school",
        "name": "Trường BDVH 218 Lý Tự Trọng",
        "name:en": "218 Ly Tu Trong Supplementary Education Center"
      },
      "geometry": {
        "type": "Point",
        "coordinates": [
          106.6948796,
          10.7725053
        ]
      },
      "id": "node/13626440101"
    },
    {
      "type": "Feature",
      "properties": {
        "@id": "node/13649347105",
        "name": "Gs25",
        "shop": "convenience"
      },
      "geometry": {
        "type": "Point",
        "coordinates": [
          106.6866505,
          10.7672947
        ]
      },
      "id": "node/13649347105"
    },
    {
      "type": "Feature",
      "properties": {
        "@id": "node/13657814401",
        "brand": "GS25",
        "brand:wikidata": "Q624041",
        "name": "GS25",
        "shop": "convenience"
      },
      "geometry": {
        "type": "Point",
        "coordinates": [
          106.6828848,
          10.7693063
        ]
      },
      "id": "node/13657814401"
    },
    {
      "type": "Feature",
      "properties": {
        "@id": "node/13657814601",
        "brand": "Circle K",
        "brand:wikidata": "Q3268010",
        "name": "Circle K",
        "shop": "convenience"
      },
      "geometry": {
        "type": "Point",
        "coordinates": [
          106.6832024,
          10.7689983
        ]
      },
      "id": "node/13657814601"
    },
    {
      "type": "Feature",
      "properties": {
        "@id": "node/13661538446",
        "addr:street": "3 Tháng 2",
        "brand": "WinMart",
        "brand:wikidata": "Q60245505",
        "name": "WinMart",
        "shop": "supermarket"
      },
      "geometry": {
        "type": "Point",
        "coordinates": [
          106.6809878,
          10.7764236
        ]
      },
      "id": "node/13661538446"
    },
    {
      "type": "Feature",
      "properties": {
        "@id": "node/13674785101",
        "addr:street": "Hẻm 105H Hồ Thị Kỷ",
        "amenity": "marketplace",
        "check_date": "2026-03-24",
        "check_date:opening_hours": "2026-03-24",
        "name": "Ho Thi Ky Food Street",
        "opening_hours": "Mo-Su 17:00-22:00"
      },
      "geometry": {
        "type": "Point",
        "coordinates": [
          106.6759674,
          10.7663423
        ]
      },
      "id": "node/13674785101"
    },
    {
      "type": "Feature",
      "properties": {
        "@id": "node/13710033289",
        "addr:city": "Ho Chi Minh City",
        "addr:district": "Quận 1",
        "addr:housenumber": "64",
        "addr:postcode": "700000",
        "addr:province": "Thành phố Hồ Chí Minh",
        "addr:street": "Trần Quang Khải",
        "addr:subdistrict": "Phường Tân Định",
        "name": "Trung Tâm Văn Hóa Đa Năng iMC",
        "shop": "supermarket"
      },
      "geometry": {
        "type": "Point",
        "coordinates": [
          106.6929657,
          10.7924612
        ]
      },
      "id": "node/13710033289"
    },
    {
      "type": "Feature",
      "properties": {
        "@id": "node/13711065242",
        "addr:city": "Hồ Chí Minh",
        "addr:housenumber": "65-67",
        "addr:street": "Lê Lợi",
        "addr:subdistrict": "P. Sài Gòn",
        "name": "Saigon Centre - Cổng Nam Kỳ Khởi Nghĩa - Điểm Đón Trả",
        "name:en": "Saigon Centre - Nam Ky Khoi Nghia Gate - Pick-up and Drop-off Point",
        "opening_hours": "08:00-21:00",
        "shop": "mall"
      },
      "geometry": {
        "type": "Point",
        "coordinates": [
          106.7006849,
          10.7725665
        ]
      },
      "id": "node/13711065242"
    },
    {
      "type": "Feature",
      "properties": {
        "@id": "node/13736467601",
        "addr:street": "Nam Kỳ Khởi Nghĩa",
        "check_date": "2026-04-17",
        "name": "Saigon Square",
        "shop": "supermarket"
      },
      "geometry": {
        "type": "Point",
        "coordinates": [
          106.7001899,
          10.7728037
        ]
      },
      "id": "node/13736467601"
    },
    {
      "type": "Feature",
      "properties": {
        "@id": "node/13754124603",
        "name": "Winmart+",
        "shop": "convenience"
      },
      "geometry": {
        "type": "Point",
        "coordinates": [
          106.6785162,
          10.7849598
        ]
      },
      "id": "node/13754124603"
    },
    {
      "type": "Feature",
      "properties": {
        "@id": "node/13847924601",
        "addr:housenumber": "22L Gia Định",
        "addr:street": "Vũ Huy Tấn",
        "name": "Circle K",
        "opening_hours": "24/7",
        "phone": "028 3517 4984",
        "shop": "convenience",
        "website": "https://www.circlek.com.vn/"
      },
      "geometry": {
        "type": "Point",
        "coordinates": [
          106.6924865,
          10.7960438
        ]
      },
      "id": "node/13847924601"
    },
    {
      "type": "Feature",
      "properties": {
        "@id": "node/13893611150",
        "name": "123 Go Mart",
        "shop": "convenience"
      },
      "geometry": {
        "type": "Point",
        "coordinates": [
          106.6972383,
          10.7685479
        ]
      },
      "id": "node/13893611150"
    },
    {
      "type": "Feature",
      "properties": {
        "@id": "node/14065976101",
        "check_date": "2026-08-01",
        "name": "Kingfood Mart",
        "shop": "convenience"
      },
      "geometry": {
        "type": "Point",
        "coordinates": [
          106.6953872,
          10.763474
        ]
      },
      "id": "node/14065976101"
    },
    {
      "type": "Feature",
      "properties": {
        "@id": "node/14067569501",
        "check_date": "2026-08-02",
        "name": "Circle K",
        "shop": "convenience"
      },
      "geometry": {
        "type": "Point",
        "coordinates": [
          106.6934042,
          10.7849142
        ]
      },
      "id": "node/14067569501"
    },
    {
      "type": "Feature",
      "properties": {
        "@id": "node/14068402301",
        "check_date": "2026-08-02",
        "name": "7-Eleven",
        "shop": "convenience"
      },
      "geometry": {
        "type": "Point",
        "coordinates": [
          106.6910862,
          10.7667292
        ]
      },
      "id": "node/14068402301"
    },
    {
      "type": "Feature",
      "properties": {
        "@id": "node/14068435502",
        "check_date": "2026-08-02",
        "name": "7-Eleven",
        "shop": "convenience"
      },
      "geometry": {
        "type": "Point",
        "coordinates": [
          106.69357,
          10.7672072
        ]
      },
      "id": "node/14068435502"
    },
    {
      "type": "Feature",
      "properties": {
        "@id": "node/14068440513",
        "check_date": "2026-08-02",
        "name": "GS25",
        "shop": "convenience"
      },
      "geometry": {
        "type": "Point",
        "coordinates": [
          106.6949956,
          10.7679016
        ]
      },
      "id": "node/14068440513"
    },
    {
      "type": "Feature",
      "properties": {
        "@id": "node/14068661501",
        "check_date": "2026-08-02",
        "name": "7-Eleven",
        "shop": "convenience"
      },
      "geometry": {
        "type": "Point",
        "coordinates": [
          106.6936618,
          10.7628098
        ]
      },
      "id": "node/14068661501"
    },
    {
      "type": "Feature",
      "properties": {
        "@id": "node/14070687017",
        "check_date": "2026-08-03",
        "name": "GS25",
        "shop": "convenience"
      },
      "geometry": {
        "type": "Point",
        "coordinates": [
          106.6776196,
          10.7973539
        ]
      },
      "id": "node/14070687017"
    }
  ]
}