id,@id,addr_block,addr_city,addr_count,addr_distr,addr_floor,addr_full,addr_house,addr_hou_1,addr_inter,addr_postc,addr_provi,addr_stree,addr_subdi,addr_subur,addr_unit,addr_ward,air_condit,alt_name,alt_name_e,amenity,atm,barrier,branch,brand,brand_en,brand_th,brand_wiki,brand_wi_1,building,building_c,building_l,building_1,building_m,building_p,changing_t,check_date,check_da_1,check_da_2,constructi,contact_em,contact_fa,contact_in,contact_ph,cuisine,delivery,denominati,descriptio,designatio,diet_glute,diet_meat,diet_vegan,diet_veget,education,ele,email,faculty,fax,fixme,fridge,grades,height,image,import,indoor,informatio,int_name,internet_a,internet_1,internet_2,isced_leve,landuse,lane,layer,level,location,min_age,mobile,name,name_ar,name_ca,name_cja-L,name_cjm-L,name_cs,name_da,name_de,name_en,name_eo,name_es,name_etymo,name_fi,name_fr,name_hi,name_hu,name_id,name_it,name_ja,name_ko,name_mn,name_ms,name_nl,name_no,name_pl,name_pt,name_ro,name_ru,name_sv,name_th,name_tr,name_uk,name_vi,name_vi-Ha,name_yue,name_zh,name_zh-Ha,name_zh-_1,nohousenum,not_brand_,note,office,official_n,official_1,official_2,old_addr_h,old_name,old_name_-,old_name_e,old_name_f,old_name_v,old_name_z,opening_ho,opening__1,operator,operator_t,organic,origin,parking,payment_am,payment_ap,payment__1,payment_ba,payment_ca,payment__2,payment_co,payment__3,payment_cr,payment__4,payment_de,payment_di,payment_el,payment_jc,payment_ma,payment__5,payment_pa,payment_qr,payment_te,payment_un,payment_vi,payment__6,pets_allow,phone,ref,religion,restaurant,reusable_p,roof_level,roof_shape,room,rooms,school,second_han,self_servi,service,shop,short_name,short_na_1,short_na_2,smoking,source,stars,start,start_date,stove,toilets,toilets_ac,toilets_wh,tourism,type,ward,website,wheelchair,wikidata,wikimedia_,wikipedia,@geometry
relation/2204742,relation/2204742,,,,,,,,,,,,,,,,,,,,,,,,,,,,,yes,,,,,,,,,,,,,,,,,,,,,,,,,,,,,,,,,,,,,,,,,,,,,,,,,,,,,,,,,,,,,,,,,,,,,,,,,,,,,,,,,,,,,,,,,,,,,,,,,,,,,,,,,,,,,,,,,,,,,,,,,,,,,,,,,,,,,,,,,,,,,,,,,,,,yes,,,,,,,,,hotel,multipolygon,,,,,,,center
relation/9487536,relation/9487536,,,,,,,,300A,,,,Nguy?n T?t Thành,,,,,,,,university,,,,,,,,,,,,,,,,,,,,,,,,,,,,,,,,,university,,,,,,,,,,,,,,,,,,,,,,,,,Tr??ng ??i h?c Nguy?n T?t Thành,,,,,,,,Nguyen Tat Thanh University,,,,,,,,Universitas Nguyen Tat Thanh,,,,,Universiti Nguyen Tat Thanh,,,,,,????? ??? ???????? ???????????,,,,,,,,?????,,,,,,,,,,,,,,,,,,,,,,,,,,,,,,,,,,,,,,,,,,,,,,,,,,,,,,,,,,,,,,,,,,,,,,,,,,multipolygon,,,,,,,center
relation/11102209,relation/11102209,,,,,,,,,,,,,,,,,,,,marketplace,,,,,,,,,,,,,,,,,,,,,,,,,,,,,,,,,,,,,,,,,,,,,,,,,,,retail,,,,,,,Ch? c? Tôn Th?t ??m,,,,,,,,Old Market,,,,,,,,,,,,,,,,,,,,,,,,,,,??????,,,,,,,,,,,,,,,,,,,,,,,,,,,,,,,,,,,,,,,,,,,,,,,,,,,,,,,,,,,,,,,,,,,,,,,,,,multipolygon,,,,,,,center
relation/14666596,relation/14666596,,,,,,,,"136",,,,Nguy?n Thái Bình,,,,,,,,,,,,,,,,,yes,,,,,,,,,,,,,,,,,,,,,,,,,,,,,,,,,,,,,,,,,,,,,,,,,"Lotus Boutique;V?n phòng Công ch?ng Sài Gòn",???? ???? ????? ??????,,,,,,,Saigon Notary Office,,,,,Notaire de Saigon,,,Kantor Notaris Saigon,,,,,Pejabat Notary Saigon,,,,,,?????????? ???????????? ???????,,,,,,,,?????,,,,,,notary,,,,,,,,,,,,,,,,,,,,,,,,,,,,,,,,,,,,,,,,,,,,,,,,,,,,,,,,,,,,,,,,,,,hotel,multipolygon,,,,,,,center
way/39514795,way/39514795,,,,,,,,,,"71009",,Công tr??ng Quách Th? Trang,,,,,,Ch? Sài Gòn,,marketplace,,,,,,,,,retail,,,,,,,,,,,,,,,,,,,,,,,,,,,,,,,,,,,,,,,,,,,,,,,,,Ch? B?n Thành,?? ???? ?????,,Pasa Ben Thanh,Darak Ben Thanh,Ben Thanh trhu,Ben Thanh markedet,Ben Thanh Markt,Ben Thanh Market,Ben Thanh Merkato,Mercado de Ben Thanh,,Ben Thanh markkinoille,Marché de Ben Thanh,??? ??? ?????,Ben Thanh piac,Pasar Ben Thanh,Mercato di Ben Thanh,???????,??? ??,??? Thanh ??? ????,Pasar Ben Thanh,Ben Thanh markt,Ben Thanh-markedet,Targ Ben Thanh,Mercado Ben Thanh,Pia?? Ben Thanh,????? ??? ?????,Ben Thanh-Marknaden,???????????,Ben Thanh Pazar?,????? ??? ?????,Ch? B?n Thành,???,????,????,,,,,,,,,,,"Marché Central de Saïgon;Ch? Sài Gòn",,,,,,Mo-Su 06:00-18:00,,,,,,,,,,,,,,,,,,,,,,,,,,,,,,"0973756776",,,,,,,,,,,,,,,,,,,,,,,,,,attraction,,,https://benthanhmarket.vn/,,Q3232879,Category:Ben Thanh Market,en:B?n Thành Market,center
way/39598465,way/39598465,,Ho Chi Minh City,,"1",,,,,,"Ben Nghe Ward, Dist. 1",,19-23 Công Tr??ng Lam S?n,,,,,,,,,,,,,,,,,yes,,"9",,,,,,,,,,,,,,,,,,,,,,,,,,,,,,"30",,,,,,wlan,,,,,,,,,,,Khách s?n Caravelle Saigon,,,,,,,Caravelle Saigon,,,,,,,,,,,,,,,,,,,,???????,,,,,,,,,,,,,,,,,,,,,,,,,,,Caravelle Saigon,,,,,,,,,,,,,,,,,,,,,,,,,,,,,,,,,,,,"335",,,,,,,,,outside,,"5",,,,,,,hotel,,,,,,,,center
way/39598471,way/39598471,,,,Qu?n 1,,,,,,,H? Chí Minh,,Tân ??nh,,,,,,,marketplace,,,,,,,,,yes,,,,,,,,,,,,,,,,,,,,,,,,,,,,,,,,,,,,,,,,,,,,,,,,,Ch? Tân ??nh,,,,,,,,Tan Dinh Market,,,,,Marché de Tan-Dinh,,,,,,,,,,,,,,,,,,,,,,????,,,,,,,,,,,,,,,,,,,,,,,,,,,,,,,,,,,,,,,,,,,,,,,,,,,,,,,,,,,,,,,,,,,,,,,,,,,,,,,,,center
way/39598474,way/39598474,,Thành ph? H? Chí Minh,,,,,,"141",,"71006",,Nguy?n Hu?,,,,,,Khách s?n B?n Thành,,,,,,,,,,,yes,,,,,,,2024/05/13,,,,,,,,,,,,,,,,,,,,,,,,,,,,,,Rex Hotel,,,,,,,,,,,,Khách S?n Rex,,,,,,,,,,,,,,,,,,,,,,,,,,,????,,,,,,,,,,,,,,,,,,,,,,,,,,,,,,,,,,,,,,,,,,,,,,,,,,,,,,,,,,,,,,,,,,,,,,,,,,,,,,,,,hotel,,,http://www.rexhotelvietnam.com,,,,,center
way/39598491,way/39598491,,,,,,,,"17",,,,Lê Du?n,,,,,,,,,,,,,,,,,yes,,"5",,,,,,,,,,,,,,,,,,,,,,,,,,,,,,,,,,,,,,,,,,,,,,,Khách s?n Sofitel Plaza Saigon,,,,,,,,Sofitel Plaza,,,,,,,,,,,,,,,,,,,,,,,,,,,,,,,,,,,,,,,,,,,,,,,,,,,,,,,,,,,,,,,,,,,,,,,,,,+84 8 38241555,,,,,,,,,,,,,,,,,,,,,,,,,,hotel,,,http://www.sofitel.com/gb/hotel-2077-sofitel-saigon-plaza/index.shtml,,,,,center
way/39598509,way/39598509,,,,,,,,,,,,,,,,,,,,marketplace,,,,,,,,,commercial,,"1",,,,,,,,,,,,,,,,,,,,,,,,,,,,,,"6",,,,,,,,,,,,,,,,,Ch? Thái Bình,,,,,,,,Thai Binh Market,,,,,Marché de Thai-Binh,,,,,,,,,,,,,,,,,,,,,,????,,,,,,,,,,,,,,,,,,,,,,,,,,,,,,,,,,,,,,,,,,,,,,,,,,,,,,,,,,,,,,,,,,,,,,,,,,,,,,,,,center
way/59339647,way/59339647,,Ho Chi Minh City,,,,,,"168",,,,Nguy?n Ðình Chi?u,,,,,,,,,yes,,,,,,,,yes,,"2",,,,,,,,,,,,,,yes,,,,,,,,,,,,,,,,,,,,,,,,,,,,,,,,,Co.opmart - Nguy?n ?ình Chi?u,,,,,,,,,,,,,,,,,,,,,,,,,,,,,,,,,,,,,,,,,,,,,,,,,,,,,,,,,,,,,,,,,,,,,,,,,,,,,,,,,,,,,,,,,,,,,,,supermarket,,,,,,,,,,,,,,,,,,,,,center
way/79345731,way/79345731,,,,,,,,,,,,,,,,,,,,marketplace,,,,,,,,,commercial,,,,,,,,,,,,,,,,,,,,,,,,,,,,,,,,,,,,,,,,,,,,,,,,,Ch? Xóm Chi?u,,,,,,,,Xom Chieu Market,,,,,,,,Pasar Xom Chieu,,,,,,,,,,,,,,,,,,,????,,,,,,,,,,,,,,,,,,,,,,,,,,,,,,,,,,,,,,,,,,,,,,,,,,,,,,,,,,,,,,,,,,,,,,,,,,,,,,,,,center
way/138673259,way/138673259,,,,,,,,,,,,,,,,,,,,,,,,,,,,,yes,,,,,,,,,,,,,,,,,,,,,,,,,,,,,,,,"45",,,,,,,,,,,,,,,,,Khách s?n Palace Saigon,,,,,,,,,,,,,,,,,,,,,,,,,,,????? ??????,,,,,,,,,,,,,,,,,,,,,,,,,,,,,,,,,,,,,,,,,,,,,,,,,,,,,,,,,,,,,,,,,,,,,,,,,,,,,,,,,hotel,,,,,,,,center
way/140703173,way/140703173,,Ho Chi Minh City,,"5",,,,"280",,,,???ng An D??ng V??ng,"4",,,,,,,university,,,,,,,,,,,,,,,,,,,,,,,,,,,,,,,,,,,,,,,,,,,,,,,,,,,,,,,,,,Tr??ng ??i h?c S? ph?m Thành ph? H? Chí Minh,,,,,,,,Ho Chi Minh City University of Pedagogy,,,,,,,,,,,,,,,,,,,,,,,,Tr??ng ??i h?c S? ph?m Thành ph? H? Chí Minh,,,,,,,,,,,,,,,,,,,,,,,,,,,,,,,,,,,,,,,,,,,,,,,,,,,,,,,,,,,,,,,,?HSP Thành ph? H? Chí Minh,HCMUP,,,,,,,,,,,,,,,,Q10489198,Category:Ho Chi Minh City Pedagogical University,vi:Tr??ng ??i h?c S? ph?m Thành ph? H? Chí Minh,center
way/140703174,way/140703174,,,,,,,,,,,,,,,,,,,,,,,,,,,,,,,,,,,,,,,,,,,,,,,,,,,,,,,,,,,,,,,,,,,,,,,,,,,,,,Khách s?n Equatorial,,,,,,,,,,,,,,,,,,,,,,,,,,,,,,,,,,,,,,,,,,,,,,,,,,,,,,,,,,,,,,,,,,,,,,,,,,,,,,,,,,,,,,,,,,,,,,,,,,,,,,,,,,,,hotel,,,,,,,,center
way/140703181,way/140703181,,Ho Chi Minh City,,"5",,,,"235",,,,Nguy?n V?n C?,"4",,,,,,,school,,,,,,,,,,,,,,,,,,,,,,,,,,,,,,,,,school,,,,,,,10-12,,,,,,,,,,,,,,,,,,Tr??ng Trung h?c ph? thông chuyên Lê H?ng Phong,,,,,,,,Le Hong Phong High School for the Gifted,,,,,,,,,,,,,,,,,,,,,,,,Tr??ng Trung h?c ph? thông chuyên Lê H?ng Phong,,,,,,,,,,,,,,Lycée Petrus Tr??ng V?nh Ký,,Petrus Truong Vinh Ky High School,Lycée Petrus Truong Vinh Ky,,,,,,,,,,,,,,,,,,,,,,,,,,,,,,,,,,,,,,,,,,,,,,,Tr??ng THPT chuyên Lê H?ng Phong,,,,,,,,,,,,,,,,,Q3269006,"Category:Le Hong Phong High School, Saigon",en:Lê H?ng Phong High School for the Gifted,center
way/140703185,way/140703185,,Ho Chi Minh City,,Qu?n 5,,,,"220",,,,???ng Tr?n Bình Tr?ng,Ph??ng 4,,,,,,,school,,,,,,,,,,,,,,,,,,,,,,,,,,,,,,,,,,,,,,,,6-12,,,,,,,,,,,,,,,,,,Tr??ng Trung h?c Th?c hành Sài Gòn,,,,,,,,,,,,,,,,,,,,,,,,,,,,,,,,,,,,,,,,,,,,,,,,,,,,,,,,,,,,,,,,,,,,,,,,,,,,,,,,,,,,,,,,,,,,,,,,,,,,,,,,,,,,,,,http://thuchanhsaigon.edu.vn,,,,,center
way/140703186,way/140703186,,Ho Chi Minh City,,,,,,"227",,"70000",,Nguy?n V?n C?,Ph??ng 4,,,,,Tr??ng ??i h?c Khoa h?c T? nhiên - ??i h?c Qu?c gia Thành ph? H? Chí Minh,The University of Science - VNUHCM - Campus 1,university,,,,,,,,,,,,,,,,,,,,,,,,,,,,,,,,,,,,,,,,,,,,,,University of Sciences,yes,no,,,,,,,,,,Tr??ng ??i h?c Khoa h?c T? nhiên - ?HQG Thành ph? H? Chí Minh - C? s? 1,,,,,,,,Ho Chi Minh City University of Sciences - Campus 1,,,,,Université des Sciences - VNU HCMV - Campus 1,,,,,,,,,,,,,,,,,,,Tr??ng ??i h?c Khoa h?c T? nhiên - ?HQG Thành ph? H? Chí Minh - C? s? 1,,,,,,,,,,,,,,University of Natural Sciences,,,,,,,,,,,,,,,,,,,,,,,,,,,,,,,,,,,,,,,,,,,,,,,,,,?H KHTN - c? s? 1,HCMUS - Campus 1,,,,,,,,,,,,,,,,Q5873997,Category:Ho Chi Minh City University of Science,"vi:Tr??ng ??i h?c Khoa h?c T? nhiên, ??i h?c Qu?c gia Thành ph? H? Chí Minh",center
way/152992729,way/152992729,,,,,,,,,,,,,,,,,,,,marketplace,,,,,,,,,,,,,,,,,,,,,,,,,,,,,,,,,,,,,,,,,,,,,,,,,,,,,,,,,,Ch? hoa H? Th? K?,,,,,,,,Ho Thi Ky Flower Market,,,,,,,,,,,,,,,,,,,,,,,,Ch? hoa H? Th? K?,,,,,,,,,,,,,,,,,,,,,,,,,,,,,,,,,,,,,,,,,,,,,,,,,,,,,,,,,,,,,,,,,,,,,,,,,,,,,,,,,,,,center
way/152994798,way/152994798,,,,,,,,,,,,C?ng Qu?nh,,,,,,,,,,,C?ng Qu?nh,,,,,,,,,,,,,2025/11/14,,,,,,,,,,,,,,,,,,,,,,,,,,,,,,,,,,,,,,,,,,Co.op Mart,,,,,,,,,,,,,,,,,,,,,,,,,,,,,,,,,,,,,,,,,,,,,,,,,,,,,,,,,,,,,,,,yes,,,yes,,yes,,,,,,,,,,,,,,,,,,,,,,,,,,supermarket,,,,,,,,,,,,,,,,,limited,,,,center
way/165395836,way/165395836,,,,,,,,"76",,,,Lê Lai,,,,,,,,,,,,,,,,,yes,,,,,,,,,,,,,,,,,,,,,,,,,,,,,,,,,,,,,,,,,,,,,,,,,New World Hotel,,,,,,,New World Hotel,,,,,,,,,,,??????????,,,,,,,,,,,,,,,,,,,,,,,,,,,,,,,,,,,,,,,,,,,,,,,,,,,,,,,,,,,,,,,,,,,,,,,,,,,,,,,,,,,,,,,,,,hotel,,,,,Q56193107,Category:New World Hotel,,center
way/165420599,way/165420599,,,,,,,,10-12,,,,?inh Tiên Hoàng,,,,,,,,university,,fence,,,,,,,,,,,,,,,,,,,,,,,,,,,,,,,university,,,,,,,,,,,,,Ho Chi Minh City University of Social Sciences and Humanities,,,,,,,"1",,,,,Tr??ng ??i h?c Khoa h?c xã h?i và Nhân v?n,,,,,,,,University of Social Sciences and Humanities - HCMC,,,,,,,,,,??????????????,,,,,,,,,,,,,,,?????????,,?????????????,,,,,,,Tr??ng ??i h?c Khoa h?c Xã h?i và Nhân v?n - ?HQG TP.HCM - c? s? 1,University of Social Sciences and Humanities - VNUHCM - Campus 1,,,??i h?c V?n Khoa Sài Gòn,,Faculty of Letters,,,,,,,,,,,,,,,,,,,,,,,,,,,,,,,,,,,,,,,,,,,,,,,,?H KHXH&NV,HCMUSSH,,,,,,,,,,,,,,,,,,,center
way/165420602,way/165420602,,,,,,,,"41",,,,Tôn ??c Th?ng,,,,,,,,university,,,,,,,,,,,,,,,,,,,,,,,,,,,,,,,,,university,,,,,,,,,,,,,Faculty of Pharmacy,,,,,,,,,,,,Khoa D??c - ??i h?c Y D??c Thành ph? H? Chí Minh,,,,,,,,Faculty of Pharmacy - Ho Chi Minh City Medicine and Pharmacy University,,,,,,,,Fakultas Farmasi,,????????????????,,,,,,,,,,,,,,Khoa D??c - ??i h?c Y D??c Thành ph? H? Chí Minh,,,??????????,,,,,,,,,,,,,,,,,,,,,,,,,,,,,,,,,,,,,,,,,,,,,,,,,,,,,,,,,,,,,UPHCM,UPHCM,,,,,,,,,,,,,,,,,,,center
way/165491081,way/165491081,,Ho Chi Minh City,,,,,,"88",,,,Dong Khoi,,,,,,,,,,,,,,,,,yes,,,,,,,,,,,,,,,,,,,,,,,,,,,,,,,,,,,,,,yes,no,,,,,,,,,,Khách S?n Sheraton Saigon,,,,,,,,Sheraton Saigon Grand Opera Hotel,,,,,,,,,,,,,,,,,,,,,,,,Khách S?n Sheraton Saigon Grand Opera,,,,,,,,,,,,,,,,,,,,,,,,,,,,,,,,,,,,,,,,,,,,,,,,,,,,,,,,,,"493",,,,,,,,,,,,,,,,,,hotel,,,,,,,,center
way/165520768,way/165520768,,Ho Chi Minh City,,"1",,,,"39",,,,Lê Du?n,B?n Nghé,,,,,,,,,,,JW Marriott,,,Q1067636,,office,,,,,,,,,,,,,,,,,,,,,,,,,,jw.sgnjs.reservation@marriott.com,,,dimensions unknown,,,,,,,,,wlan,,,,,,"-1",,surface,,,Khách s?n & Suites JW Marriott Sài Gòn,,,,,,,,JW Marriott Hotel and Suites Saigon,,,,,,,,,,,,,,,,,,,,,,,,,,,,,,,,,,,,,,,,,,,,,,,,,,,,,,,,,,,,,,,,,,,,,,,,,,+84 28 35209999,,,,,,,,,,,,,,,,,,,,,,,,,,hotel,,,https://www.marriott.com/en-us/hotels/sgnjs-jw-marriott-hotel-and-suites-saigon/overview/,,,,,center
way/166264569,way/166264569,,,,,,,,,,,,,,,,,,Ch? Hãng Phân,,marketplace,,,,,,,,,,,,,,,,,,,,,,,,,,,,,,,,,,,,,,,,,,,,,,,,,,,,,,,,,,Ch? Hãng Phân,,,,,,,,Hang Phan Market,,,,,,,,Pasar Hang Phan,,,,,,,,,,,,,,,,,,,????,,,,,,,,,,,,,,,,,,,,,,,,,,,,,,,,,,,,,,,,,,,,,,,,,,,,,,,,,,,,,,,,,,,,,,,,,,,,,,,,,center
way/166264571,way/166264571,,,,,,,,28 Lô 1 C? xa? Vi?nh Hô?i,,,,C? xa? Vi?nh Hô?i,,,,,,,,school,,,,,,,,,,,,,,,,,,,,,,,,,,,,,,,,,school,,,,,,,,,,,,,,,,,,,,,,,,,Tr??ng Ti?u h?c Lý Nh?n,,,,,,,,Ly Nhon Primary School,,,,,,,,SD Ly Nhon,,,,,,,,,,,,,,,,,,,????,,,,,,,,,,,,,,,,,,,,,,,,,,,,,,,,,,,,,,,,,,,,,,,,,,,,,,,,,,,,,,,,,,,,,,,,,,,,,,,,,center
way/166264573,way/166264573,,,,,,,,202-203,,,,Bê?n Vân ?ô?n,,,,,,,,school,,,,,,,,,,,,,,,,,,,,,,,,,,,,,,,,,school,,,,,,,,,,,,,,,,,,,,,,,,,Tr??ng Ti?u h?c ??ng Tr?n Côn,,,,,,,,,,,,,,,,,,,,,,,,,,,,,,,,,,,,,,,,,,,,,,,,,,,,,,,,,,,,,,,,,,,,,,,,,,,,,,,,,,,,,,,,,,,,,,,,,,,,,,,,,,,,,,,,,,,,center
way/166264574,way/166264574,,Ph??ng 9,,Qu?n 4,,,,"2",,,Thành ph? H? Chí Minh,V?nh Khánh,Ph??ng 9,,,,,,,school,,,,,,,,,,,,,,,,,,,,,,,,,,,,,,,,,school,,,,,,,,,,,,,,,,,,,,,,,,,Tr??ng Ti?u h?c Nguy?n V?n Tr?i,,,,,,,,Nguyen Van Troi Primary School,,,,,,,,SD Nguyen Van Troi,,,,,,,,,,,????????? ????? «????? ??? ???»,,,,,,,,,,,,,,,,,,,,,,,,,,,,,,,,,,,,,,,,,,,,,,,,,,,,,,,,,,,,,,,,,,,,,,,,,,,,,,,,,,,,,,,,,center
way/186274986,way/186274986,,Thành ph? H? Chí Minh,,Qu?n 1,,,,"65",,,,Hu?nh Thúc Kháng,Ph??ng B?n Nghé,,,,,,,college,,,,,,,,,,,,,,,,,,,,,,,,,,,,,,,,,college,,,,,,,,,,,,,Cao Thang Technical College,,,,,,,,,,,,Tr??ng Cao ??ng K? thu?t Cao Th?ng,,,,,,,,Cao Thang Technical College,,,,,,,,Perguruan Tinggi Teknik Cao Thang,,,,,,,,,,,,,,,,Tr??ng Cao ??ng K? thu?t Cao Th?ng,,,????????,,,,,,,,,,,,,,,,,,,,,,,,,,,,,,,,,,,,,,,,,,,,,,,,,,,,,,,,,,,,,,,,,,,,,,,,,,,,,,,,,center
way/186275013,way/186275013,,,,,,,,"71",,,,Tr?n H?ng ??o,,,,,,,,school,,,,,,,,,,,,,,,,,,,,,,,,,,,,,,,,,,,,,,,,1-5,,,,,,,,,,,,,,,,,,Tr??ng Ti?u h?c Nguy?n Thái H?c,,,,,,,,Nguyen Thai Hoc Primary School,,,,,,,,SD Nguyen Thai Hoc,,??????,,,,,,,,,????????? ????? ????? ???? ???,,,,,,,,?????,,,,,,,,,,,,,,,,,,,,,,,,,,,,,,,,,,,,,,,,,,,,,,,+84 028 38242570,,,,,,,,,,,,,,,,,,,,,,,,,,,,,https://thnguyenthaihoc.hcm.edu.vn/,,,,,center
way/186545014,way/186545014,,,,,,,,"196",,,,???ng Pasteur,,,,,,,,university,,,,,,,,,,,,,,,,,,,,,,,,,,,,,,,,,university,,,,,,,,,,,,,,,,,,,,,,,,,Tr??ng ??i h?c Ki?n trúc Thành ph? H? Chí Minh,,,,,,,,,,,,,,,,,,,,,,,,,,,,,,,,,,,,,,,,,,,,,,,,,,,,,,,,,,,,,,,,,,,,,,,,,,,,,,,,,,,,,,,,,,,,,,,,,,,,,,,,,,,,,,,,,Q3037890,Category:Ho Chi Minh City University of Architecture,vi:Tr??ng ??i h?c Ki?n trúc Thành ph? H? Chí Minh,center
way/186545015,way/186545015,,,,,,,,"159",,,,Nam K? Kh?i Ngh?a,,,,,,,,school,,wall,,,,,,,,,,,,,,,,,,,,,,,,,,,,,,,,,,,,,,10-12,,,,,,,,,,,,,,,,,,Tr??ng Trung h?c ph? thông Marie Curie,,,,,,,,Marie Curie High School,,,Q7186,,,,,SMA Marie Curie,,,,,,,,,,,,,,,,,,,??????,,,,,,,,,,,Ecole de Jeunes Filles françaises,,,,,,,,,,,,,,,,,,,,,,,,,,,,,,,,,,,,,,,,,,,,,,,,,,Tr??ng THPT Marie Curie,,,,,,,,,,,,,,,,,,,,center
way/186545016,way/186545016,,,,,,,,,,,,,,,,,,,,school,,,,,,,,,,,,,,,,,,,,,,,,,,,,,,,,,school,,,,,,,,,,,,,,,,,,,,,,,,,Tr??ng Ti?u h?c Tr?n Qu?c Th?o,,,,,,,,,,,,,,,,,,,,,,,,,,,,,,,,,,,,,,,,,,,,,,,,,,,,,,,,,,,,,,,,,,,,,,,,,,,,,,,,,,,,,,,,,,,,,,,,,,,,,,,,,,,,,,,,,,,,center
way/187895161,way/187895161,,Ho Chi Minh City,,D1,,,,"63",,,,Nguyen Hue Boulevard,,,,,,,,,,,,,,,,,yes,,,,,,,,,,,,,,,,,,,,,,,,,,,,,,,,"45",,,,,,,,,,,,,,,,,Prince Hotel Saigon,,,,,,,,,,,,,,,,,,,,,,,,,,,???? ?????? ??????,,,,,,,,,,,,,,,,,,,,,,,,,,,,,,,,,,,,,,,,,,,,,,,,,,,,,,,,,,,,,,,,,,,,,,,,,,,,,,,,,hotel,,,,,Q117326345,,,center
way/187895182,way/187895182,,,,,,,,"44",,,,Phó ??c Chính,,,,,,,,school,,,,,,,,,,,,,,,,,,,,,,,,,,,,,,,,,school,,,,,,,1-5,,,,,,,,,,,,,,,,,,Tr??ng Ti?u h?c Khai Minh,,,Sang bac asit Khai Minh,Sang bac asit Khai Minh,,,,Khai Minh Primary School,,,,,,,,SD Khai Minh,,,,,,,,,,,????????? ????? «??? ????»,,,,,,,,????,,,,,,,,,,,,,,,,,,,,,,,,,,,,,,,,,,,,,,,,,,,,,,,,,,,,,,,,,,,,,,,,,,,,,,,,,,,,https://thkhaiminh.hcm.edu.vn/,,,,,center
way/187895187,way/187895187,,,,,,,,,,,,,,,,,,,,,,,,,,,,,yes,,"3",,,,,,,,,,,,,,,,,,,,,,,,,,,,,,,,,,,,,,,,,,,,,,,Lucky Plaza,,,,,,,,,,,,,,,,,,???????,,,,,,,,,,,,,,,,,,,,,,,,,,,,,,,,,,,,,,,,,,,,,,,,,,,,,,,,,,,,,,,,,,,,,,,,,,,,,mall,,,,,,,,,,,,,,,,,,,,,center
way/188114131,way/188114131,,,,,,,,"243",,,,Hoàng Di?u,,,,,,,,school,,,,,,,,,,,,,,,,,,,,,,,,,,,,,,,,,school,,,,,,,,,,,,,,,,,,,,,,,,,Tr??ng Trung h?c c? s? Vân ??n,,,,,,,,Van Don Secondary School,,,,,,,,SMP Van Don,,,,,,,,,,,??????? ????? «??? ???»,,,,,,,,????,,,,,,,,,,,,,,,,,,,,,,,,,,,,,,,,,,,,,,,,,,,,,,,,,,,,,,,,,,,,,,,,,,,,,,,,,,,,,,,,,center
way/189165783,way/189165783,,,,,,,,,,,,,,,,,,,,school,,,,,,,,,yes,,,,,,,,,,,,,,,,,,,,,,,,school,,,,,,,,,,,,,,,,,,,,,,,,,ILA - Nguy?n ?ình Chi?u,,,,,,,,,,,,,,,,,,,,,,,,,,,,,,,,,,,,,,,,,,,,,,,,,,,,,,,,,,,,,,,,,,,,,,,,,,,,,,,,,,,,,,,,,,,,,,,,,,,,,,,,,,,,,,,,,,,,center
way/189165793,way/189165793,,Ho Chi Minh City,,"3",,,,"275",,"70000",,Ði?n Biên Ph?,"7",,,,,,,school,,wall,,,,,,,,,,,,,,,,,,,,,,,,,,,,,,,,,,,,,,10-12,,,,,,,,,,,,,,"2",,,,Tr??ng Trung h?c ph? thông Nguy?n Th? Minh Khai,,,,,,,,Nguyen Thi Minh Khai High School,,,,,,,,SMA Nguyen Thi Minh Khai,,,,,,,,,,,,,,,,,,,??????,,,,,,,,,,,"Lycée des jeunes filles indigènes;Tr??ng n? trung h?c Gia Long",,,,,,Mo-Su 08:00-20:00,,,,,,,,,,,,,,,,,,,,,,,,,,,,,,+84 28 3933 0801,,,,,,,,,,,,,,Tr??ng THPT Nguy?n Th? Minh Khai,,,,,,,,,,,,,,,https://thptnguyenthiminhkhai.hcm.edu.vn/Default.aspx,,Q7022973,,"vi:Tr??ng Trung h?c ph? thông Nguy?n Th? Minh Khai, Thành ph? H? Chí Minh",center
way/193142007,way/193142007,,,,,,,,"17",,,,Tôn ??c Th?ng,,,,,,,,,,,,,,,,,,,"21",,,yes,,,,,,,,,,,,,,,,,,,,,,,,,,,,,,,,,,,,,,,,,,,,,,,,,,,,Liberty Central Hotel,,,,,,,,,,,,,,,,,,,,,,,,,,,,,,,,,,,,,,,,,,,,,,,,,,,,,,,,,,,,,,,,,,,,,,,,,,,,,,,,,,,,,,,,,,,,,,,,,,,,hotel,,,,,,,,center
way/193142021,way/193142021,,Ho Chi Minh City,,,,,,8-15,,,,Ton Duc Thang Street,,,,,,,,,,,,,,,,,yes,,"21",,,,,,,,,,,,,,,,,,,,,,,,,,,,,,,,,,,,,,,,,,,,,,,Khách s?n Renaissance Riverside Sài Gòn,,,,,,,,,,,,,,,,,,,,,,,,,,,,,,,,,,,,,,,,,,,,,,,,,,,,,,,,,,,,,,,,,,,,,,,,,,,,,,,,,,,,,,,,,,"336",,,,,,,,,,,,,,,,,,hotel,,,,,,,,center
way/193142038,way/193142038,,,,,,,,,,,,,,,,,,,,,,,,,,,,,yes,,,,,,,,,,,,,,,,,,,,,,,,,,,,,,,,"35",,,,,,,,,,,,,,,,,Majestic Hotel,,,,,,,,Majestic Hotel,,,,,,,,,,???????????,,,,,,,,,,,,,,,,,,,,,,,,,,,,,,,,,,,,,,,,,,,,,,,,,,,,,,,,,,,,,,,,+84 8 38295517,,,,,,,,,,,,,,,,,,,"5",,,,,,,hotel,,,http://www.majesticsaigon.com.vn/,,Q3063149,"Category:Hotel Majestic, Saigon",en:Hotel Majestic (Saigon),center
way/193142046,way/193142046,,,,,,,,"167",,,,Hai Bà Tr?ng,,,,,,,,,,,,Novotel,,,Q420545,,yes,,,,,,,,,,,,,,,,,,,,,,,,,,,,,,,,,,,,,,,,,,,,,,,,,Khách S?n Novotel Saigon Centre,,,,,,,,,,,,,,,,,,,,,,,,,,,,,,,,,,,,,,,Q212599,,,,,,,,,,,,,,,Accor,,,,,,,,,,,,,,,,,,,,,,,,,,,,+84 8 38224866,,,,,,,,"247",,,,,,,,,,survey,,,,,,,,hotel,,,https://www.novotel-saigon-centre.com/,,,,,center
way/193256690,way/193256690,,,,,,,,"44",,,,Nguy?n Th? Minh Khai,,,,,,,,school,,,,,,,,,,,,,,,,,,,,,,,,,,,,,,,,,school,,,,,,,,,,,,,,,,,,,,,,,,,Tr??ng Trung C?p Ngh? TT Qu?n lý Khách S?n Vi?t Úc,,,,,,,,,,,,,,,,,,,,,,,,,,,,,,,,,,,,,,,,,,,,,,,,,,,,,,,,,,,,,,,,,,,,,,,,,,,,,,,,,,,,,,,,,,,,,,,,,,,,,,,,,,,,,,,,,,,,center
way/193824713,way/193824713,,Thành ph? H? Chí Minh,,Qu?n 1,,,,"1",,"71006",,Công tr??ng Công xã Paris,B?n Nghé,,,,,,,school,,,,,,,,,,,,,,,,,,,,,,,,,,,,,,,,,school,,,,,,,1-5,,,,,,,,,,,,,,,,,,Tr??ng Ti?u h?c Hoà Bình,,,,,,,,Hoa Binh Primary School,,,,,,,,SD Hoa Binh,,?????,,,,,,,,,????????? ????? «??? ????»,,,,,,,,????,,,,,,,,,,,,,,,,,,,,public,,,,,,,,,,,,,,,,,,,,,,,,,,,,,,,,,,,,,,,,,,,,,,,,,,,,,,,,https://thhoabinhq1.hcm.edu.vn/,,,,,center
way/198123915,way/198123915,,,,,,,,"6",,,,,,,,,,,,college,,,,,,,,,,,,,,,,,,,,,,,,,,roman_catholic,,,,,,,college,,,,,,,,,,,,,Saint Joseph Major Seminary,,,,,religious,,,,,,,??i ch?ng vi?n thánh Giuse,,,,,,,,Saigon Saint Joseph Major Seminary,,Seminario Mayor de San José,,,Séminaire majeur Saint Joseph de Saigon,,,Seminari Tinggi Santo Yusuf,Seminario Maggiore San Giuseppe di Saigon,??????????,? ??? ?? ???,,,,,,,,????????? ??????? ??????,,,,,??i ch?ng vi?n thánh Giuse,??????,,???????,,???????,,,,,,,,,,,,,,,,,T?ng Giáo ph?n Tp. H? Chí Minh,,,,,,,,,,,,,,,,,,,,,,,,,,,,+84-8-38236167,,christian,,,,,,,,,,,,,,,,,,,,,,,,,,,http://tgpsaigon.net/taxonomy/term/314,,,,,center
way/198265272,way/198265272,,,,,,,"190",,,,,Pasteur,,,,,,,,,,,,,,,,,yes,,"11",,,,,,,,,,,,,,,,,,,,,,,,,,,,,,,,,,,,,,,,,,,,,,,Orchids Hotel,,,,,,,,,,,,,,,,,,,,,,,,,,,,,,,,,,,,,,,,,,,,,,,,,,,,,,,,,,,,,,,,,,,,,,,,,,,,,,,,,,,,,,,,,,,,,,,,,,,,,,,,,,,,hotel,,,,,,,,center
way/220972106,way/220972106,,,,,,,,,,,,,,,,,,,,marketplace,,,,,,,,,,,,,,,,,,,,,,,,,,,,,,,,,,,,,,,,,,,,,,,,,,,,,,,,,,Ch? Nguy?n V?n Tr?i,,,,,,,,,,,,,,,,,,,,,,,,,,,,,,,,,,,,,,,,,,,,,,Ch? Tr??ng Minh Gi?ng,,,,,,,,,,,,,,,,,,,,,,,,,,,,,,,,,,,,,,,,,,,,,,,,,,,,,,,,,,,,,,,,,,,,,,center
way/235975233,way/235975233,,,,,,,,"576",,,,Nguy?n ?ình Chi?u,,,,,,,,school,,,,,,,,,,,,,,,,,,,,,,,,,,,,,,,,,,,,,,,,1-5,,,,,,,,,,,,,,,,,,Tr??ng Ti?u h?c L??ng ??nh C?a,,,,,,,,,,,,,,,,,,,,,,,,,,,,,,,,,,,,,,,,,,,,,,,,,,,,,,,,,,,,,,,,,,,,,,,,,,,,,,,,,,,,,,,,,,,,,,,,,,,,,,,,,,,,,,,,,,,,center
way/263170654,way/263170654,,,,,,,,,,,,Nguy?n Ðình Chi?u,,,,,,,,university,,,,,,,,,,,,,,,,,,,,,,,,,,,,,,,,,university,,,,,,,,,,,,,,,,,,,,,,,,,??i h?c Kinh t? Thành ph? H? Chí Minh - C? s? A,,,,,,,,University of Economics Ho Chi Minh City - Campus A,,,,,,,,Universitas Ekonomi Kota Ho Chi Minh,,,,,,,,,,,,,,,,Tr??ng ??i h?c Kinh t? Thành ph? H? Chí Minh - c? s? A,?????????-??A,,????????,,,,,,,Tr??ng ??i h?c Kinh t? Thành ph? H? Chí Minh,,Tr??ng ??i h?c Kinh t? Thành ph? H? Chí Minh,,,,,,,,,,,,,,,,,,,,,,,,,,,,,,,,,,,,,,,,,,,,,,,,,,59C,,?HKT,UEH,?HKT,,,,,,,,,,,,,,,Q2562140,Category:University of Economics Ho Chi Minh City,vi:Tr??ng ??i h?c Kinh t? Thành ph? H? Chí Minh,center
way/263311748,way/263311748,,Ho Chi Minh City,,Qu?n 3,,,,"204",,,,???ng Nguy?n Th? Minh Khai,Ph??ng 6,,,,,,,,,,,,,,,,yes,,,,,,,2024/12/15,,,,,,,,,,,,,,,,,,,,,,,,,,,,,,,,,,,,,,,,,,Saigon Star Hotel,,,,,,,,,,,,,,,,,,,,,,,,,,,,,,,,,,,,,,,,,,,,,,,,,,,,,,,,,,,,,,,,,,,,,,,,,,,,,,,,,,,,,,,,,,,,,,,,,,,,,,,,,,,,hotel,,,,,,,,center
way/263352329,way/263352329,,,,,,,,"139",,,,Nguy?n Du,,,,,,,,school,,,,,,,,,,,,,,,,,,,,,,,,,,,,,,,,,school,,,,,,,6-9,,,,,,,,,,,,,,,,,,Tr??ng Trung h?c c? s? Nguy?n Du,,,,,,,,,,,,,,,,,,,,,,,,,,,,,,,,,,,,,,,,,,,,,,,,,,,,,,,,,,,,,,,,,,,,,,,,,,,,,,,,,,+84 028 38298731,,,,,,,,,,,,,,,,,,,,,,,,,,,,,https://thcsnguyenduq1.hcm.edu.vn/,,Q7022811,,,center
way/263444621,way/263444621,,,,,,,,,,,,,,,,,,,,,,,,,,,,,yes,,,,,,,,,,,,,,,,,,,,,,,,,,,,,,,,,,,,,,,,,,,,,,,,,Khách s?n K? Hòa,,,,,,,,Ky Hoa Hotel,,,,,,,,,,,,,,,,,,,,,,,,,,,,,,,,,,,,,,,,,,,,,,,,,,,,,,,,,,,,,,,,,,,,,,,,,,,,,,,,,,,,,,,,,,,,,,,,,,,,hotel,,,,,,,,center
way/263444624,way/263444624,,,,,,,,177B,,,,,,,,,,,,school,,,,,,,,,yes,,"7",,,,,,,,,,,,,,,,,,,,,,,,,,,,,,,,,,,,wlan,,,,,,,"7",,,,Tr??ng Qu?c t? Á Châu,,,,,,,,,,,,,,,,,,,,,,,,,,,,,,,,,,,,,,,,,,,,,,,,,,,,,,,,,,,,,,,,,,,,,,,,,,,,,,,,,,,,,,,,,,,,,,,,,,,,,,,,,,,,,,,,,,,,center
way/263502849,way/263502849,,Ho Chi Minh City,,Qu?n 1,,,,,,,,,,,,,,,,,,,,,,,,,yes,,,,,,,,,,,,,,,,,,,,,,,,,,,,,,,,,,,,,,yes,,,,,,,,,,,Liberty 4,,,,,,,,,,,,,,,,,,,,,,,,,,,,,,,,,,,,,,,,,,,,,,,,,,,,,,,,,,,,,,,,,,,,,,,,,,,,,,,,,,,,,,,,,,,,,,,,,,,,,,,,,,,,hotel,,,,,,,,center
way/263502871,way/263502871,,,,,,,,2B,,,,L??ng H?u Khánh,,,,,,,,school,,,,,,,,,,,,,,,,,,,,,,,,,,,,,,,,,,,,,,,,1-5,,,,,,,,,,,,,,,,,,Tr??ng Ti?u h?c K?t ?oàn,,,,,,,,Ket Doan Primary School,,,,,,,,,,,,,,,,,,,,,,,,,,,,,,,,,,,,,,,,,,,,,,,,,,,,,,,,,,,,,,,,,,,,,,,,,,,,,,,,,,,,,,,,,,,,,,,,,,,,,,,https://thketdoan.hcm.edu.vn/,,,,,center
way/263502874,way/263502874,,,,,,,,,,,,,,,,,,,,,,,,,,,,,yes,,"11",,,,,,,,,,,,,,,,,,,,,,,,,,,,,,,,,,,,,,,,,,,,,,,Continental Saigon Hotel,,,,,,,,,,,,,,,,,,,,,,,,,,,,,,,,,,,,,,,,,,,,,,,,,,,,,,,,,,,,,,,,,,,,,,,,,,,,,,,,,,,,,,,,,,,,,,,,,,,,,,,,,,,,hotel,,,,,,,,center
way/263506611,way/263506611,,,,,,,,"39",,,,Tôn Th?t Ð?m,,,,,,,,university,,,,,,,,,yes,,,,,,,,,,,,,,,,,,,,,,,,university,,,,,,,,,,,,,,,,,,,,,,,,,Tr??ng ??i h?c Ngân hàng Thành ph? H? Chí Minh,,,,,,,,,,,,,,,,,,,,,,,,,,,,,,,,,,,,,,,,,,,,,,,,,,,,,,,,,,,,,,,,,,,,,,,,,,,,,,,,,,,,,,,,,,,,,,,,,,,,,,,,,,,,,,,,,,,,center
way/263506621,way/263506621,,,,,,,,"2",,,,B?n Vân ??n,,,,,,,,school,,,,,,,,,,,,,,,,,,,,,,,,,,,,,,,,,school,,,,,,,10-12,,,,,,,,,,,,,,,,,,Tr??ng Trung h?c ph? thông Nguy?n H?u Th?,,,,,,,,Nguyen Huu Tho High School,,,,,,,,SMA Nguyen Huu Tho,,,,,,,,,,,??????? ????? ????? ??? ???,,,,,,,,?????,,,,,,,,,,,,,,,,,,,,public,,,,,,,,,,,,,,,,,,,,,,,,,,,,,,,,,,,,,,,,,,,,,,,,,,,,,,,,,,,,,center
way/263506624,way/263506624,,,,,,,,,,,,,,,,,,,,school,,,,,,,,,,,,,,,,,,,,,,,,,,,,,,,,,school,,,,,,,,,,,,,,,,,,,,,,,,,Tr??ng Ti?u h?c B?ch ??ng,,,,,,,,Bach Dang Primary School,,,,,,,,SD Bach Dang,,,,,,,,,,,????????? ????? «???? ????»,,,,,,,,????,,,,,,,,,,,,,,,,,,,,,,,,,,,,,,,,,,,,,,,,,,,,,,,,,,,,,,,,,,,,,,,,,,,,,,,,,,,,,,,,,center
way/264548275,way/264548275,,Ho Chi Minh City,,"3",,,,"14",,,,Võ V?n T?n,,,,,,,,,,,,,,,,,yes,,,,,,,,,,,,,,,,,,,,,,,,,,booking@victoryhotel.com.vn,,+84 8 39303604,,,,,,,,,,,,,,,,,,,,,Victory Hotel,,,,,,,,,,,,,,,,,,,,,,,,,,,,,,,,,,,,,,,,,,,,,,,,,,,,,,,,,,,,,,,,,,,,,,,,,,,,,,,,,,+84 8 39304989,,,,,,,,,,,,,,,,,,,"3",,,,,,,hotel,,,http://victoryhotel.com.vn/vi-VN/HCMCDefault.aspx,,,,,center
way/287478465,way/287478465,,,,,,,,"2",,,,,,,,,,,,,,,,,,,,,hotel,,,,,,,,,,,,,,,,,,,,,,,,,,,,,,,,,,,,,,,,,,,,,,,,,Khách s?n Park Hyatt Sài Gòn,,,,,,,,Park Hyatt Saigon,,,,,,,,,,,,,,,,,,,,,,,,,,,,,,,,,,,,,,,,,,,,,,,,,,,,,,,,,,,,,,,,,,,,,,,,,,+84 8 38241234,,,,,,,,,,,,,,,,,,,"5",,,,,,,hotel,,,https://www.saigon.park.hyatt.com/,,,,,center
way/289444668,way/289444668,,,,,,,,,,,,Tr??ng Sa,,,,,,,,school,,,,,,,,,,,,,,,,,,,,,,,,,,,,,,,,,,,,,,,,,,,,,,,,,,,,,,,,,,Tr??ng Ti?u h?c Tr??ng Quy?n,,,,,,,,,,,,,,,,,,,,,,,,,,,,,,,,,,,,,,,,,,,,,,,,,,,,,,,,,,,,,,,,,,,,,,,,,,,,,,,,,,,,,,,,,,,,,,,,,,,,,,,,,,,,,,,,,,,,center
way/289926575,way/289926575,,Thành ph? H? Chí Minh,,Qu?n 1,,,,129-133,,,,Hàm Nghi,Ph??ng Nguy?n Thái Bình,,,,,,,,,,,,,,,,yes,,"10",,,,,,,,,,,,,,,,,,,,,,,,,,,,,,,,,,,,,,,,,,,,,,,Khách s?n Liberty 2,,,,,,,,Liberty 2 Hotel,,,,,,,,,,,,,,,,,,,,,,,,,,,,,,,,,,,,,,,,,,,,,,,,,,,,,,,,,,,,,,,,,,,,,,,,,,,,,,,,,,,,,,,,,,,,,,,,,,,,hotel,,,,,,,,center
way/289968620,way/289968620,,,,,,,,"235",,,,Nguy?n V?n C?,,,,,,,,,,,,,,,,,yes,,,,,,,,,,,,,,,,,,,,,,,,,,,,,,,,,,,,,,,,,,,,,,,,,Trung Tâm Mua S?m Nowzone,,,,,,,,,,,,,,,,,,,,,,,,,,,,,,,,,,,,,,,,,,,,,,,,,,,,,,,,,,,,,,,,,,,,,,,,,,,,,,,,,,,,,,,,,,,,,,,mall,,,,,,,,,,,,,,,,,,,,,center
way/289968621,way/289968621,,,,,,,,"235",,,,Nguy?n V?n C?,,,,,,,,,,,,,,,,,yes,,,,,,,,,,,,,,,,,,,,,,,,,,,,,,,,,,,,,,,,,,,,,,,,,Khách s?n Nikko Saigon,,,,,,,,,,,,,,,,,,,,,,,,,,,,,,,,,,,,,,,,,,,,,,,,,,,,,,,,,,,,,,,,,,,,,,,,,,,,,,,,,,+84 8 39257777,,,,,,,,,,,,,,,,,,,"5",,,,,,,hotel,,,https://www.hotelnikkosaigon.com.vn/,,,,,center
way/289968643,way/289968643,,,,,,,,"280",,,,Lê Thánh Tôn,,,,,,,,,,,,,,,,,yes,,,,,,,,,,,,,,,,,,,,,,,,,,,,,,,,,,,,,,,,,,,,,,,,,A&EM,,,,,,,,,,,,,,,,,,,,,,,,,,,,,,,,,,,,,,,,,,,,,,,,,,,,,,,,,,,,,,,,,,,,,,,,,,,,,,,,,,,,,,,,,,,,,,,,,,,,,,,,,,,,hotel,,,,,,,,center
way/290222665,way/290222665,,,,,,,,"112",,,,Nguy?n Du,,,,,,,,university,,,,,,,,,,,,,,,,,,,,,,,,,,,,,,,,,,,,,,,,,,,,,,,,,,,,,,,,,,Nh?c vi?n Thành ph? H? Chí Minh,,,,,,,,Ho Chi Minh City Conservatory of Music,,,,,,,,Konservatori Musik Kota Ho Chi Minh,,,,,,,,,,,,,,,,Nh?c vi?n Thành ph? H? Chí Minh,,,????????,,,,,,,,,,,,,,,,,,,,,,,,,,,,,,,,,,,,,,,,,,,,,,,,,,,,,,,,,,,,,,,,,,,,,,,,,,,,,,Q1377237,,,center
way/292076575,way/292076575,,Ho Chi Minh City,,,,,,59 - 61,,,,Pasteur,District 1,,,,yes,,,,,,,,,,,,yes,,,,,,,,,,building,,,,,,,,,,,,,,,,,,,,,,,,,,,,,,,,,,,,,,,Khách s?n Liberty Central Sài Gòn CityPoint,,,,,,,,,,,,,,,,,,,,,,,,,,,,,,,,,,,,,,,,,,,,,,,,,,,,,,,,,,,,,,,,,,,,,,,,,,,,,,,,,,,,,,,,,,,,,,,,,,,,,,,,,,,,hotel,,,,,Q117325848,,,center
way/302293102,way/302293102,,,,,,,,,,,,,,,,,,,,,,,,,,,,,yes,,,,,,,,,,,,,,,,,,,,,,,,,,,,,,,,,,,,,,,,,,,,,,,,,Nhà khách Ph??ng Nam,,,,,,,,,,,,,,,,,,,,,,,,,,,,,,,,,,,,,,,,,,,,,,,,,,,,,,,,,,,,,,,,,,,,,,,,,,,,,,,,,,,,,,,,,,,,,,,,,,,,,,,,,,,,hotel,,,,,,,,center
way/302293114,way/302293114,,,,,,,,"258",,,,Nguy?n Trãi,,,,,,,,,,,,,,,,,yes,,,,,,,,,,,,,,,,,,,,,,,,,,,,,,,,,,,,,,,,,,,,,,,,,Nhà khách Ph??ng Nam,,,,,,,,,,,,,,,,,,,,,,,,,,,,,,,,,,,,,,,,,,,,,,,,,,,,,,,,,,,,,,,,,,,,,,,,,,,,,,,,,,,,,,,,,,,,,,,,,,,,,,,,,,,,hotel,,,,,,,,center
way/313697228,way/313697228,,,,,,,,"67",,,,???ng ?inh Tiên Hoàng,,,,,,,,school,,,,,,,,,,,,,,,,,,,,,,,,,,,,,,,,,school,,,,,,,1-5,,,,,,,,,,,,,,,,,,Tr??ng Ti?u h?c ?inh Tiên Hoàng,,,,,,,,Dinh Tien Hoang Primary School,,,,,,,,,,,,,,,,,,,,,,,,,,,???????,,,,,,,,,,,,,,,,,,,,,,,,,,,,,,,,,,,,,,,,,,,,,,,+84 028 38294295,,,,,,,,,,,,,,,,,,,,,,,,,,,,,https://thdinhtienhoangq1.hcm.edu.vn/,,,,,center
way/316623543,way/316623543,,,,,,,,"282",,,,Võ Th? Sáu,,,,,,,,school,,,,,,,,,,,,,,,,2025/01/04,,,,,,,,,,,,,,,,,school,,,,,,,,,,,,,,,,,,,,,,,,,Tr??ng Trung h?c c? s? Lê L?i,,,,,,,,,,,,,,,,,,,,,,,,,,,,,,,,,,,,,,,,,,,,,,,,,,,,,,,,,,,,,,,,,,,,,,,,,,,,,,,,,,,,,,,,,,,,,,,,Tr??ng THCS Lê L?i,,,,,,,,,,,,,,,,,,,,center
way/316897787,way/316897787,,Ho Chi Minh City,,"3",,,,"10",,,,H? Xuân H??ng,"6",,,,,,,school,,,,,,,,,,,,,,,,,,,,,,,,,,,,,,,,,,,coletteq3@yahoo.com,,,,,,,,,,,,,,,,,,,,,,,Tr??ng Trung h?c c? s? Colette,,,,,,,,,,,,,,,,,,,,,,,,,,,,,,,,,,,,,,,,,,,,,,,,,,,,Mo-Su 08:00-20:00,,,,,,,,,,,,,,,,,,,,,,,,,,,,,,,,,,,,,,,,,,,,Tr??ng THCS Colette,,,,,,,,,,,,,,,https://thcscolette.hcm.edu.vn/Default.aspx,,,,,center
way/326846290,way/326846290,,,,,,,,,,,,,,,,,,,,,,,,,,,,,yes,,,,,,,,,,,,,,,,,,,,,,,,,,,,,,,,,,,,,,,,,,,,,,,,,Khách S?n Vi?n ?ông,,,,,,,,,,,,,,,,,,,,,,,,,,,,,,,,,,,,,,,,,,,,,,,,,,,,,,,,,,,,,,,,,,,,,,,,,,,,,,,,,,,,,,,,,,,,,,,,,,,,GPS,,,,,,,,hotel,,,,,,,,center
way/358051928,way/358051928,,,,,,,,,,,,,,,,,,,,school,,,,,,,,,,,,,,,,,,,,,,,,,,,,,,,,,,,,,,,,,,,,,,,,,,,,,,,,,,Tr??ng Trung h?c c? s? ?ào Duy Anh,,,,,,,,,,,,,,,,,,,,,,,,,,,,,,,,,,,,,,,,,,,,,,,,,,,,,,,,,,,,,,,,,,,,,,,,,,,,,,,,,,,,,,,,,,,,,,,,Tr??ng THCS ?ào Duy Anh,,,,,,,,,,,,,,,,,,,,center
way/359022741,way/359022741,,,,,,,,"12",,,,Tr?n Qu?c To?n,,,,,,,,school,,,,,,,,,,,,,,,,,,,,,,,,,,,,,,,,,,,,,,,,10-12,,,,,,,,,,,,,,,,,,Tr??ng Trung h?c ph? thông Nguy?n Th? Di?u,,,,,,,,,,,,,,,,,,,,,,,,,,,,,,,,,,,,,,,,,,,,,,,,,,,,,,,,,,,,,,,,,,,,,,,,,,,,,,,,,,,,,,,,,,,,,,,,Tr??ng THPT Nguy?n Th? Di?u,,,,,,,,,,,,,,,,,,,,center
way/393652059,way/393652059,,,,,,,,,,,,,,,,,,,,,,,,,,,,,yes,,"12",,,,,,,,,,,,,,,,,,,,,,,,,,,,,,,,,,,,,,,,,,,,,,,,,,,,,,,,,,,,,,,,,,,,,,,,,,,,,,,,,,,,,,,,,,,,,,,,,,,,,,,,,,,,,,,,,,,,,,,,,,,,,,,,,,,,,,,,,,,,,,,,,,,,,,,,,,,hotel,,,,,,,,center
way/409004249,way/409004249,,,,,,,,,,,,,,,,,,,,,,,,,,,,,yes,,,,,,,,,,,,,,,,,,,,,,,,,,,,,,,,,,,,,,yes,,,,,,,,,,,Bay Hotel,,,,,,,,,,,,,,,,,,,,,,,,,,,,,,,,,,,,,,,,,,,,,,,,,,,,,,,,,,,,,,,,,,,,,,,,,,,,,,,,,,,,,,,,,,,,,,,,,,,,,,,,,,,,hotel,,,https://www.bayhotelhcm.com/,,Q117325880,,,center
way/409116783,way/409116783,,,,Qu?n 1,,,,10A,,,Thành ph? H? Chí Minh,???ng Lê Thánh Tôn,Ph??ng B?n Nghé,,,,,,,,,,,,,,,,yes,,,,,,,,,,,,,,,,,,,,,,,,,,,,,,,,,,,,,,,,,,,,,,,,,Khách s?n Silverland Sankyo,,,,,,,,,,,,,,,,,,,,,,,,,,,,,,,,,,,,,,,,,,,,,,,,,,,,,,,,,,,,,,,,,,,,,,,,,,,,,,,,,,,,,,,,,,,,,,,,,,,,,,,,,,,,hotel,,,,,,,,center
way/420032393,way/420032393,,,,,,,,129/63A,,,,Nguy?n H?u Hào,,,,,,,,school,,,,,,,,,,,,,,,,,,,,,,,,,,,,,,,,,school,,,,,,,,,,,,,,,,,,,,,,,,,Tr??ng Trung h?c c? s? Chi L?ng,,,,,,,,,,,,,,,,,,,,,,,,,,,,,,,,,,,,,,,,,,,,,,,,,,,,,,,,,,,,,,,,,,,,,,,,,,,,,,,,,,,,,,,,,,,,,,,,,,,,,,,,,,,,,,,,,,,,center
way/461455823,way/461455823,,Thành Ph? H? Chí Minh,,Qu?n 3,,,,3A,,,,???ng Võ V?n T?n,Ph??ng 6,,,,,,,,,,,,,,,,yes,,,,,,,,,,,,,,,,,,,,,,,,,,,,,,,,,,,,,,,,,,,,,,,,,Aristo Hotel,,,,,,,,,,,,,,,,,,,,,,,,,,,,,,,,,,,,,,,,,,,,,,,,,,,,,,,,,,,,,,,,,,,,,,,,,,,,,,,,,,,,,,,,,,,,,,,,,,,,,,,,,,,,hotel,,,,,,,,center
way/464019312,way/464019312,,Ho Chi Minh City,,Quan 1,,,,"125",,,,C?ng Qu?nh,Nguy?n c? Trinh,,,,,,,university,,,,,,,,,,,,,,,,,,,,,,,,,,,,,,,,,,,,,,,,,,,,,,,,,,,,,,,,,,Tr??ng ??i h?c Sân kh?u - ?i?n ?nh Thành ph? H? Chí Minh,,,,,,,,,,,,,,,,,,,,,,,,,,,,,,,,Sân Kh?u Th? Gi?i Tr?,,,,,,,,,,,,,,,,,,,,,,,,,,,,,,,,,,,,,,,,,,,,,,,,,,,,,,,,,,,,,,,,,,,,,,,,,,,,,,,,,,,,center
way/464038948,way/464038948,,,,,,,,,,,,,,,,,,,,school,,,,,,,,,,,,,,,,,,,,,,,,,,,,,,,,,,,,,,,,1-5,,,,,,,,,,,,,,,,,,Tr??ng Ti?u h?c Tr?n H?ng ??o,,,,,,,,,,,,,,,,,,,,,,,,,,,,,,,,,,,,,,,,,,,,,,,,,,,,,,,,,,,,,,,,,,,,,,,,,,,,,,,,,,+84 028 39200281,,,,,,,,,,,,,,,,,,,,,,,,,,,,,https://thtranhungdao.hcm.edu.vn/,,,,,center
way/465297303,way/465297303,,,,,,,,,,,,,,,,,,,,,,,,Pullman,,,Q3410757,,hotel,,,,,,,,,,,,,,,,,,,,,,,,,,,,,,,,,,,,,,,,,,,,,,,,,Pullman Saigon Centre,,,,,,,,,,,,,,,,,,,,,,,,,,,,,,,,Khách S?n Pullman Saigon Centre,,,,,,,,,,,,,,,,,,,,,,,,,,,,,,,,,,,,,,,,,,,,,,,,,,,,,,,,,,,,,,,,,,,,,,,,,,,,hotel,,,,,,,,center
way/465318257,way/465318257,,,,,,,,,,,,,,,,,,,,,,,,,,,,,,,,,,,,,,,,,,,,,,,,,,,,,,,,,,,,,,,,,,,,,,,,,,,,,,Khách S?n Lotte Legend,,,,,,,,LOTTE HOTEL SAIGON,,,,,,,,,,?????? ????,,,,,,,,,,,,,,,,,,,,,,,,,,,,,,,,,,,,,,,,,,,,,,,,,,,,,,,,,,,,,,,,,,,,,,,,,,,,,,,,,,,,,,,,,,hotel,,,https://www.lottehotel.com/saigon-hotel/en.html,,,,,center
way/465336081,way/465336081,,,,,,,,"10",,,,Nguy?n Th? Minh Khai,,,,,,,,school,,,,,,,,,,,,,,,,,,,,,,,,,,,,,,,,,school,,,,,,,,,,,,,,,,,,,,,,,,,Tr??ng Trung h?c c? s? Lê Quý ?ôn,,,,,,,,,,,,,,,,,,,,,,,,,,,,,,,,,,,,,,,,,,,,,,,,,,,,,,,,,,,,,,,,,,,,,,,,,,,,,,,,,,,,,,,,,,,,,,,,Tr??ng THCS Lê Quý ?ôn,,,,,,,,,,,,,,,,,,,,center
way/465528806,way/465528806,,,,,,,,,,,,,,,,,,,,school,,,,,,,,,,,,,,,,,,,,,,,,,,,,,,,,,,,,,,,,,,,,,,,,,,,,,,,,,,Tr??ng c?p 1 Phan V?n Hân,,,,,,,,,,,,,,,,,,,,,,,,,,,,,,,,,,,,,,,,,,,,,,,,,,,,,,,,,,,,,,,,,,,,,,,,,,,,,,,,,,,,,,,,,,,,,,,,,,,,,,,,,,,,,,,,,,,,center
way/465529204,way/465529204,,,,,,,,,,,,,,,,,,,,school,,,,,,,,,,,,,,,,,,,,,,,,,,,,,,,,,,,,,,,,,,,,,,,,,,,,,,,,,,Tr??ng Trung h?c c? s? Ki?n Thi?t,,,,,,,,,,,,,,,,,,,,,,,,,,,,,,,,,,,,,,,,,,,,,,,,,,,,,,,,,,,,,,,,,,,,,,,,,,,,,,,,,,,,,,,,,,,,,,,,,,,,,,,,,,,,,,,,,,,,center
way/465546858,way/465546858,,,,,,,,"73",,,,???ng Bùi Th? Xuân,,,,,,,,school,,,,,,,,,,,,,,,,,,,,,,,,,,,,,,,,,,,,,,,,,,,,,,,,,,,,,,,,,,Tr??ng Trung h?c ph? thông Bùi Th? Xuân,,,,,,,,,,,,,,,,,,,,,,,,,,,,,,,,,,,,,,,,,,,,,,,,,,,,,,,,,,,,,,,,,,,,,,,,,,,,,,,,,,,,,,,,,,,,,,,,,,,,,,,,,,,,,,,,,,,,center
way/465838943,way/465838943,,,,,,,,,,,,,,,,,,,,marketplace,,,,,,,,,yes,,,,,,,,,,,,,,,,,,,,,,,,,,,,,,,,,,,,,,,,,,,,,,,,,Ch? V??n Chu?i,,,,,,,,,,,,,,,,,,,,,,,,,,,,,,,,,,,,,,,,,,,,,,,,,,,,,,,,,,,,,,,,,,,,,,,,,,,,,,,,,,,,,,,,,,,,,,,,,,,,,,,,,,,,,,,,,,,,center
way/469843391,way/469843391,,,,,,,,"10",,,,Nguy?n Th? Minh Khai,,,,,,,,school,,,,,,,,,,,,,,,,,,,,,,,,,,,,,,,,,school,,,,,,,10-12,,,,,,,,,,,,,,,,,,Tr??ng Trung h?c ph? thông Lê Quý ?ôn,,,,,,,,,,,,,,,,,,,,,,,,,,,,,,,,,,,,,,,,,,,,,,Collège Chasseloup-Laubat,,,,,,,,,,,,,,,,,,,,,,,,,,,,,,,,,,,,,,,,,,,,,,,,,,Tr??ng THPT Lê Quý ?ôn,,,,,,,,,,,,,,,,,Q4559616,,"vi:Tr??ng Trung h?c ph? thông Lê Quý ?ôn, Thành ph? H? Chí Minh",center
way/494693841,way/494693841,,Ho Chi Minh City,,Qu?n 1,,,,"233",,,,Ph?m Ng? Lão,,,,,,,,,,,,,,,,,yes,,,,,,,,,,,,,,,,,,,,,,,,,,,,,,,,,,,,,,,,,,,,,,,,,Elios Hotel,,,,,,,,,,,,,,,,,,,,,,,,,,,,,,,,,,,,,,,,,,,,,,,,,,,,,,,,,,,,,,,,,,,,,,,,,,,,,,,,,,,,,,,,,,,,,,,,,,,,,,,,,,,,hotel,,,,,,,,center
way/494789259,way/494789259,,Ho Chi Minh City,,"3",,,,391A,,"700000",Ho Chi Minh City,Nam K? Kh?i Ngh?a,"14",,,,,,,college,,,,,,,,,,,,,,yes,,,,,,,,,,,,,,,,,,,,,,,,,,,,,,,,,,,,,,,,,,,,FPT Skillking HCM,,,,,,,,,,,,,,,,,,,,,,,,,,,,,,,,,,,,,,,,,,,,,,,,,,,,,,,,,,,,,,,,,,,,,,,,,,,,,,,,,,,,,,,,,,,,,,,,,,,,,,,,,,,,,,,,,,,,center
way/505037221,way/505037221,,,,,,,,"157",,,,Pasteur,,,,,,,,,,,,,,,,,hotel,,"17",,,,,,,,,,,,,,,,,,,,,,,,,,,,,,,,,,,,,,,,,,,,,,,ÊMM HOTEL SAIGON,,,,,,,,,,,,,,,,,,,,,,,,,,,,,,,,,,,,,,,,,,,,,,,,,,,,,,,,,,,,,,,,,,,,,,,,,,,,,,,,,,,,,,,,,,,,,,,,,,,,,,,,,,,,hotel,,,https://emmhotels.com/en/hotels/emm-hotel-saigon,,,,,center
way/509015321,way/509015321,,Ho Chi Minh City,,"10",,,,,,,,,,,,,,,,,,,,,,,,,yes,,,,,,,,,,,,,,,,,,,,,,,,,,,,,,,,,,,,,,,,,,,,,,,,,Vincom Plaza Ba Tháng Hai,,,,,,,,,,,,,,,,,,,,,,,,,,,,,,,,,,,,,,,,,,,,,,,,,,,,,,,,,,,,,,,,,,,,,,,,,,,,,,,,,,,,,,,,,,,,,,,mall,,,,,,,,,,,,,,,,,,,,,center
way/516932900,way/516932900,,,,,,,,"105",,,,H? Th? K?,,,,,,,,school,,,,,,,,,,,,,,,,,,,,,,,,,,,,,,,,,,,,,,,,1-5,,,,,,,,,,,,,,,,,,Tr??ng Ti?u h?c H? Th? K?,,,,,,,,Ho Thi Ky Primary School,,,,,,,,,,,,,,,,,,,,,,,,,,,,,,,,,,,,,,,,,,,,,,,,,,,,,,,,,,,,,,,,,,,,,,,,,,,,,,,,,,,,,,,,,,,,,,,,,,,,,,,,,,,,center
way/516932941,way/516932941,,,,,,,,,,,,,,,,,,,,marketplace,,,,,,,,,yes,,,,,,,,,,,,,,,,,,,,,,,,,,,,,,,,,,,,,,,,,,,,,,,,,Ch? Lê H?ng Phong,,,,,,,,Le Hong Phong Market,,,,,,,,,,,,,,,,,,,,,,,,Ch? Lê H?ng Phong,,,,,,,,,,,,,,,,,,,,,,,,,,,,,,,,,,,,,,,,,,,,,,,,,,,,,,,,,,,,,,,,,,,,,,,,,,,,,,,,,,,,center
way/554450138,way/554450138,,,,,,,,,,,,,,,,,,,,school,,,,,,,,,,,,,,,,,,,,,,,,,,,,,,,,,,,,,,,,,,,,,,,,,,,,,,,,,,Tr??ng Trung h?c c? s? Hai Bà Tr?ng,,,,,,,,,,,,,,,,,,,,,,,,,,,,,,,,,,,,,,,,,,,,,,,,,,,,,,,,,,,,,,,,,,,,,,,,,,,,,,,,,,,,,,,,,,,,,,,,Tr??ng THCS Hai Bà Tr?ng,,,,,,,,,,,,,,,,,,,,center
way/587505132,way/587505132,,,,,,,,,,,,,,,,,,,,,,,,,,,,,yes,,,,,,,,,,,,,,,,,,,,,,,,,,,,,,,,,,,,,,,,,,,,,,,,,TTTM RomeA,,,,,,,,,,,,,,,,,,,,,,,,,,,,,,,,,,,,,,,,,,,,,,,,,,,,,,,,,,,,,,,,,,,,,,,,,,,,,,,,,,,,,,,,,,,,,,,mall,,,,,,,,,,,,,,,,,,,,,center
way/683697158,way/683697158,,,,,,,,"66",,,,Nguyê?n Tâ?t Tha?nh,,,,,,,,,,,,,,,,,yes,,,,,,,,,,,,,,,,,,,,,,,,,,,,,,,,,,,,,,,,,,,,,,,,,Khách S?n C?ng Sài Gòn,,,,,,,,,,,,,,,,,,,,,,,,,,,,,,,,,,,,,,,,,,,,,,,,,,,,,,,,,,,,,,,,,,,,,,,,,,,,,,,,,,,,,,,,,,,,,,,,,,,,,,,,,,,,hotel,,,,,,,,center
way/683910634,way/683910634,,,,,,,,"276",,,,???ng Nguy?n T?t Thành,,,,,,,,school,,,,,,,,,,,,,,,,,,,,,,,,,,,,,,,,,school,,,,,,,,,,,,,,,,,,,,,,,,,Tr??ng Trung h?c c? s? Vân ??n,,,,,,,,,,,,,,,,,,,,,,,,,,,,,,,,,,,,,,,,,,,,,,,,,,,,,,,,,,,,,,,,,,,,,,,,,,,,,,,,,,,,,,,,,,,,,,,,,,,,,,,,,,,,,,,,,,,,center
way/683910643,way/683910643,,,,,,,,,,,,,,,,,,,,school,,,,,,,,,,,,,,,,,,,,,,,,,,,,,,,,,school,,,,,,,,,,,,,,,,,,,,,,,,,Tr??ng Ti?u h?c B?n C?ng,,,,,,,,Ben Cang Primary School,,,,,,,,SD Ben Cang,,,,,,,,,,,????????? ????? «??? ????»,,,,,,,,????,,,,,,,,,,,,,,,,,,,,,,,,,,,,,,,,,,,,,,,,,,,,,,,,,,,,,,,,,,,,,,,,,,,,,,,,,,,,,,,,,center
way/683910656,way/683910656,,,,,,,,,,,,,,,,,,,,school,,,,,,,,,,,,,,,,,,,,,,,,,,,,,,,,,school,,,,,,,,,,,,,,,,,,,,,,,,,Tr??ng Ti?u h?c Xóm Chi?u,,,,,,,,Xom Chieu Primary School,,,,,,,,SD Xom Chieu,,???????,,,,,,,,,????????? ????? «??? ????»,,,,,,,,????,,,,,,,,,,,,,,,,,,,,,,,,,,,,,,,,,,,,,,,,,,,,,,,,,,,,,,,,,,,,,,,,,,,,,,,,,,,,,,,,,center
way/695895016,way/695895016,,,,,,,,,,,,,,,,,,,,,,,,,,,,,yes,,"5",,,,,,,,,,,,,,,,,,,,,,,,,,,,,,,,,,,,,,,,,,,,,,,Royal Hotel Saigon,,,,,,,,,,,,,,,,,,,,,,,,,,,,,,,,,,,,,,,,,,,,,,,,,,,,,,,,,,,,,,,,,,,,,,,,,,,,,,,,,,,,,,,,,,,,,,,,,,,,,,,,,,,,hotel,,,,,,,,center
way/722916691,way/722916691,,,,Qu?n 3,,,,,,,H? Chí Minh,Nguy?n Ðình Chi?u,Ph??ng 1,,,,,,,marketplace,,,,,,,,,yes,,,,,,,,,,,,,,,,,,,,,,,,,,,,,,,,,,,,,,,,,,,,,,,,,Ch? Bàn C?,,,,,,,,,,,,,,,,,,,,,,,,,,,,,,,,,,,,,,,,,,,,,,,,,,,,,,,,,,,,,,,,,,,,,,,,,,,,,,,,,,,,,,,,,,,,,,,,,,,,,,,,,,,,,,,,,,,,center
way/722916692,way/722916692,,,,,,,,,,,,,,,,,,,,marketplace,,,,,,,,,yes,,,,,,,,,,,,,,,,,,,,,,,,,,,,,,,,,,,,,,,,,,,,,,,,,Ch? Bàn C?,,,,,,,,,,,,,,,,,,,,,,,,,,,,,,,,,,,,,,,,,,,,,,,,,,,,,,Ban Qu?n lý Ch? Bàn C?,,,,,,,,,,,,,,,,,,,,,,,,,,,,,,,,,,,,,,,,,,,,,,,,,,,,,,,,,,,,,,center
way/726762754,way/726762754,,,,,,,,119 - 119C,,,,Hoà H?ng,,,,,,,,,,,,,,,,,yes,,,,,,,2025/03/29,,,,,,,,,,,,,,,,,,,minhchauhotel1@yahoo.com,,,,,,,,,,,,wlan,,,,,,,,,,,Khách s?n Minh Châu,,,,,,,,Minh Chau Hotel,,,,,,,,,,,,,,,,,,,,,,,,,,,,,,,,,,,,,,,,,,,,,,Phu Nguyen,,,,,,,,,,,,,,,,,,,,,,,,,,,,+84 942 865 910,,,,,,,,,,,,,,,,,,,,,,,,,,hotel,,,http://minhchauhotel.com,,,,,center
way/737948715,way/737948715,,,,,,,,"103",,,,Võ V?n T?n,,,,,yes,,,,,,,,,,,,yes,,"8",,,,,,,,,,,,,,,,,,,,,,,,,,,,yes,,,,,,,,wlan,no,,,,,,,,,,Aurora Serviced Apartments,,,,,,,,,,,,,,,,,,,,,,,,,,,,,,,,,,,,,,,,,,,,,,,,,,,,,,,,,,,,,,,,,,,,,,,,,,,,,,,,,,,,,,,"0",,,,,,,,,,,,,,,,,yes,,,,hotel,,,,,,,,center
way/741084351,way/741084351,,Ho Chi Minh City,,Sai Gon Ward,,,,"11",,,Vietnam,Cong Truong Me Linh,,,,,,,,,,,,Hilton,,,Q598884,,yes,,"34",,,,,,,,,,https://www.facebook.com/hiltonsaigon/,https://www.instagram.com/hiltonsaigon/,,,,,,,,,,,,,sgnhi_hotel@hilton.com,,,,,,"154",,,,,,wlan,,,,,,,,,,,Hilton Saigon,,,,,,,,,,,,,,,,,,,,,,,,,,,,,,,,,,,,,,,,,,,,,,,,,,,,,,Hilton,,,,,,,,,,,,,,,,,,,,,,,,,,,,+84 28 3823 7979,,,,,,,,"240",,,,,,,,,,,,,,,,,,hotel,,,https://www.hilton.com/en/hotels/sgnhihi-hilton-saigon/,,,,,center
way/748630923,way/748630923,,,,,,,,,,,,,,,,,yes,,,,,,,,,,,,yes,,,,,,,,,,,,,,,,,,,,,,,,,,,,,,,,,,,,,,,,,,,,,,,,,Sherwood Suites,,,,,,,,,,,,,,,,,,,,,,,,,,,,,,,,,,,,,,,,,,,,,,,,,,,,,,,,,,,,,,,,,,,,,,,,,,,,,,,,,,+84 28 3888 8866,,,,,,,,,,,,,,,,,,,,,,,,,,hotel,,,https://www.sherwoodsuites.vn/,,,,,center
way/801710776,way/801710776,,,,,,,,"20",,,,Lý T? Tr?ng,,,,,,,,school,,,,,,,,,,,,,,,,,,,,,,,,,,,,,,,,,school,,,,,,,6-12,,,,,,,,,,,,,,,,,,Tr??ng Trung h?c c? s? và Trung h?c ph? thông Tr?n ??i Ngh?a,,,,,,,,Tran Dai Nghia Secondary and High School,,,,,,,,SMA Tran Dai Nghia,,,,,,,,,,,??????? ? ??????? ????? «??? ??? ????»,,,,,,,,????????,,,,,,,,,,,Institution Taberd,,,,,,,,,,,,,,,,,,,,,,,,,,,,,,,,,,,,,,,,,,,,,,,,,,,,,,,,,,,,,,,,,,,,,,center
way/801958369,way/801958369,,,,,,,,8A,,,,M?c ??nh Chi,,,,,,,,,,,,,,,,,yes,,,,,,,,,,,,,,,,,,,,,,,,,,salesgroup@saigoncentre.muongthanh.vn,,,,,,,,,,,,wlan,,,,,,,,,,,Khách S?n M??ng Thanh Sài Gòn Centre,,,,,,,,,,,,,,,,,,,,,,,,,,,,,,,,,,,,,,,,,,,,,,,,,,,,,,,,,,,,,,,,,,,,,,,,,,,,,,,,,,"+84838279595",,,,,,,,,,,,,,,,,,,,,,,,,,hotel,,,www.saigoncentre.muongthanh.vn,,,,,center
way/802069397,way/802069397,,,,,,,,,,,,,,,,,,,,,,,,,,,,,yes,,,,,,,,,,,,,,,,,,,,,,,,,,,,,,,,,,,,,,,,,,,,,,,,,Pastel Inn Saigon,,,,,,,,,,,,,,,,,,,,,,,,,,,,,,,,,,,,,,,,,,,,,,,,,,,,,,,,,,,,,,,,,,,,,,,,,,,,,,,,,,,,,,,,,,,,,,,,,,,,,,,,,,,,hotel,,,,,,,,center
way/802069404,way/802069404,,,,,,,,"35",,,,Hàn Thuyên,,,,,,,,,,,,,,,,,yes,,,,,,,,,,,,,,,,,,,,,,,,,,,,,,,,,,,,,,,,,,,,,,,,,Nhà khách B? Giao thông V?n t?i,,,,,,,,,,,,,,,,,,,,,,,,,,,,,,,,,,,,,,,,,,,,,,,,,,,,,,,,,,,,,,,,,,,,,,,,,,,,,,,,,,,,,,,,,,,,,,,,,,,,,,,,,,,,hotel,,,,,,,,center
way/802104995,way/802104995,,,,,,,,14-16,,,,Lê Lai,,,,,,,,,,,,,,,,,yes,,,,,,,,,,,,,,,,,,,,,,,,,,,,,,,,,,,,,,,,,,,,,,,,,Silverland Central,,,,,,,,,,,,,,,,,,,,,,,,,,,,,,,,,,,,,,,,,,,,,,,,,,,,,,,,,,,,,,,,,,,,,,,,,,,,,,,,,,,,,,,,,,,,,,,,,,,,survey,"3",,,,,,,hotel,,,,,,,,center
way/802104998,way/802104998,,,,,,,,,,,,,,,,,,,,,,,,,,,,,yes,,,,,,,,,,,,,,,,,,,,,,,,,,,,,,,,,,,,,,,,,,,,,,,,,Silverland Central,,,,,,,,,,,,,,,,,,,,,,,,,,,,,,,,,,,,,,,,,,,,,,,,,,,,,,,,,,,,,,,,,,,,,,,,,,,,,,,,,,,,,,,,,,,,,,,,,,,,,,,,,,,,hotel,,,,,,,,center
way/802105000,way/802105000,,,,,,,,"26",,,,Nguy?n An Ninh,,,,,,,,,,,,,,,,,yes,,,,,,,,,,,,,,,,,,,,,,,,,,,,,,,,,,,,,,,,,,,,,,,,,Khách S?n Gia Huy,,,,,,,,,,,,,,,,,,,,,,,,,,,,,,,,,,,,,,,,,,,,,,,,,,,,,,,,,,,,,,,,,,,,,,,,,,,,,,,,,,,,,,,,,,,,,,,,,,,,,,,,,,,,hotel,,,,,,,,center
way/802105001,way/802105001,,,,,,,,,,,,,,,,,,,,,,,,,,,,,yes,,,,,,,,,,,,,,,,,,,,,,,,,,,,,,,,,,,,,,,,,,,,,,,,,Queen Central,,,,,,,,,,,,,,,,,,,,,,,,,,,,,,,,,,,,,,,,,,,,,,,,,,,,,,,,,,,,,,,,,,,,,,,,,,,,,,,,,,,,,,,,,,,,,,,,,,,,,,,,,,,,hotel,,,,,,,,center
way/802105003,way/802105003,,,,,,,,28-30,,,,Nguy?n An Ninh,,,,,,,,,,,,,,,,,yes,,,,,,,,,,,,,,,,,,,,,,,,,,,,,,,,,,,,,,wlan,,,,,,,,,,,Cochin Sang Hotel,,,,,,,,,,,,,,,,,,,,,,,,,,,,,,,,,,,,,,,,,,,,,,,,,,,,,,,,,,,,,,,,,,,,,,,,,,,,,,,,,,"+842838232999",,,,,,,,,,,,,,,,,,,,,,,,,,hotel,,,https://cochinsaigonhotels.com/,,,,,center
way/802105004,way/802105004,,,,,,,,,,,,,,,,,,,,,,,,,,,,,yes,,,,,,,,,,,,,,,,,,,,,,,,,,,,,,,,,,,,,,,,,,,,,,,,,Saigon Pink 2,,,,,,,,,,,,,,,,,,,,,,,,,,,,,,,,,,,,,,,,,,,,,,,,,,,,,,,,,,,,,,,,,,,,,,,,,,,,,,,,,,,,,,,,,,,,,,,,,,,,,,,,,,,,hotel,,,,,,,,center
way/802105005,way/802105005,,,,,,,,"26",,,,Nguy?n An Ninh,,,,,,,,,,,,,,,,,yes,,,,,,,,,,,,,,,,,,,,,,,,,,,,,,,,,,,,,,,,,,,,,,,,,Gia Huy Hotel,,,,,,,,,,,,,,,,,,,,,,,,,,,,,,,,,,,,,,,,,,,,,,,,,,,,,,,,,,,,,,,,,,,,,,,,,,,,,,,,,,,,,,,,,,,,,,,,,,,,,,,,,,,,hotel,,,,,,,,center
way/802105006,way/802105006,,,,,,,,,,,,,,,,,,,,,,,,,,,,,yes,,,,,,,,,,,,,,,,,,,,,,,,,,,,,,,,,,,,,,,,,,,,,,,,,Alagon Western Hotel,,,,,,,,,,,,,,,,,,,,,,,,,,,,,,,,,,,,,,,,,,,,,,,,,,,,,,,,,,,,,,,,,,,,,,,,,,,,,,,,,,,,,,,,,,,,,,,,,,,,,,,,,,,,hotel,,,,,,,,center
way/802105008,way/802105008,,,,,,,,,,,,,,,,,,,,,,,,,,,,,yes,,,,,,,,,,,,,,,,,,,,,,,,,,,,,,,,,,,,,,,,,,,,,,,,,Khách S?n Aluna,,,,,,,,,,,,,,,,,,,,,,,,,,,,,,,,,,,,,,,,,,,,,,,,,,,,,,,,,,,,,,,,,,,,,,,,,,,,,,,,,,,,,,,,,,,,,,,,,,,,,,,,,,,,hotel,,,,,,,,center
way/802105034,way/802105034,,,,,,,,,,,,???ng Lê Thánh Tôn,,,,,,,,,,,,,,,,,yes,,,,,,,,,,,,,,,,,,,,,,,,,,,,,,,,,,,,,,,,,,,,,,,,,Norfolk Hotel,,,,,,,,,,,,,,,,,,,,,,,,,,,,,,,,,,,,,,,,,,,,,,,,,,,,,,,,,,,,,,,,,,,,,,,,,,,,,,,,,,,,,,,,,,,,,,,,,,,,,,,,,,,,hotel,,,,,,,,center
way/802125674,way/802125674,,,,,,,,,,,,,,,,,,,,,,,,,,,,,,,"39",,,yes,,,,,,,,,,,,,,,,,,,,,,,,,,,"193",,,,,,,,,,,,,,,,,Trung tâm mua s?m Saigon Centre,,,,,,,,,,,,,,,,,,,,,,,,,,,,,,,,,,,,,,,,,,,,,,,,,,,,,,,,,,,,,,,,,,,,,,,,,,,,,,,,,,,,,,,,,,,,,,,mall,,,,,,,,,,,,,,,,,,,,,center
way/802125675,way/802125675,,,,,,,,,,,,,,,,,,,,,,,,,,,,,,,,,,yes,,,,,,,,,,,,,,,,,,,,,,,,,,,,,,,,,,,,,,,,,,,,,,,,,,,,,,,,,,,,,,,,,,,,,,,,,,,,,,,,,,,,,,,,,,,,,,,,,,,,,,,,,,,,,,,,,,,,,,,,,,,,,,,,,,,,,,,,,,,mall,,,,,,,,,,,,,,,,,,,,,center
way/802125676,way/802125676,,,,,,,,,,,,,,,,,,,,,,,,,,,,,,,,,,yes,,,,,,,,,,,,,,,,,,,,,,,,,,,"170",,,,,,,,,,,,,,,,,,,,,,,,,,,,,,,,,,,,,,,,,,,,,,,,,,,,,,,,,,,,,,,,,,,,,,,,,,,,,,,,,,,,,,,,,,,,,,,,,,,,,,,,,,,,,,,,mall,,,,,,,,,,,,,,,,,,,,,center
way/802125677,way/802125677,,,,,,,,"65",,"71006",,Lê L?i,,,,,,,,,,,,,,,,,commercial,,,,,,,,,,,,,,,,,,,,,,,,,,,,,,,,,,,,,,,,,,,,,,,,,Toà Nhà Saigon Centre,,,,,,,,,,,,,,,,,,,,,,,,,,,?????? ??????,,,,,,,,????,,????,,,,,,,,,,,,,,,,,,,,,,,,,,,,,,,,,,,,,,,,,,,,,,,,,,,,,,,,,,mall,,,,,,,,,,,,,,,,,,,,,center
way/802157412,way/802157412,,,,,,,,"105",,,,Nguy?n Thái Bình,,,,,,,,school,,,,,,,,,,,,,,,,,,,,,,,,,,,,,,,,,school,,,,,,,1-5,,,,,,,,,,,,,,,,,,Tr??ng Ti?u h?c Nguy?n Thái Bình,,,,,,,,Nguyen Thai Binh Primary School,,,,,,,,SD Nguyen Thai Binh,,,,,,,,,,,????????? ????? «????? ???? ????»,,,,,,,,?????,,,,,,,,,,,,,,,,,,,,,,,,,,,,,,,,,,,,,,,,,,,,,,,+84 028 38298710,,,,,,,,,,,,,,,,,,,,,,,,,,,,,https://thnguyenthaibinhq1.hcm.edu.vn/,,,,,center
way/802157416,way/802157416,,,,,,,,,,,,,,,,,,,,school,,,,,,,,,,,,,,,,,,,,,,,,,,,,,,,,,school,,,,,,,,,,,,,,,,,,,,,,,,,Tr??ng Ti?u h?c Khai Minh,,,,,,,,Khai Minh Primary School,,,,,,,,SD Khai Minh,,,,,,,,,,,????????? ????? «??? ????»,,,,,,,,????,,,,,,,,,,,,,,,,,,,,,,,,,,,,,,,,,,,,,,,,,,,,,,,,,,,,,,,,,,,,,,,,,,,,,,,,,,,,,,,,,center
way/802157422,way/802157422,,,,,,,,,,,,,,,,,,,,,,,,,,,,,yes,,,,,,,,,,,,,,,,,,,,,,,,,,,,,,,,,,,,,,,,,,,,,,,,,Thien Tung,,,,,,,,,,,,,,,,,,,,,,,,,,,,,,,,,,,,,,,,,,,,,,,,,,,,,,,,,,,,,,,,,,,,,,,,,,,,,,,,,,,,,,,,,,,,,,,,,,,,,,,,,,,,hotel,,,,,,,,center
way/804047525,way/804047525,,,,,,,,,,,,,,,,,,,,,,,,,,,,,yes,,,,,,,,,,,,,,,,,,,,,,,,,,,,,,,,,,,,,,,,,,,,,,,,,Silverland Charner,,,,,,,,,,,,,,,,,,,,,,,,,,,,,,,,,,,,,,,,,,,,,,,,,,,,,,,,,,,,,,,,,,,,,,,,,,,,,,,,,,,,,,,,,,,,,,,,,,,,,,,,,,,,hotel,,,,,,,,center
way/804047536,way/804047536,,,,,,,,,,,,,,,,,,,,college,,,,,,,,,,,,,,,,,,,,,,,,,,,,,,,,,college,,,,,,,,,,,,,,,,,,,,,,,,,Tr??ng Hoa Ng? Nh?t Tân,,,,,,,,,,,,,,,,,,,,,,,,,,,,,,,,,,,,,,,,,,,,,,,,,,,,,,,,,,,,,,,,,,,,,,,,,,,,,,,,,,,,,,,,,,,,,,,,,,,,,,,,,,,,,,,,,,,,center
way/804047551,way/804047551,,,,,,,,"77",,,,Tôn Th?t Ð?m,,,,,,,,school,,,,,,,,,,,,,,,,,,,,,,,,,,,,,,,,,school,,,,,,,,,,,,,,,,,,,,,,,,,Tr??ng Ti?u H?c Hoà Bình,,,,,,,,Hoa Binh Primary School,,,,,,,,,,,,,,,,,,,,,,,,,,,,,,,,,,,,,,,,,,,,,,,,,,,,,,,,,,,,,,,,,,,,,,,,,,,,,,,,,,,,,,,,,,,,,,,,,,,,,,,,,,,,center
way/804925986,way/804925986,,,,,,,,,,,,,,,,,,,,,,,,,,,,,yes,,,,,,,,,,,,,,,,,,,,,,,,,,,,,,,,,,,,,,,,,,,,,,,,,Khách S?n Xuân H??ng,,,,,,,,,,,,,,,,,,,,,,,,,,,,,,,,,,,,,,,,,,,,,,,,,,,,,,,,,,,,,,,,,,,,,,,,,,,,,,,,,,,,,,,,,,,,,,,,,,,,,,,,,,,,hotel,,,,,,,,center
way/804925987,way/804925987,,,,,,,,,,,,,,,,,,,,,,,,,,,,,yes,,,,,,,,,,,,,,,,,,,,,,,,,,,,,,,,,,,,,,,,,,,,,,,,,Silverland Hotel and Spa,,,,,,,,,,,,,,,,,,,,,,,,,,,,,,,,,,,,,,,,,,,,,,,,,,,,,,,,,,,,,,,,,,,,,,,,,,,,,,,,,,,,,,,,,,,,,,,,,,,,,,,,,,,,hotel,,,,,,,,center
way/805287595,way/805287595,,,,,,,,"8",,,,Tr?n H?ng ??o,,,,,,,,school,,,,,,,,,,,,,,,,,,,,,,,,,,,,,,,,,school,,,,,,,10-12,,,,,,,,,,,,,,,,,,Tr??ng Trung h?c ph? thông Ernst Thälmann,,,,,,,,Ernst Thalmann High School,,,,,Lycée de Ernst Thalmann,,,SMA Ernst Thalmann,,,,,,,,,,,??????? ????? ????? ????????,,,,,,,,????????,,,,,,,,,,,,,,,,,,,,,,,,,,,,,,,,,,,,,,,,,,,,,,,,,,,,,,,,,,,,,,,,,,,,,,,,,,,,,,,,,center
way/806860787,way/806860787,,,,,,,,,,,,,,,,,,,,,,,,,,,,,,,,,,,,,,,,,,,,,,,,,,,,,,,,,,,,,,,,,,,,,,,retail,,,,,,,Ch? Dân Sinh,,,,,,,Ch? Dân Sinh (American Market),Dan Sinh market,,Mercado Dan Sinh,,,,,,Pasar Dan Sinh,,,,,,,,,,,????? ??? ????,,,,,,,,????,,,,,,,,,,,,,,,,,,,,,,,,,,,,,,,,,,,,,,,,,,,,,,,,,,,,,,,,,,,,mall,,,,,,,,,,,,,,,,,,Q10748771,,,center
way/806860829,way/806860829,,,,,,,,,,,,,,,,,,,,,,,,,,,,,yes,,,,,,,,,,,,,,,,,,,,,,,,,,,,,,,,,,,,,,,,,,,,,,,,,hotel ??i Nam,,,,,,,hotel ??i Nam,,,,,,,,,,,???? ???,,,,,,,,,,,,,,,,,,,,,,,,,,,,,,,,,,,,,,,,,,,,,,,,,,,,,,,,,,,,,,,,,,,,,,,,,,,,,,,,,,,,,,,,,,hotel,,,,,,,,center
way/807062681,way/807062681,,,,,,,,,,,,,,,,,,,,school,,,,,,,,,,,,,,,,,,,,,,,,,,,,,,,,,school,,,,,,,,,,,,,,,,,,,,,,,,,Tr??ng Trung h?c c? s? Minh ??c,,,,,,,,Minh Duc Secondary School,,,,,,,,SMP Minh Duc,,,?????,,,,,,,,??????? ????? «???? ???»,,,,,,,,????,,,,,,,,,,,,,,,,,,,,,,,,,,,,,,,,,,,,,,,,,,,,,,,,,,,,,,,,,,,,,,,,,,,,,,,,,,,,,,,,,center
way/807062692,way/807062692,,,,,,,,,,,,,,,,,,,,school,,,,,,,,,,,,,,,,,,,,,,,,,,,,,,,,,school,,,,,,,,,,,,,,,,,,,,,,,,,Tr??ng Trung h?c c? s? ??ng Kh?i,,,,,,,,Dong Khoi Secondary School,,,,,,,,SMP Dong Khoi,,,,,,,,,,,??????? ????? «???? ???»,,,,,,,,????,,,,,,,,,,,,,,,,,,,,,,,,,,,,,,,,,,,,,,,,,,,,,,,,,,,,,,,,,,,,,,,,,,,,,,,,,,,,,,,,,center
way/807138075,way/807138075,,,,,,,,,,,,,,,,,,,,,,,,,,,,,yes,,,,,,,,,,,,,,,,,,,,,,,,,,,,,,,,,,,,,,,,,,,,,,,,,Regal Luxury,,,,,,,,,,,,,,,,,,,,,,,,,,,,,,,,,,,,,,,,,,,,,,,,,,,,,,,,,,,,,,,,,,,,,,,,,,,,,,,,,,,,,,,,,,,,,,,,,,,,,,,,,,,,hotel,,,,,,,,center
way/807138076,way/807138076,,,,,,,,,,,,,,,,,,,,,,,,,,,,,yes,,,,,,,,,,,,,,,,,,,,,,,,,,,,,,,,,,,,,,,,,,,,,,,,,?ình Phát,,,,,,,,,,,,,,,,,,,,,,,,,,,,,,,,,,,,,,,,,,,,,,,,,,,,,,,,,,,,,,,,,,,,,,,,,,,,,,,,,,,,,,,,,,,,,,,,,,,,,,,,,,,,hotel,,,,,,,,center
way/807138079,way/807138079,,,,,,,,,,,,,,,,,,,,,,,,,,,,,yes,,,,,,,,,,,,,,,,,,,,,,,,,,,,,,,,,,,,,,,,,,,,,,,,,Khách s?n Lotus Central Saigon,,,,,,,,,,,,,,,,,,,,,,,,,,,,,,,,Lotus central hotel Saigon,,,,,,,,,,,,,,,,,,,,,,,,,,,,,,,,,,,,,,,,,,,,,,,,,,,,,,,,,,,,,,,,,,,,,,,,,,,,hotel,,,,,,,,center
way/807297549,way/807297549,,,,,,,,,,,,,,,,,,Ch? Gà,,marketplace,,,,,,,,,,,,,,,,,,,,,,,,,,,,,,,,,,,,,,,,,,,,,,,,,,,retail,,,,,,,Ch? Cháy,,,,,,,,Burned Market,,,,,,,,,,,,,,,,,,,,,,,,,,,,,,,,,,,,,,,,,,,,,,,,,,,,,,,,,,,,,,,,,,,,,,,,,,,,,,,,,,,,,,,,,,,,,,,,,,,,,,,,,,,,center
way/807577739,way/807577739,,,,,,,,"45",,,,Nguy?n Kh?c Nhu,,,,,,,,university,,,,,,,,,yes,,,,,,,,,,,,,,,,,,,,,,,,,,,,,,,,,,,,,V?n Lang University,,,,,,,,,,,,??i h?c V?n Lang,,,,,,,,Van Lang University,,,,,,,,,,,,,,,,,,,??????????? ???????????,,,,,,,,????,,,,,,,,,,,,,,,,,,,,,,,,,,,,,,,,,,,,,,,,,,,,,,,,,,,,,,,,,,,,,,,,,,,,,,,,,,,,,,Q7913477,Category:V?n Lang University,en:V?n Lang University,center
way/807577743,way/807577743,,,,,,,,"116",,,,Cô Giang,,,,,,,,school,,,,,,,,,,,,,,,,,,,,,,,,,,,,,,,,,,,,,,,,1-5,,,,,,,,,,,,,,,,,,Tr??ng Ti?u h?c L??ng Th? Vinh,,,,,,,,Luong The Vinh Primary School,,,,,,,,SD Luong The Vinh,,,,,,,,,,,????????? ????? ????? ??? ????,,,,,,,,?????,,,,,,,,,,,,,,,,,,,,,,,,,,,,,,,,,,,,,,,,,,,,,,,+84 028 39203757,,,,,,,,,,,,,,,,,,,,,,,,,,,,,https://thluongthevinhq1.hcm.edu.vn/,,,,,center
way/807577744,way/807577744,,,,,,,,,,,,,,,,,,,,school,,,,,,,,,,,,,,,,,,,,,,,,,,,,,,,,,,,,,,,,6-12,,,,,,,,,,,,,,,,,,Tr??ng Trung h?c ph? thông L??ng Th? Vinh,,,,,,,,Luong The Vinh High School,,,,,,,,SMA Luong The Vinh,,,,,,,,,,,??????? ????? ????? ??? ????,,,,,,,,?????,,,,,,,,,,,,,,,,,,,,,,,,,,,,,,,,,,,,,,,,,,,,,,,,,,,,,,,,,,,,,,,,,,,,,,,,,,,,,,,,,center
way/820801081,way/820801081,,Ho Chi Minh City,,,,,,3C,,,,Ton Duc Thang Street,,,,,,,,,,,,,,,,,yes,green,"23",,glass,,,,,,,,,,,,,,,,,,,,,,,,,,,,"92",,,,,,,,,,,,,,,,,Khách s?n Le Méridien Sài Gòn,,,,,,,,Le Meridien Saigon,,,,,,,,,,,,,,,,,,,,,,,,,,,,,,,,,,,,,,,,,,,,,,,,,,,,,,,,,,,,,,,,,,,,,,,,,,,,,,,,,,"345",,,,,,,,,,,,,,,,,,hotel,,,,,,,,center
way/827000695,way/827000695,,,,,,,,,,,,,,,,,,,,,,,,,,,,,,,,,,yes,,,,,,,,,,,,,,,,,,,,,,,,,,,,,,,,,,,,,,,,,,,,,,,,,,,,,,,,,,,,,,,,,,,,,,,,,,,,,,,,,,,,,,,,,,,,,,,,,,,,,,,,,,,,,,,,,,,,,,,,,,,,,,,,,,,,,,,,,,,mall,,,,,,,,,,,,,,,,,,,,,center
node/837179279,node/837179279,,,,,,,,,,,,,,,,,,,,,,,,,,,,,,,,,,,,,,,,,,,,,,,,,,,,,,,,,,,,,,,,,,,,,,,,,,,,,,Khách S?n Tân H?i Long 3,,,,,,,,,,,,,,,,,,,,,,,,,,,,,,,,,,,,,,,,,,,,,,,,,,,,,,,,,,,,,,,,,,,,,,,,,,,,,,,,,,,,,,,,,,,,,,,,,,,,,,,,,,,,hotel,,,,,,,,
way/846918265,way/846918265,,Thành ph? H? Chí Minh,,qu?n 1,,,,"116",,,,???ng Nguy?n C? Trinh,Nguy?n C? Trinh,,,,,,,,,,,,,,,,yes,,,,,,,,,,,,,,,,,,,,,,,,,,,,,,,,,,,,,,,,,,,,,,,,,Khách s?n Tr??ng Th?ng,,,,,,,,,,,,,,,,,,,,,,,,,,,,,,,,,,,,,,,,,,,,,,,,,,,,,,,,,,,,,,,,,,,,,,,,,,,,,,,,,,,,,,,,,,,,,,,,,,,,,,,,,,,,hotel,,,,,,,,center
node/943230070,node/943230070,,,,,,,,,,,,Tôn ??c Th?ng,,,,,,,,,,,,,,,,,,,,,,,,,,,,,,,,,,,,,,,,,,,,,,,,,,,,,,,,,,,,,,,,,,Khách S?n Riverside Saigon,,,,,,,,Riverside Hotel,,,,,,,,,,,,,,,,,,,,,,,,,,,,,,,,,,,,,,,,,,,,,,,,,,,,,,,,,,,,,,,,,,,,,,,,,,,,,,,,,,,,,,,,,,,,,,,,,,,,hotel,,,,,,,,
way/943238244,way/943238244,,,,,,,,413/86,,,,H?m 413 Lê V?n S?,,,,,,,,school,,,,,,,,,,,,,,,,,,,,,,,,,,,,,,,,,,,,,,,,,,,,,,,,,,,,,,,,,,Tr??ng Trung h?c c? s? ?oàn Th? ?i?m,,,,,,,,,,,,,,,,,,,,,,,,,,,,,,,,,,,,,,,,,,,,,,,,,,,,,,,,,,,,,,,,,,,,,,,,,,,,,,,,,,,,,,,,,,,,,,,,Tr??ng THCS ?oàn Th? ?i?m,,,,,,,,,,,,,,,,,,,,center
node/946794500,node/946794500,,,,,,,,,,,,,,,,,,,,,,,,,,,,,,,,,,,,,,,,,,,,,,,Rice shop,,,,,,,,,,,,,,,,,,,,,,,,,,,,,,,C?a Hàng G?o Ch? ?ào,,,,,,,,,,,,,,,,,,,,,,,,,,,,,,,,,,,,,,,,,,,,,,,,,,,,,,,,,,,,,,,,,,,,,,,,,,,,,,,,,,,,,,,,,,,,,,,convenience,,,,,,,,,,,,,,,,,,,,,
node/946794517,node/946794517,,,,,,,,,,,,,,,,,,,,,,,,,,,,,,,,,,,,,,,,,,,,,,,,,,,,,,,,,,,,,,,,,,,,,,,,,,,,,,Khách S?n Moonlight,,,,,,,,,,,,,,,,,,,,,,,,,,,,,,,,,,,,,,,,,,,,,,,,,,,,,,,,,,,,,,,,,,,,,,,,,,,,,,,,,,,,,,,,,,,,,,,,,,,,,,,,,,,,hotel,,,,,,,,
node/946794558,node/946794558,,,,,,,,,,,,,,,,,,,,,,,,,,,,,,,,,,,,,,,,,,,,,,,,,,,,,,,,,,,,,,,,,,,,,,,,,,,,,,C?a Hàng Th?c Ph?m Vissan,,,,,,,,,,,,,,,,,,,,,,,,,,,,,,,,,,,,,,,,,,,,,,,,,,,,,,,,,,,,,,,,,,,,,,,,,,,,,,,,,,,,,,,,,,,,,,,convenience,,,,,,,,,,,,,,,,,,,,,
node/947763519,node/947763519,,,,,,,,,,,,,,,,,,,,,,,,,,,,,,,,,,,,,,,,,,,,,,,,,,,,,,,,,,,,,,,,,,,,,,,,,,,,,,Focomart,,,,,,,,,,,,,,,,,,,,,,,,,,,,,,,,,,,,,,,,,,,,,,,,,,,,,,,,,,,,,,,,,,,,,,,,,,,,,,,,,,,,,,,,,,,,,,,supermarket,,,,,,,,,,,,,,,,,,,,,
way/955185845,way/955185845,,Thành ph? H? Chí Minh,VN,,,,,,,,,Lê V?n S?,,,,,,,,school,,,,,,,,,yes,,,,,,,,,,,,,,,,,,,,,,,,,,,,,,,,,,,,,,,,,"1",,,,,,"6",,Tr??ng Ti?u h?c Tr?n Quang Di?u,,,,,,,,,,,,,,,,,,,,,,,,,,,,,,,,,,,,,,,,,,,,,,,,,,,,Mo-Fr 09:00-17:00,,,,,,,,,,,,,,,,,,,,,,,,,,,,,,,,,,,,,,,,,,,,,,,,,,,,,,,,,,,,yes,,,,center
way/1023514803,way/1023514803,,Thành ph? H? Chí Minh,,Qu?n 1,,,,"45",,,,?inh Tiên Hoàng,B?n Nghé,,,,,,,college,,,,,,,,,,,,,,,,2025/01/05,,,,,,,,,,,,,,,,,college,,,,,,,,,,,,,,,,,,,,,,,,,Tr??ng Chính sách công và Phát tri?n nông thôn,,,,,,,,,,,,,,,,,,,,,,,,,,,,,,,,,,,,,,,,,,,,,,,,,,,,,,,,,,,,,,,,,,,,,,,,,,,,,,,,,,,,,,,,,,,,,,,,,,,,,,,,,,,,,,,,,,,,center
way/1042202428,way/1042202428,,,,,,,,"39",,,,Tr?n Qu?c Th?o,,,,,,,,school,,,,,,,,,,,,,,,,,,,,,,,,,,,,,,,,,,,,,,,,,,,,,,,,,,,,,,,,,,Trung tâm Chính tr? ph??ng Xuân Hòa,,,,,,,,,,,,,,,,,,,,,,,,,,,,,,,,,,,,,,,,,,,,,,Trung tâm Chính tr? Qu?n 3,,,,,,,,,,,,,,,,,,,,,,,,,,,,,,,,,,,,,,,,,,,,,,,,,,,,,,,,,,,,,,,,,,,,,,center
way/1042789338,way/1042789338,,,,,,,,491/7,,,,H?m 491 Nguy?n Ðình Chi?u,,,,,,,,school,,,,,,,,,,,,,,,,,,,,,,,,,,,,,,,,,,,,,,,,1-5,,,,,,,,,,,,,,,,,,Tr??ng Ti?u h?c Phan ?ình Phùng,,,,,,,,,,,,,,,,,,,,,,,,,,,,,,,,,,,,,,,,,,,,,,,,,,,,,,,,,,,,,,,,,,,,,,,,,,,,,,,,,,,,,,,,,,,,,,,,,,,,,,,,,,,,,,,,,,,,center
way/1042789340,way/1042789340,,,,,,,,55A,,,,Cao Th?ng,,,,,,,,school,,,,,,,,,,,,,,,,,,,,,,,,,,,,,,,,,,,,,,,,1-5,,,,,,,,,,,,,,,,,,Tr??ng Ti?u h?c Nguy?n S?n Hà,,,,,,,,,,,,,,,,,,,,,,,,,,,,,,,,,,,,,,,,,,,,,,,,,,,,,,,,,,,,,,,,,,,,,,,,,,,,,,,,,,,,,,,,,,,,,,,,,,,,,,,,,,,,,,,,,,,,center
way/1042807705,way/1042807705,,,,,,,,161B,,,,Nguy?n V?n Th?,,,,,,,,school,,,,,,,,,yes,,,,,,,,,,,,,,,,,,,,,,,,school,,,,,,,,,,,,,,,,,,,,,,,,,Tr??ng Trung h?c c? s? Tr?n V?n ?n,,,,,,,,Tr?n V?n ?n Middle School,,,,,,,,,,,,,,,,,,,,,,,,,,,,,,,,,,,,,,,,,,,,,,,,,,,,,,,,,,,,,,,,,,,,,,,,,,,,,,,,,,,,,,,,,,,,,,,,,,,,,,,,,,,,center
way/1042881028,way/1042881028,,Thành Ph? H? Chí Minh,,Qu?n 3,,,,10A,,,,Ph?m Ng?c Th?ch,Ph??ng 6,,,,,,,,,,,,,,,,yes,,,,,,,,,,,,,,,,,,,,,,,,,,,,,,,,,,,,,,,,,,,,,,,,,Bach Suites Saigon,,,,,,,,,,,,,,,,,,,,,,,,,,,,,,,,,,,,,,,,,,,,,,,,,,,,,,,,,,,,,,,,,,,,,,,,,,,,,,,,,,+84 28 3891 9999,,,,,,,,,,,,,,,,,,,,,,,,,,hotel,,,https://www.thebachsuites.com/,,,,,center
way/1059566394,way/1059566394,,Ho Chi Minh City,,Xuân Hòa,,,,"105",,,,Bà Huy?n Thanh Quan,,,,,,,,university,,,,,,,,,,,,,,,,,,,,,,,,,,,,,,,,,,,daihocsaigon@sgu.edu.vn,,,,,,,,,,,,wlan,no,,,,,,,,,,Tr??ng ??i h?c Sài Gòn – c? s? 1,,,,,,,,Saigon University–Campus 1,,,,,Université de Saïgon – campus 1,,,,,,,,,,,,,,,,,,,Tr??ng ??i h?c Sài Gòn – c? s? 1,,,,,,,,,,,,,,,,,,,,,,?y ban nhân dân Thành ph? H? Chí Minh,government,,,,,,,,,,,,,,,,,,,,,,,,,,,,,,,,,,,,,,,,,,,,,,,,,,,,,,,,https://www.sgu.edu.vn/,,,,,center
way/1059566397,way/1059566397,,,,,,,,"20",,,,???ng Ngô Th?i Nhi?m,,,,,,,,university,,,,,,,,,,,,,,,,,,,,,,,,,,,,,,,,,,,,,,,,,,,,,,,,,,,,,,,,,,Tr??ng ??i h?c Sài Gòn (c? s? 3),,,,,,,,,,,,,,,,,,,,,,,,,,,,,,,,,,,,,,,,,,,,,,,,,,,,,,,,,,,,,,,,,,,,,,,,,,,,,,,,,,,,,,,,,,,,,,,,,,,,,,,,,,,,,,,,,,,,center
node/1063799175,node/1063799175,,,,,,,,,,,,,,,,,,,,,,,,,,,,,,,,,,,,,,,,,,,,,,,,,,,,,,,madamecuc@hcm.vnn.vn,,,,,,,,,,,,,,,,,,,,,,,Khách S?n 64,,,,,,,Hotel 64,,,,,,,,,,,,,,,,,,,,,,,,,,,,,,,,,,,,,,,,,,,,,,,Madame Cuc's,,,,,,,,,,,,,,,,,,,,,,,,,,,,"8365073",,,,,,,,,,,,,,,,,,,,,,,,,,hotel,,,,,,,,
node/1063804286,node/1063804286,,,,,,,,,,,,,,,,,,,,,,,,,,,,,,,,,,,,,,,,,,,,,,,,,,,,,,,haohiep@yahoo.com,,,,,,,,,,,,yes,no,,,,,,,,,,Khách S?n Sao Nam,,,,,,,,,,,,,,,,,,,,,,,,,,,,,,,,,,,,,,,,,,,,,,,,,,,,,,,,,,,,,,,,,,,,,,,,,,,,,,,,,,"39206472",,,,,,,,,,,,,,,,,,,,,,,,,,hotel,,,,,,,,
node/1063804290,node/1063804290,,,,,,,,,,,,,,,,,,,,,,,,,,,,,,,,,,,,,,,,,,,,,,,,,,,,,,,,,,,,,,,,,,,,,,,,,,,,,,Khách S?n Hà Vy,,,,,,,,,,,,,,,,,,,,,,,,,,,,,,,,,,,,,,,,,,,,,,,,,,,,,,,,,,,,,,,,,,,,,,,,,,,,,,,,,,"38369123",,,,,,,,,,,,,,,,,,,,,,,,,,hotel,,,,,,,,
node/1063811183,node/1063811183,,,,,,,,,,,,,,,,,,,,,,,,,,,,,,,,,,,,,,,,,,,,,,,,,,,,,,,missloi@hcm.fpt.vn,,,,,,,,,,,,,,,,,,,,,,,Khách S?n Cô L?i,,,,,,,,,,,,,,,,,,,,,,,,,,,,,,,,,,,,,,,,,,,,,,,,,,,,,,,,,,,,,,,,,,,,,,,,,,,,,,,,,,"38379589",,,,,,,,,,,,,,,,,,,,,,,,,,hotel,,,,,,,,
node/1063816041,node/1063816041,,,,,,,,"173",,,,???ng Ph?m Ng? Lão,,,,,,,,,,,,,,,,,,,,,,,,,,,,,,,,,,,,,,,,,,,dragonpalacehcm@gmail.com,,,,,,,,,,,,,,,,,,,,,,,Khách S?n Dragon Palace,,,,,,,,,,,,,,,,,,,,,,,,,,,,,,,,,,,,,,,,,,,,,,,,,,,,,,,,,,,,,,,,,,,,,,,,,,,,,,,,,,+84 838369268 / +84 838361935,,,,,,,,,,,,,,,,,,,,,,,,,,hotel,,,,,,,,
node/1063817100,node/1063817100,,,,,,,,,,,,,,,,,,,,,,,,,,,,,,,,,,,,,,,,,,,,,,,,,,,,,,,lienhahotel@yahoo.com,,,,,,,,,,,,,,,,,,,,,,,Khách S?n Liên Hà,,,,,,,,,,,,,,,,,,,,,,,,,,,,,,,,,,,,,,,,,,,,,,,,,,,,,,,,,,,,,,,,,,,,,,,,,,,,,,,,,,"38375582",,,,,,,,,,,,,,,,,,,,,,,,,,hotel,,,,,,,,
way/1078519146,way/1078519146,,,,,,,,,,,,,,,,,,,,university,,,,,,,,,,,,,,,,,,,,,,,,,,,,,,,,,,,,,,,,,,,,,,,,,,,,,,,,,,Phân hi?u H?c vi?n Hành chính và Qu?n tr? công t?i Thành ph? H? Chí Minh,,,,,,,,,,,,,,,,,,,,,,,,,,,,,,,,,,,,,,,,,,,,,,,,,,,,,,,,,,,,,,,,,,,,,,,,,,,,,,,,,,,,,,,,,,,,,,,,,,,,,,,,,,,,,,,,,,,,center
way/1085954987,way/1085954987,,,,,,,,"222",,,,Lê V?n S?,,,,,,,,university,,,,,,,,,,,,,,,,,,,,,,,,,,,,,,,,,,,,,,,,,,,,,,,,,,,,,,,,,,Tr??ng ??i h?c S? ph?m Thành ph? H? Chí Minh (c? s? 2),,,,,,,,,,,,,,,,,,,,,,,,,,,,,,,,,,,,,,,,,,,,,,,,,,,,,,,,,,,,,,,,,,,,,,,,,,,,,,,,,,,,,,,,,,,,,,,,,,,,,,,,,,,,,,,,,,,,center
way/1085962671,way/1085962671,,,,,,,,,,,,,,,,,,,,university,,,,,,,,,,,,,,,,,,,,,,,,,,,,,,,,,,,,,,,,,,,,,,,,,,,,,,,,,,Tr??ng ??i h?c M? Thành ph? H? Chí Minh,,,,,,,,,,,,,,,,,,,,,,,,,,,,,,,,,,,,,,,,,,,,,,,,,,,,,,,,,,,,,,,,,,,,,,,,,,,,,,,,,,,,,,,,,,,,,,,,,,,,,,,,,,,,,,,,,Q10829094,,,center
way/1087240207,way/1087240207,,,,,,,,"183",,,,???ng Nam K? Kh?i Ngh?a,,,,,,,,school,,,,,,,,,,,,,,,,2025/03/29,,,,,,,,,,,,,,,,,,,,,,,,,,,,,,,,,,,,,,,,,,Tr??ng Ti?u h?c Nguy?n Thanh Tuy?n,,,,,,,,,,,,,,,,,,,,,,,,,,,,,,,,,,,,,,,,,,,,,,,,,,,,,,,,,,,,,,,,,,,,,,,,,,,,,,,,,,,,,,,,,,,,,,,,,,,,,,,,,,,,,,,,,,,,center
way/1099441230,way/1099441230,,Thành ph? H? Chí Minh,,"3",,,,"24",,,,K? ??ng,"9",,,,,,,school,,,,,,,,,,,,,,,,,,,,,,,,,,,,,,,,,school,,,,,,,,,,,,,,,,,,,,,,,,,Tr??ng Ti?u h?c K? ??ng,,,,,,,,,,,,,,,,,,,,,,,,,,,,,,,,,,,,,,,,,,,,,,,,,,,,,,,,,,,,,,,,,,,,,,,,,,,,,,,,,,,,,,,,,,,,,,,,,,,,,,,,,,,,,,,,,,,,center
node/1124626713,node/1124626713,,,,,,,,,,,,,,,,,,,,,,,,,,,,,,,,,,,,,,,,,,,,,,,,,,,,,,,,,,,,,,,,,,,,,,,,,,,,,,Khách S?n R?ng ?ông,,,,,,,,,,,,,,,,,,,,,,,,,,,,,,,,,,,,,,,,,,,,,,,,,,,,,,,,,,,,,,,,,,,,,,,,,,,,,,,,,,,,,,,,,,,,,,,,,,,,,,,,,,,,hotel,,,,,,,,
way/1152716049,way/1152716049,,Thành ph? H? Chí Minh,,Qu?n 3,,,,"16",,,,Ð??ng S? 3,Ph??ng 4,,,,,,,school,,,,,,,,,,,,,,,,2025/08/16,,,,,,,,,,,,,,,,,,,,,,,,6-9,,,,,,,,,,,,,,,,,,Tr??ng Trung h?c c? s? Bàn C?,,,,,,,,,,,,,,,,,,,,,,,,,,,,,,,,,,,,,,,,,,,,,,,,,,,,,,,,,,,,,,,,,,,,,,,,,,,,,,,,,,+84 28 3839 2848,,,,,,,,,,,,,,Tr??ng THCS Bàn C?,,,,,,,,,,,,,,,http://thcsbanco.hcm.edu.vn/,,,,,center
way/1152739363,way/1152739363,,,,,,,,82-84,,,,???ng Cách M?ng Tháng 8,,,,,,,,,,,,,,,,,yes,,,,,,,,,,,,,,,,,,,,,,,,,,info@leduygrandhotel.com.vn,,,,,,,,,,,,yes,no,,,,,,,,,,Acnos Grand Hotel,,,,,,,,Le Duy Grand Hotel,,,,,,,,,,,,,,,,,,,,,,,,,,,,,,,,,,,,,,,,,,,,,,,,,,,,,,,,,,,,,,,,,,,,,,,,,,+84 8390 3089,,,,,,,,,,,,,,,,,,,,,,,,,,hotel,,,leduygrandhotel.com.vn,,,,,center
way/1152853668,way/1152853668,,,,,,,,"155",,,,Võ V?n T?n,,,,,,,,,,,,,,,,,yes,,,,,,,,,,,,,,,,,,,,,,,,,,,,,,,,,,,,,,,,,,,,,,,,,Khách s?n Minh Khang,,,,,,,,Minh Khang Hotel,,,,,,,,,,,,,,,,,,,,,,,,,,,,,,,,,,,,,,,,,,,,,,,,,,,,,,,,,,,,,,,,,,,,,,,,,,,,,,,,,,,,,,,,,,,,,,,,,,,,hotel,,,,,,,,center
way/1153040544,way/1153040544,,Thành Ph? H? Chí Minh,,Qu?n 3,,,,2C,,,,???ng Lê Quý ?ôn,Ph??ng 6,,,,,,,,,,,,,,,,yes,,,,,,,,,,,,,,,,,,,,,,,,,,,,,,,,,,,,,,,,,,,,,,,,,Khách s?n Minh Tâm,,,,,,,,,,,,,,,,,,,,,,,,,,,,,,,,,,,,,,,,,,,,,,,,,,,,,,,,,,,,,,,,,,,,,,,,,,,,,,,,,,,,,,,,,,,,,,,,,,,,,,,,,,,,hotel,,,,,,,,center
way/1153472354,way/1153472354,,,,,,,,,,,,,,,,,,,,,,,,,,,,,yes,,"9",,,,,,,,,,,,,,,,,,,,,,,,,,,,,,,,,,,,,,,,,,,,,,,Au Lac Legend Hotel,,,,,,,,,,,,,,,,,,,,,,,,,,,,,,,,,,,,,,,,,,,,,,,,,,,,,,,,,,,,,,,,,,,,,,,,,,,,,,,,,,,,,,,,,,,,,,,,,,,,,,,,,,,,hotel,,,,,,,,center
way/1153751307,way/1153751307,,,,,,,,,,,,,,,,,,,,university,,wall,,,,,,,,,,,,,,,,,,,,,,,,,,,,,,,university,,,,,,,,,,,,,,,,,,,,,,,,,,,,,,,,,,,,,,,,,,,,,,,,,,,,,,,,,,,,,,,,,,,,,,,,,,,,,,,,,,,,,,,,,,,,,,,,,,,,,,,,,,,,,,,,,,,,,,,,,,,,,,,,,,,,,,,,,,,,,center
way/1153818775,way/1153818775,,Thành Ph? H? Chí Minh,,Qu?n 3,,,,"14",,,,???ng Tr??ng ??nh,Ph??ng 6,,,,,,,,,,,,,,,,yes,,,,,,,,,,,,,,,,,,,,,,,,,,,,,,,,,,,,,,,,,,,,,,,,,Khách S?n Sonnet Saigon,,,,,,,,,,,,,,,,,,,,,,,,,,,,,,,,,,,,,,,,,,,,,,,,,,,,,,,,,,,,,,,,,,,,,,,,,,,,,,,,,,,,,,,,,,,,,,,,,,,,,,,,,,,,hotel,,,,,,,,center
way/1153818777,way/1153818777,,Thành Ph? H? Chí Minh,,Qu?n 3,,,,4-6,,,,???ng Tr??ng ??nh,Ph??ng 6,,,,,,,,,,,,,,,,yes,,,,,,,,,,,,,,,,,,,,,,,,,,,,,,,,,,,,,,,,,,,,,,,,,Hong Hac Hotel Boutique,,,,,,,,,,,,,,,,,,,,,,,,,,,,,,,,,,,,,,,,,,,,,,,,,,,,,,,,,,,,,,,,,,,,,,,,,,,,,,,,,,,,,,,,,,,,,,,,,,,,,,"3",,,,,,hotel,,,,,,,,center
way/1154085673,way/1154085673,,,,,,,,"147",,,,???ng Pasteur,,,,,,,,school,,,,,,,,,,,,,,,,,,,,,,,,,,,,,,,,,,,,,,,,10-12,,,,,,,,,,,,,,,,,,Phân hi?u Trung h?c ph? thông Lê Th? H?ng G?m,,,,,,,,,,,,,,,,,,,,,,,,,,,,,,,,,,,,,,,,,,,,,,,,,,,,,,,,,,,,,,,,,,,,,,,,,,,,,,,,,,,,,,,,,,,,,,,,,,,,,,,,,,,,,,,,,,,,center
way/1154088054,way/1154088054,,Ho Chi Minh City,,Xuân Hòa,,,,"157",,,,Nam K? Kh?i Ngh?a,,,,,,,,,,,,,,,,,,,,,,,,,,,,,,,,,,,,,,,,,,,rsvn.saigon@maihouse.com,,,,,,,,,,,,yes,,,,,,,,,,,Khách S?n Mai House Saigon,,,,,,,,Mai House Saigon Hotel,,,,,,,,,,,,,,,,,,,,,,,,,,,,,,,,,,,,,,,,,,,,,,,,,,,,,,,,,,,,,,,,,,,,,,,,,,+84 28 7303 9000,,,,,,,,,,,,,,,,,,,,,,,,,,hotel,,,https://maihouse.com.vn/,,,,,center
way/1169320998,way/1169320998,,,,,,,,"91",,,,???ng 3 Tháng 2,,,,,,,,university,,,,,,,,,,,,,,,,,,,,,,,,,,,,,,,,,,,,,,,,,,,,,,,,,,,,,,,,,,??i h?c Kinh t? Thành ph? H? Chí Minh - c? s? C,,,,,,,,,,,,,,,,,,,,,,,,,,,,,,,,,,,,,,,,,,,,,,,,,,,,,,,,,,,,,,,,,,,,,,,,,,,,,,,,,,,,,,,,,,,,,,,,,,,,,,,,,,,,,,,,,,,,center
way/1169321000,way/1169321000,,,,,,,,"196",,,,???ng Tr?n Quang Kh?i,,,,,,,,university,,,,,,,,,,,,,,,,,,,,,,,,,,,,,,,,,university,,,,,,,,,,,,,,,,,,,,,,,,,??i h?c Kinh t? Thành ph? H? Chí Minh - c? s? D,,,,,,,,,,,,,,,,,,,,,,,,,,,,,,,,,,,,,,,,,,,,,,,,,,,,,,,,,,,,,,,,,,,,,,,,,,,,,,,,,,,,,,,,,,,,,,,,,,,,,,,,,,,,,,,,,,,,center
way/1169331602,way/1169331602,,,,,,,,"2",,,,???ng Nguy?n T?t Thành,,,,,,,,university,,,,,,,,,,,,,,,,,,,,,,,,,,,,,,,,,university,,,,,,,,,,,,,,,,,,,,,,,,,Tr??ng ??i h?c Lu?t Thành ph? H? Chí Minh,,,,,,,,,,,,,,,,,,,,,,,,,,,,,,,,,,,,,,,,,,,,,,,,,,,,,,,,,,,,,,,,,,,,,,,,,,,,,,,,,,,,,,,,,,,,,,,,,,,,,,,,,,,,,,,,,,,,center
way/1185917703,way/1185917703,,,,,,,,,,,,,,,,,,,,school,,,,,,,,,,,,,,,,,,,,,,,,,,,,,,,,,,,,,,,,,,,,,,,,,,,,,,,,,,Tr??ng Trung h?c c? s? Phan Sào Nam,,,,,,,,,,,,,,,,,,,,,,,,,,,,,,,,,,,,,,,,,,,,,,,,,,,,,,,,,,,,,,,,,,,,,,,,,,,,,,,,,,,,,,,,,,,,,,,,Tr??ng THCS Phan Sào Nam,,,,,,,,,,,,,,,,,,,,center
way/1218853057,way/1218853057,,,,,,,,,,,,,,,,,,,,,,,,,,,,,yes,,"18",,,,,,,,,,,,,,,,,,,,,,,,,,,,,,,,,,,,,,,,,,,,,,,Sotetsu Grand Fresa Saigon,,,,,,,,,,,,,,,,,,,,,,,,,,,,,,,,,,,,,,,,,,,,,,,,,,,,,,,,,,,,,,,,,,,,,,,,,,,,,,,,,,,,,,,,,,,,,,,,,,,,,,,,,,,,hotel,,,,,,,,center
way/1229209736,way/1229209736,,Ho Chi Minh City,,Qu?n 3,,,,"144",,"73000",,Nguy?n ?ình Chi?u,Ph??ng 6,,,,,,,school,,,,,,,,,yes,,,,,,,,,,,,,,,,,,,,,,,,school,,info@pathway.edu.vn,,,,,,,,,,,,,,,,,,,,,,,"Tr??ng M?m non Pathway Tu? ??c - C? s? Nguy?n ?ình Chi?u, Qu?n 3",,,,,,,,,,,,,,,,,,,,,,,,,,,,,,,,,,,,,,,,,,,,,,,,,,,,,,,,,,,,,,,,,,,,,,,,,,,,,,,,,,"+84901443483",,,,,,,,,,,,,,,,,,,,,,,,,,,,,https://pathway.edu.vn/,,,,,center
way/1238737217,way/1238737217,,,,,,,,"232",,,,,,,,,,New sunny,,,,,,,,,,,hotel,,"7",,,,,,,,,,,,,,,,,,,,,,,,,,,,,,,,,,,,,,,,,,,,,,,Sunny Saigon,,,,,,,,,,,,,,,,,,,,,,,,,,,,,,,,,,,,,,,,,,,,,,,,,,,,,,,,,,,,,,,,,,,,,,,,,,,,,,,,,,,,,,,,,,,,,,,,,,,,,,,,,,,,hotel,,,,,,,,center
node/1274090728,node/1274090728,,,,,,,,,,,,,,,,,,,,college,,,,,,,,,,,,,,,,,,,,,,,,,,,,,,,,,college,,,,,,,,,,,,,,,,,,,,,,,,,Tr??ng ??i H?c Ngân Hàng,,,,,,,,,,,,,,,,,,,,,,,,,,,,,,,,,,,,,,,,,,,,,,,,,,,,,,,,,,,,,,,,,,,,,,,,,,,,,,,,,,,,,,,,,,,,,,,,,,,,,,,,,,,,,,,,,,,,
way/1295638395,way/1295638395,,,,,,,,"2",,,,Ðinh Công Tráng,,,,,,,,school,,,,,,,,,school,,"5",,,,,,,,,,,,,,,,,,,,,,school,,thduocsongq1@quan01.hcm.edu.vn,,,,,1-5,,,,,,,,,,,,,,,,,,Tr??ng Ti?u h?c ?u?c S?ng,,,,,,,,,,,,,,,,,,,,,,,,,,,,,,,,,,,,,,,,,,,,,,,,,,,,,,,,,,,,,,,,,,,,,,,,,,,,,,,,,,+84 028 38290977,,,,,"0",flat,,,,,,,,,,,,,,,,,,,,,,,https://thduocsong.hcm.edu.vn/,,,,,center
way/1295735902,way/1295735902,,,,,,,,93-95A,,,,Lê Th? Riêng,,,,,,,,school,,,,,,,,,,,,,,,,,,,,,,,,,,,,,,,,,school,,,,,,,1-5,,,,,,,,,,,,,,,,,,Tr??ng Ti?u h?c Nguy?n Hu?,,,,,,,,Nguyen Hue Primary School,,,,,,,,,,,,,,,,,,,,,,,,,,,,,,,,,,,,,,,,,,,,,,,,,,,,,,,,,,,,,,,,,,,,,,,,,,+84 028 38392847,,,,,,,,,,,,,,,,,,,,,,,,,,,,,https://thnguyenhueq1.hcm.edu.vn/,,,,,center
way/1295735914,way/1295735914,,,,,,,,"60",,,,Võ Th? Sáu,,,,,,,,school,,,,,,,,,,,,,,,,,,,,,,,,,,,,,,,,,school,,,,,,,1-5,,,,,,,,,,,,,,,,,,Tr??ng Ti?u h?c Tr?n Quang Kh?i (c? s? 2),,,,,,,,,,,,,,,,,,,,,,,,,,,,,,,,,,,,,,,,,,,,,,,,,,,,,,,,,,,,,,,,,,,,,,,,,,,,,,,,,,,,,,,,,,,,,,,,,,,,,,,,,,,,,,,https://thtranqgkhaiq1.hcm.edu.vn/,,,,,center
way/1295735915,way/1295735915,,,,,,,,"43",,,,Ph?m Vi?t Chánh,,,,,,,,school,,,,,,,,,,,,,,,,,,,,,,,,,,,,,,,,,,,,,,,,1-5,,,,,,,,,,,,,,,,,,Tr??ng Ti?u h?c Phan V?n Tr?,,,,,,,,,,,,,,,,,,,,,,,,,,,,,,,,,,,,,,,,,,,,,,,,,,,,,,,,,,,,,,,,,,,,,,,,,,,,,,,,,,+84 028 38392849,,,,,,,,,,,,,,,,,,,,,,,,,,,,,https://thphanvantriq1.hcm.edu.vn/,,,,,center
way/1295735921,way/1295735921,,,,,,,,"12",,,,S??ng Nguy?t Anh,,,,,,,,school,,,,,,,,,,,,,,,,,,,,,,,,,,,,,,,,,school,,,,,,,1-5,,,,,,,,,,,,,,,,,,Tr??ng Ti?u h?c Lê Ng?c Hân,,,,,,,,,,,,,,,,,,,,,,,,,,,,,,,,,,,,,,,,,,,,,,,,,,,,,,,,,,,,,,,,,,,,,,,,,,,,,,,,,,+84 028 38391563,,,,,,,,,,,,,,,,,,,,,,,,,,,,,https://thlengochan.hcm.edu.vn/,,,,,center
way/1295735926,way/1295735926,,,,,,,,"115",,,,C?ng Qu?nh,,,,,,,,school,,,,,,,,,,,,,,,,,,,,,,,,,,,,,,,,,,,,,,,,6-9,,,,,,,,,,,,,,,,,,Tr??ng Trung h?c c? s? Chu V?n An,,,,,,,,,,,,,,,,,,,,,,,,,,,,,,,,,,,,,,,,,,,,,,,,,,,,,,,,,,,,,,,,,,,,,,,,,,,,,,,,,,,,,,,,,,,,,,,,,,,,,,,,,,,,,,,https://thcschuvananq1.hcm.edu.vn/,,,,,center
way/1295735928,way/1295735928,,,,,,,,59-61,,,,Hu?nh Kh??ng Ninh,,,,,,,,school,,,,,,,,,,,,,,,,,,,,,,,,,,,,,,,,,school,,,,,,,6-9,,,,,,,,,,,,,,,,,,Tr??ng Trung h?c c? s? Hu?nh Kh??ng Ninh,,,,,,,,,,,,,,,,,,,,,,,,,,,,,,,,,,,,,,,,,,,,,,,,,,,,,,,,,,,,,,,,,,,,,,,,,,,,,,,,,,,,,,,,,,,,,,,,,,,,,,,,,,,,,,,https://thcshuynhkhuongninh.hcm.edu.vn/,,,,,center
way/1301707202,way/1301707202,,,,,,,,"493",,,,Cách M?ng Tháng 8,,,,,,,,school,,,,,,,,,,,,,,,,,,,,,,,,,,,,,,,,,,,,,,,,1-5,,,,,,,,,,,,,,,,,,Tr??ng Ti?u h?c Lê Th? Riêng,,,,,,,,,,,,,,,,,,,,,,,,,,,,,,,,,,,,,,,,,,,,,,,,,,,,,,,,,,,,,,,,,,,,,,,,,,,,,,,,,,,,,,,,,,,,,,,,,,,,,,,,,,,,,,,,,,,,center
way/1302023347,way/1302023347,,,,,,,,3-5,,,,H?m 378 ???ng ?i?n Biên Ph?,,,,,,,,school,,,,,,,,,,,,,,,,,,,,,,,,,,,,,,,,,,,,,,,,1-5,,,,,,,,,,,,,,,,,,Tr??ng Ti?u h?c ?i?n Biên,,,,,,,,Dien Bien Priamry School,,,,,,,,,,,,,,,,,,,,,,,,,,,,,,,,,,,,,,,,,,,,,,,,,,,,,,,,,,,,,,,,,,,,,,,,,,,,,,,,,,,,,,,,,,,,,,,,,,,,,,,,,,,,center
way/1302023349,way/1302023349,,,,,,,,8D,,,,H?m 91 Hòa H?ng,,,,,,,,school,,,,,,,,,,,,,,,,,,,,,,,,,,,,,,,,,,,,,,,,1-5,,,,,,,,,,,,,,,,,,Tr??ng Ti?u h?c Tri?u Th? Trinh,,,,,,,,Trieu Thi Trinh Primary School,,,,,,,,,,,,,,,,,,,,,,,,,,,,,,,,,,,,,,,,,,,,,,,,,,,,,,,,,,,,,,,,,,,,,,,,,,,,,,,,,,,,,,,,,,,,,,,,,,,,,,,,,,,,center
way/1302034687,way/1302034687,,,,,,,,"36",,,,H?m 285 ???ng Cách M?ng Tháng 8,,,,,,,,school,,,,,,,,,,,,,,,,,,,,,,,,,,,,,,,,,,,,,,,,6-9,,,,,,,,,,,,,,,,,,Tr??ng Trung h?c c? s? Cách M?ng Tháng Tám,,,,,,,,,,,,,,,,,,,,,,,,,,,,,,,,,,,,,,,,,,,,,,,,,,,,,,,,,,,,,,,,,,,,,,,,,,,,,,,,,,,,,,,,,,,,,,,,,,,,,,,,,,,,,,,,,,,,center
node/1340954934,node/1340954934,,,,,,,,,,,,,,,,,,,,,,,,,,,,,,,,,,,,,,,,,,,,,,,,,,,,,,,,,,,,,,,,,,,,,,,,,,,,,,Khách S?n Mifuki Boutique,,,,,,,,,,,,,,,,,,,,,,,,,,,,,,,,,,,,,,,,,,,,,,,,,,,,,,,,,,,,,,,,,,,,,,,,,,,,,,,,,,,,,,,,,,,,,,,,,,,,,,,,,,,,hotel,,,,,,,,
node/1354004591,node/1354004591,,,,,,,,,,,,,,,,,,,,,,,,,,,,,,,,,,,,,,,,,,,,,,,,,,,,,,,,,,,,,,,,,,,,,,,,,,,,,,Khách S?n Saigon Sports 3,,,,,,,,,,,,,,,,,,,,,,,,,,,,,,,,,,,,,,,,,,,,,,,,,,,,,,,,,,,,,,,,,,,,,,,,,,,,,,,,,,,,,,,,,,,,,,,,,,,,,,,,,,,,hotel,,,,,,,,
node/1378905236,node/1378905236,,,,,,,,,,,,,,,,,,,,,,,,,,,,,,,,,,,,,,,,,,,,,,,,,,,,,,,,,,,,,,,,,,,,,,,,,,,,,,Thuan Thien Hotel,,,,,,,,,,,,,,,,,,,,,,,,,,,,,,,,,,,,,,,,,,,,,,,,,,,,,,,,,,,,,,,,,,,,,,,,,,,,,,,,,,,,,,,,,,,,,,,,,,,,,,,,,,,,hotel,,,,,,,,
way/1424919844,way/1424919844,,,,,,,,,,,,,,,,,,,,school,,,,,,,,,,,,,,,,,,,,,,,,,,,,,,,,,,,,,,,,,,,,,,,,,,,,,,,,,,Tr??ng Ti?u h?c Nguy?n Thái S?n,,,,,,,,,,,,,,,,,,,,,,,,,,,,,,,,,,,,,,,,,,,,,,,,,,,,,,,,,,,,,,,,,,,,,,,,,,,,,,,,,,,,,,,,,,,,,,,,,,,,,,,,,,,,,,,,,,,,center
way/1471524212,way/1471524212,,,,,,,,,,,,,,,,,,,,,,,,7-Eleven,,,Q259340,en:7-Eleven,yes,,,,,,,,,,,,,,,,,,,,,,,,,,,,,,,,,,,,,,,,,,,,,,,,,7-Eleven,,,,,,,,,,,,,,,,,,,,,,,,,,,,,,,,,,,,,,,,,,,,,,,,,,,,24/7,,7-Eleven,,,,,,,,,,yes,,,yes,,yes,,,,,,,,,,,,,,,,,,,,,,,,,,convenience,,,,,,,,,,,,,,,,,,,,,center
way/1476564118,way/1476564118,,,,,,,,,,,,,,,,,,,,,,,,Ministop,,,Q1038929,,yes,,,,,,,,,,,,,,,,,,,,,,,,,,,,,,,,,,,,,,,,,,,,,,,,,Ministop,,,,,,,,,,,,,,,,,,,,,,,,,,,,,,,,,,,,,,,,,,,,,,,,,,,,,,,,,,,,,,,,,,,,,,,,,,,,,,,,,,,,,,,,,,,,,,,convenience,,,,,,,,,,,,,,,,,,,,,center
way/1488638555,way/1488638555,,TP H? Chí Minh,,District 1,,,,11-13,,,Thành ph? H? Chí Minh,H?m 283 Ph?m Ng? Lão,,,,,,,,,,,,,,,,,yes,,"6",,,,,,,,,,,,,,,,,,,,,,,,,,,,,,"22",,,,,,yes,,,,,,,,,,,Ngoc Minh,,,,,,,,,,,,,,,,,,,,,,,,,,,,,,,,,,,,,,,,,,,,,,,,,,,,,,,,,,,,,,,,,,,,,,,,,,,,,,,,,,"+84989599076",,,,,,,,,,,,,,,,,,,,,,,,,,hotel,,,,,,,,center
way/1488642657,way/1488642657,,,,,,,,"5",,"70000",,H?m 28 ???ng ?? Quang ??u,,,,,,,,,,,,,,,,,yes,,,,,,,,,,,,,,,,,,,,,,,,,,info.ehostel@gmail.com,,,,,,,,,,,,yes,,,,,,,,,,,Khách S?n E,,,,,,,,,,,,,,,,,,,,,,,,,,,,,,,,,,,,,,,,,,,,,,,,,,,,,,,,,,,,,,,,,,,,,,,,,,,,,,,,,,,,,,,,,,,,,,,,,,,,,,,,,,,,hotel,,,,,,,,center
way/1488642658,way/1488642658,,,,,,,,,,,,,,,,,,,,,,,,,,,,,yes,,,,,,,,,,,,,,,,,,,,,,,,,,,,,,,,,,,,,,,,,,,,,,,,,,,,,,,,,,,,,,,,,,,,,,,,,,,,,,,,,,,,,,,,,,,,,,,,,,,,,,,,,,,,,,,,,,,,,,,,,,,,,,,,,,,,,,,,,,,,,,,,,,,,,,,,,,,,,hotel,,,,,,,,center
way/1489501128,way/1489501128,,Ho Chi Minh City,,Qu?n 1,,,,"207",,,Thành ph? H? Chí Minh,Ph?m Ng? Lão,Ph??ng B?n Thành,,,,,,,,,,,7-Eleven,,,Q259340,,yes,,,,,,,,,,,,,,,,,,,,,,,,,,,,,,,,,,,,,,,,,,,,,,,,,7-Eleven,,,,,,,,,,,,,,,,,,,,,,,,,,,,,,,,,,,,,,,,,,,,,,,,,,,,,,,,,,,,,,,,,,,,,,,,,,,,,,,,,,,,,,,,,,,,,,,convenience,,,,,,,,,,,,,,,,,,,,,center
way/1489501129,way/1489501129,,Ho Chi Minh City,VN,Qu?n 1,,,,"209",,"71000",Thành ph? H? Chí Minh,Ph?m Ng? Lão,Ph??ng B?n Thành,,,,,,,,,,,,,,,,yes,,,,,,,,,,,maiphaihotel@saigonnet.vn,,,+84 2838365868,,,,,,,,,,,,,,,,,,,,,,,,wlan,no,,,,,,,,,,Mai Phai,,,,,,,Mai Phai,,,,,,,,,,,,,,,,,,,,,,,,,Khách S?n Mai Phai,,,,,,,,,,,,,,,,,,,,,,,,,,,,,,,,,,,,,,,,,,,,,,,,,,,,,,,,,,,,,,,,,,,,,,,,,,,,hotel,,,,,,,,center
way/1489501130,way/1489501130,,,,,,,,,,,,,,,,,,,,,,,,,,,,,yes,,,,,,,,,,,,,,,,,,,,,,,,,,,,,,,,,,,,,,,,,,,,,,,,,,,,,,,,,,,,,,,,,,,,,,,,,,,,,,,,,,,,,,,,,,,,,,,,,,,,,,,,,,,,,,,,,,,,,,,,,,,,,,,,,,,,,,,,,,,,,,,,,,,,,,,,,,,,,hotel,,,,,,,,center
way/1489506037,way/1489506037,,,,,,,,,,,,,,,,,,,,,,,,,,,,,yes,,,,,,,,,,,,,,,,,,,,,,,,,,,,,,,,,,,,,,,,,,,,,,,,,,,,,,,,,,,,,,,,,,,,,,,,,,,,,,,,,,,,,,,,,,,,,,,,,,,,,,,,,,,,,,,,,,,,,,,,,,,,,,,,,,,,,,,,,,,,,,,,,,,,,,,,,,,,,hotel,,,,,,,,center
way/1489506038,way/1489506038,,,,,,,,,,,,,,,,,,,,,,,,,,,,,yes,,,,,,,,,,,,,,,,,,,,,,,,,,,,,,,,,,,,,,,,,,,,,,,,,,,,,,,,,,,,,,,,,,,,,,,,,,,,,,,,,,,,,,,,,,,,,,,,,,,,,,,,,,,,,,,,,,,,,,,,,,,,,,,,,,,,,,,,,,,,,,,,,,,,,,,,,,,,,hotel,,,,,,,,center
node/1561811973,node/1561811973,,,,,,,,,,,,,,,,,,,,,,,,,,,,,,,,,,,,,,,,,,,,,,,,,,,,,,,,,,,,,,,,,,,,,,,,,,,,,,Khách S?n 4 Roses,,,,,,,,,,,,,,,,,,,,,,,,,,,,,,,,,,,,,,,,,,,,,,,,,,,,,,,,,,,,,,,,,,,,,,,,,,,,,,,,,,,,,,,,,,,,,,,,,,,,,,,,,,,,hotel,,,,,,,,
node/1597982717,node/1597982717,,,,,,,,,,,,,,,,,,,,,,,,,,,,,,,,,,,,,,,,,,,,,,,,,,,,,,,,,,,,,,,,,,,,,,,,,,,,,,Maximart,,,,,,,,,,,,,,,,,,,,,,,,,,,,,,,,,,,,,,,,,,,,,,,,,,,,,,,,,,,,,,,,,,,,,,,,,,,,,,,,,,,,,,,,,,,,,,,supermarket,,,,,,,,,,,,,,,,,,,,,
node/1770597594,node/1770597594,,,,,,,,"56",,,,Phó Ð?c Chính,,,,,,,,,,,,FamilyMart,,,Q11247682,,,,,,,,,,,,,,,,,,,,,,,,,,,,,,,,,,,,,,,,,,,,,,,,,,,FamilyMart,,,,,,,,FamilyMart,,,,,,,,,,,,,,,,,,,,,,,,FamilyMart,,,,,,,,,,,,,,,,,,,,,,,,,,,,,,,,,,,,,,,,,,,,,,,,,,,,,,,,,,,,,,,convenience,,,,,,,,,,,,,,,,http://www.vinafamilymart.com.vn,,,,,
node/1770597640,node/1770597640,,,,,,,,,,,,,,,,,,,,,,,,,,,,,,,,,,,,,,,,,,,,,,,,,,,,,,,,,,,,,,,,,,,,,,,,,,,,,,,,,,,,,,,,,,,,,,,,,,,,,,,,,,,,,,,,,,,,,,,,,,,,,,,,,,,,,,,,,,,,,,,,,,,,,,,,,,,,,,,,,,,,,,,,,,,,,supermarket,,,,,,,,,,,,,,,,,,,,,
node/1833691664,node/1833691664,,,,,,,,,,,,,,,,,,,,,,,,,,,,,,,,,,,,,,,,,,,,,,,,,,,,,,,,,,,,,,,,,,,,,,,,,,,,,,Khách S?n Saigon Mini 5,,,,,,,,,,,,,,,,,,,,,,,,,,,,,,,,,,,,,,,,,,,,,,,,,,,,,,,,,,,,,,,,,,,,,,,,,,,,,,,,,,,,,,,,,,,,,,,,,,,,,,,,,,,,hotel,,,,,,,,
node/1933276047,node/1933276047,,,,,,,,,,,,,,,,,,,,,,,,Circle K,,,Q3268010,,,,,,,,,,,,,,,,,,,,,,,,,,,,,,,,,,,,,,,,,,,,,,,,,,,Circle K,,,,,,,,,,,,,,,,,,,,,,,,,,,,,,,,,,,,,,,,,,,,,,,,,,,,,,,,,,,,,,,,,,,,,,,,,,,,,,,,,,,,,,,,,,,,,,,convenience,,,,,,,,,,,,,,,,,,,,,
node/1938960542,node/1938960542,,,,,,,,,,,,,,,,,,,,,,,,,,,,,,,,,,,,,,,,,,,,,,,,,,,,,,,,,,,,,,,,,,,,,,,,,,,,,,Shop&Go!,,,,,,,,,,,,,,,,,,,,,,,,,,,,,,,,,,,,,,,,,,,,,,,,,,,,,,,,,,,,,,,,,,,,,,,,,,,,,,,,,,,,,,,,,,,,,,,convenience,,,,,,,,,,,,,,,,,,,,,
node/1969579596,node/1969579596,,,,,,,,"53",,,,Nguy?n Du,,,,,,,,,,,,Circle K,,,Q3268010,,,,,,,,,,,,,,,,,,,,,,,,,,,,,,,,,,,,,,,,,,,,,,,,,,,Circle K,,,,,,,,,,,,,,,,,,,,,,,,,,,,,,,,,,,,,,,,,,,,,,,,,,,,,,,,,,,,,,,,,,,,,,,,,,,,,,,,,,,,,,,,,,,,,,,convenience,,,,,,,,,,,,,,,,,,,,,
node/1985346325,node/1985346325,,,,,,,,,,,,,,,,,,,,,,,,,,,,,,,,,,,,,,,,,,,,,,,,,,,,,,,,,,,,,,,,,,,,,,,,,,,,,,Khách S?n Metropole,,,,,,,Metropole,,,,,,,,,,,,,,,,,,,,,,,,,,,,,,,,,,,,,,,,,,,,,,,,,,,,,,,,,,,,,,,,,,,,,,,,,,,,,,,,,,,,,,,,,,,,,,,,,,,,,hotel,,,,,,,,
node/1987943080,node/1987943080,,,,,,,,105C,,,,B?n Vân ??n,,,,,,,,,,,,,,,,,,,,,,,,,,,,,,,,,,,,,,,,,,,,,,,,,,,,,,,,,,,,,,,,,,Shop&Go!,,,,,,,,,,,,,,,,,,,,,,,,,,,,,,,,,,,,,,,,,,,,,,,,,,,,,,,,,,,,,,,,,,,,,,,,,,,,,,,,,,,,,,,,,,,,,,,convenience,,,,,,,,,,,,,,,,,,,,,
node/1998781602,node/1998781602,,,,,,,,"243",,,,Hai Bà Tr?ng,,,,,,,,,,,,,,,,,,,,,,,,,,,,,,,,,,,,,,,,,,,,,,,,,,,,,,,,,,,,,,,,,,C?a Hàng Ti?n L?i Shop & Go,,,,,,,,,,,,,,,,,,,,,,,,,,,,,,,,,,,,,,,,,,,,,,,,,,,,,,,,,,,,,,,,,,,,,,,,,,,,,,,,,,,,,,,,,,,,,,,convenience,,,,,survey,,,,,,,,,,,,,,,,
node/2036596285,node/2036596285,,,,,,,,,,,,,,,,,,,,,,,,,,,,,,,,,,,,,,,,,,,,,,,,,,,,,,,,,,,,,,,,,,,,,,,,,,,,,,Grand Hotel,,,,,,,Grand Hotel,,,,,,,,,,,,,,,,,,,,,,,,,,,,,,,,,,,,,,,,,,,,,,,,,,,,,,,,,,,,,,,,,,,,,,,,,,,,,,,,,,,,,,,,,,,,,,,,,,,,,hotel,,,,,Q10762720,"Category:Grand Hotel, Saigon",vi:Khách s?n Grand Sài Gòn,
node/2068659847,node/2068659847,,,,,,,,,,,,,,,,,,,,,,,,,,,,,,,,,,,,,,,,,,,,,,,,,,,,,,,,,,,,,,,,,,,,,,,,,,,,,,Khách S?n Hoàng H?i Long,,,,,,,,Dragon Hotel,,,,,,,,,,,,,,,,,,,,,,,,,,,,,,,,,,,,,,,,,,,,,,,,,,,,,,,,,,,,,,,,,,,,,,,,,,,,,,,,,,,,,,,,,,,,,"3",,,,,,,hotel,,,http://hoanghailonghotel.com/,,,,,
node/2103831053,node/2103831053,,,,,,,,,,,,,,,,,,,,,,,,,,,,,,,,,,,,,,,,,,,,,,,,,,,,,,,,,,,,,,,,,,,wlan,,,,,,,,,,,Khách S?n ??i Huy Hoàng,,,,,,,Dai Huy Hoang Hotel,,,,,,,,,,,,,,,,,,,,,,,,,,,,,,,,,,,,,,,,,,,,,,,,,,,,,,,,,,,,,,,,,,,,,,,,,,,,,,,,,,,,,,,,,,,,,,,,,,,,,hotel,,,,,,,,
node/2131959235,node/2131959235,,,,,,,,"254",,,,Nguy?n Công Tr?,,,,,,,,,,,,,,,,,,,,,,,,,,,,,,,,,,,,,,,,,,,,,,,,,,,,,,,,,,,,,,,,,,Shop&Go!,,,,,,,,,,,,,,,,,,,,,,,,,,,,,,,,,,,,,,,,,,,,,,,,,,,,,,,,,,,,,,,,,,,,,,,,,,,,,,,,,,,,,,,,,,,,,,,convenience,,,,,survey,,,,,,,,,,,,,,,,
node/2141010789,node/2141010789,,Thành ph? H? Chí Minh,,Qu?n 1,,,,16-18,,,,Hai Bà Tr?ng,,,,,,,,,,,,,,,,,,,,,,,,,,,,,,,,,,,,,,,,,,,haibatrung@annam-gourmet.com,,,,,,,,,,,,,,,,,,,,,,,Siêu Th? Online Annam Gourmet,,,,,,,,,,,,,,,,,,,,,,,,,,,,,,,,,,,,,,,,,,,,,,,,,,,,,,,,,,,,,,,,,,,,,,,,,,,,,,,,,,"08 3822 9332",,,,,,,,,,,,,supermarket,,,,,,,,,,,,,,,,http://www.annam-gourmet.com,,,,,
node/2176765019,node/2176765019,,,,,,,,,,,,,,,,,,,,,,,,,,,,,,,,,,,,,,,,,,,,,,,,,,,,,,,,,,,,,,,,,,,,,,,,,,,,,,Co.opmart Nhiêu L?c,,,,,,,,,,,,,,,,,,,,,,,,,,,,,,,,,,,,,,,,,,,,,,,,,,,,,,,,,,,,,,,,,,,,,,,,,,,,,,,,,,,,,,,,,,,,,,,supermarket,,,,,,,,,,,,,,,,,,,,,
node/2230876888,node/2230876888,,,,,,,,,,,,,,,,,,,,school,,,,,,,,,,,,,,,,,,,,,,,,,,,,,,,,,,,,,,,,,,,,,,,,,,,,,,,,,,Renaissance International School SaiGon RISS,,,,,,,,,,,,,,,,,,,,,,,,,,,,,,,,,,,,,,,,,,,,,,,,,,,,,,,,,,,,,,,,,,,,,,,,,,,,,,,,,,,,,,,,,,,,,,,,,,,,,,,,,,,,,,,,,,,,
node/2231242931,node/2231242931,,,,,,,,,,,,,,,,,,,,university,,,,,,,,,,,,,,,,,,,,,,,,,,,,,,,,,,,,,,,,,,,,,,,,,,,,,,,,,,Tr??ng ??i H?c Ngo?i Ng?-Tin H?c HCM,,,,,,,,,,,,,,,,,,,,,,,,,,,,,,,,,,,,,,,,,,,,,,,,,,,,,,,,,,,,,,,,,,,,,,,,,,,,,,,,,,,,,,,,,,,,,,,,,,,,,,,,,,,,,,,,,,,,
node/2267949127,node/2267949127,,,,,,,,,,,,,,,,,,,,,,,,,,,,,,,,,,,,,,,,,,,,,,,,,,,,,,,,,,,,,,,,,,,,,,,,,,,,,,Khách S?n Grand Silverland,,,,,,,Grand Silverland Hotel,,,,,,,,,,,,,,,,,,,,,,,,,,,,,,,,,,,,,,,,,,,,,,,,,,,,,,,,,,,,,,,,,,,,,,,,,,,,,,,,,,,,,,,,,,,,,,,,,,,,,hotel,,,,,,,,
node/2267949128,node/2267949128,,,,,,,,,,,,,,,,,,,,,,,,,,,,,,,,,,,,,,,,,,,,,,,,,,,,,,,,,,,,,,,,,,,,,,,,,,,,,,Khách S?n Hà My,,,,,,,,,,,,,,,,,,,,,,,,,,,,,,,,,,,,,,,,,,,,,,,,,,,,,,,,,,,,,,,,,,,,,,,,,,,,,,,,,,,,,,,,,,,,,,,,,,,,,,,,,,,,hotel,,,,,,,,
node/2268280866,node/2268280866,,,,,,,,,,,,,,,,,,,,,,,,,,,,,,,,,,,,,,,,,,,,,,,,,,,,,,,,,,,,,,,,,,,,,,,,,,,,,,Khách S?n A&EM,,,,,,,,A&EM Saigon Hotel,,,,,,,,,,,,,,,,,,,,,,,,,,,,,,,,,,,,,,,,,,,,,,,,,,,,,,,,,,,,,,,,,,,,,,,,,,,,,,,,,,,,,,,,,,,,,,,,,,,,hotel,,,,,,,,
node/2268280927,node/2268280927,,,,,,,,,,,,,,,,,,,,,,,,,,,,,,,,,,,,,,,,,,,,,,,,,,,,,,,,,,,,,,,,,,,,,,,,,,,,,,Khách S?n Kelly,,,,,,,,,,,,,,,,,,,,,,,,,,,,,,,,,,,,,,,,,,,,,,,,,,,,,,,,,,,,,,,,,,,,,,,,,,,,,,,,,,,,,,,,,,,,,,,,,,,,,,,,,,,,hotel,,,,,,,,
node/2268280973,node/2268280973,,,,,,,,,,,,,,,,,,,,,,,,,,,,,,,,,,,,,,,,,,,,,,,,,,,,,,,,,,,,,,,,,,,,,,,,,,,,,,Khách S?n King,,,,,,,,,,,,,,,,,,,,,,,,,,,,,,,,,,,,,,,,,,,,,,,,,,,,,,,,,,,,,,,,,,,,,,,,,,,,,,,,,,,,,,,,,,,,,,,,,,,,,,,,,,,,hotel,,,,,,,,
node/2276291868,node/2276291868,,,,,,,,,,,,,,,,,,,,,,,,,,,,,,,,,,,,,,,,,,,,,,,,,,,,,,,,,,,,,,,,,,,,,,,,,,,,,,Khách S?n Northern,,,,,,,,,,,,,,,,,,,,,,,,,,,,,,,,,,,,,,,,,,,,,,,,,,,,,,,,,,,,,,,,,,,,,,,,,,,,,,,,,,,,,,,,,,,,,,,,,,,,survey,,,,,,,,hotel,,,https://www.northernhotel.com.vn/,,,,,
node/2276291869,node/2276291869,,,,,,,,6a,,,,Thi Sách,,,,,,,,,,,,,,,,,,,,,,,,,,,,,,,,,,,,,,,,,,,,,,,,,,,,,,,,,,,,,,,,,,Khách S?n White Lotus,,,,,,,,,,,,,,,,,,,,,,,,,,,,,,,,,,,,,,,,,,,,,,,,,,,,,,,,,,,,,,,,,,,,,,,,,,,,,,,,,,,,,,,,,,,,,,,,,,,,survey,,,,,,,,hotel,,,,,,,,
node/2276291870,node/2276291870,,,,,,,,"9",,,,Thi Sách,,,,,,,,,,,,,,,,,,,,,,,,,,,,,,,,,,,,,,,,,,,,,,,,,,,,,,,,,,,,,,,,,,Khách S?n Aquari,,,,,,,,,,,,,,,,,,,,,,,,,,,,,,,,,,,,,,,,,,,,,,,,,,,,,,,,,,,,,,,,,,,,,,,,,,,,,,,,,,,,,,,,,,,,,,,,,,,,survey,,,,,,,,hotel,,,,,,,,
node/2286005141,node/2286005141,,,,,,,,,,,,,,,,,,,,,,,,,,,,,,,,,,,,,,,,,,,,,,,,,,,,,,,,,,,,,,,,,,,,,,,,,,,,,,Khách S?n New Star,,,,,,,,,,,,,,,,,,,,,,,,,,,,,,,,,,,,,,,,,,,,,,,,,,,,,,,,,,,,,,,,,,,,,,,,,,,,,,,,,,,,,,,,,,,,,,,,,,,,survey,,,,,,,,hotel,,,,,,,,
node/2286005143,node/2286005143,,,,,,,,"24",,,,Thi Sách,,,,,,,,,,,,,,,,,,,,,,,,,,,,,,,,,,,,,,,,,,,,,,,,,,,,,,,,,,,,,,,,,,Khách S?n Royal Lotus,,,,,,,,,,,,,,,,,,,,,,,,,,,,,,,,,,,,,,,,,,,,,,,,,,,,,,,,,,,,,,,,,,,,,,,,,,,,,,,,,,,,,,,,,,,,,,,,,,,,survey,,,,,,,,hotel,,,,,,,,
node/2286005144,node/2286005144,,,,,,,,,,,,,,,,,,,,,,,,,,,,,,,,,,,,,,,,,,,,,,,,,,,,,,,,,,,,,,,,,,,,,,,,,,,,,,Khách S?n Hoa Sen,,,,,,,,,,,,,,,,,,,,,,,,,,,,,,,,,,,,,,,,,,,,,,,,,,,,,,,,,,,,,,,,,,,,,,,,,,,,,,,,,,,,,,,,,,,,,,,,,,,,survey,,,,,,,,hotel,,,,,,,,
node/2286005145,node/2286005145,,,,,,,,"18",,,,?ông Du,,,,,,,,,,,,,,,,,,,,,,,,,,,,,,,,,,,,,,,,,,,,,,,,,,,,,,,,,,,,,,,,,,Khách S?n Ng?c Minh,,,,,,,,,,,,,,,,,,,,,,,,,,,,,,,,,,,,,,,,,,,,,,,,,,,,,,,,,,,,,,,,,,,,,,,,,,,,,,,,,,,,,,,,,,,,,,,,,,,,survey,,,,,,,,hotel,,,,,,,,
node/2286005148,node/2286005148,,,,,,,,"18",,,,Cao Bá Quát,,,,,,,,,,,,,,,,,,,,,,,,,,,,,,,,,,,,,,,,,,,,,,,,,,,,,,,,,,,,,,,,,,Khách S?n King Star,,,,,,,,,,,,,,,,,,,,,,,,,,,,,,,,,,,,,,,,,,,,,,,,,,,,,,,,,,,,,,,,,,,,,,,,,,,,,,,,,,,,,,,,,,,,,,,,,,,,survey,,,,,,,,hotel,,,,,,,,
node/2286005150,node/2286005150,,,,,,,,,,,,,,,,,,,,,,,,,,,,,,,,,,,,,,,,,,,,,,,,,,,,,,,,,,,,,,,,,,,,,,,,,,,,,,Khách S?n Cherry,,,,,,,,,,,,,,,,,,,,,,,,,,,,,,,,,,,,,,,,,,,,,,,,,,,,,,,,,,,,,,,,,,,,,,,,,,,,,,,,,,,,,,,,,,,,,,,,,,,,survey,,,,,,,,hotel,,,,,,,,
node/2286005152,node/2286005152,,,,,,,,28-30,,,,Thi Sách,,,,,,,,,,,,,,,,,,,,,,,,,,,,,,,,,,,,,,,,,,,,,,,,,,,,,,,,,,,,,,,,,,Khách S?n May,,,,,,,,,,,,,,,,,,,,,,,,,,,,,,,,,,,,,,,,,,,,,,,,,,,,,,,,,,,,,,,,,,,,,,,,,,,,,,,,,,,,,,,,,,,,,,,,,,,,survey,,,,,,,,hotel,,,,,,,,
node/2286005159,node/2286005159,,,,,,,,11b,,,,Thái V?n Lung,,,,,,,,,,,,,,,,,,,,,,,,,,,,,,,,,,,,,,,,,,,,,,,,,,,,,,,,,,,,,,,,,,Khách S?n Sun Flower,,,,,,,,,,,,,,,,,,,,,,,,,,,,,,,,,,,,,,,,,,,,,,,,,,,,,,,,,,,,,,,,,,,,,,,,,,,,,,,,,,,,,,,,,,,,,,,,,,,,survey,,,,,,,,hotel,,,,,,,,
node/2286005160,node/2286005160,,,,,,,,,,,,,,,,,,,,,,,,,,,,,,,,,,,,,,,,,,,,,,,,,,,,,,,,,,,,,,,,,,,,,,,,,,,,,,Khách S?n Medal,,,,,,,,,,,,,,,,,,,,,,,,,,,,,,,,,,,,,,,,,,,,,,,,,,,,,,,,,,,,,,,,,,,,,,,,,,,,,,,,,,,,,,,,,,,,,,,,,,,,survey,,,,,,,,hotel,,,,,,,,
node/2286005164,node/2286005164,,,,,,,,,,,,,,,,,,,,,,,,,,,,,,,,,,,,,,,,,,,,,,,,,,,,,,,,,,,,,,,,,,,,,,,,,,,,,,Khách S?n Silverland Jolie,,,,,,,,,,,,,,,,,,,,,,,,,,,,,,,,,,,,,,,,,,,,,,,,,,,,,,,,,,,,,,,,,,,,,,,,,,,,,,,,,,,,,,,,,,,,,,,,,,,,survey,,,,,,,,hotel,,,,,,,,
node/2286005166,node/2286005166,,,,,,,,68a,,,,Nguy?n Hu?,,,,,,,,,,,,,,,,,,,,,,,,,,,,,,,,,,,,,,,,,,,,,,,,,,,,,,,,,,,,,,,,,,Khách S?n Oscar,,,,,,,Oscar Saigon,,,,,,,,,,,,,,,,,,,,,,,,,,,,,,,,,,,,,,,,,,,,,,,,,,,,,,,,,,,,,,,,,,,,,,,,,,,,,,,,,,,,,,,,,,,,,survey,,,,,,,,hotel,,,,,Q117325868,,,
node/2341640693,node/2341640693,,,,,,,,"97",,,,Võ V?n T?n,,,,,,,,university,,,,,,,,,,,,,,,,,,,,,,,,,,,,,,,,,university,,,,,,,,,,,,,,,,,,,,,,,,,Tr??ng ??i h?c M? Thành ph? H? Chí Minh,,,,,,,,,,,,,,,,,,,,,,,,,,,,,,,,,,,,,,,,,,,,,,,,,,,,Mo-Su 07:00-22:00,,,,,,,,,,,,,,,,,,,,,,,,,,,,,,"0839300210",,,,,,,,,,,,,,,,,,,,,,,,,,,,,https://ou.edu.vn/,,Q10829094,Category:Ho Chi Minh City Open University,vi:Tr??ng ??i h?c M? Thành ph? H? Chí Minh,
node/2393618974,node/2393618974,,,,,,,,,,,,,,,,,,,,,,,,,,,,,,,,,,,,,,,,,,,,,,,,,,,,,,,,,,,,,,,,,,,,,,,,,,,,,,Khách S?n Hoàng Gia,,,,,,,Khách s?n Hoàng Gia,,,,,,,,,,,,,,,,,,,,,,,,,,,,,,,,,,,,,,,,,,,,,,,,,,,,,,,,,,,,,,,,,,,,,,,,,,,,,,,,,,,,,,,,,,,,,,,,,,,,,hotel,,,,,,,,
node/2476392981,node/2476392981,,Ho Chi Minh City,,,,,,36 Bis/2,,,,Lê L?i,,,,,,,,,,,,,,,,,,,,,,,,,,,,,,,,,,,,,,,,,,,,,,,,,,,,,,,,,,,,,,,,,,Khách S?n Little Saigon Boutique,,,,,,,,,,,,,,,,,,,,,,,,,,,,,,,,,,,,,,,,,,,,,,,,,,,,,,,,,,,,,,,,,,,,,,,,,,,,,,,,,,,,,,,,,,,,,,,,,,,,,,,,,,,,hotel,,,http://www.littlesaigon.com.vn,,,,,
node/2646624973,node/2646624973,,Ho Chi Minh City,,,,,Saigon River Hotel,"58",,"Ben Nghe Ward, Dist. 1",,M?c Th? B??i,,,,,,,,,,,,,,,,,,,,,,,,,,,,,,,,,,,,,,,,,,,,,,,,,,,,,,,,,,,,,,,,,,Khách S?n Saigon River,,,,,,,,,,,,,,,,,,,,,,,,,,,,,,,,,,,,,,,,,,,,,,,,,,,,,,,,,,,,,,,,,,,,,,,,,,,,,,,,,,+84 8 3822 8558,,,,,,,,,,,,,,,,,,,,,,,,,,hotel,,,http://www.saigonriverhotel.com,,,,,
node/2663845444,node/2663845444,,Ho Chi Minh City,VN,,,,,122F-122F1,,,,Bùi Th? Xuân,,,,,,,,,,,,,,,,,,,,,,,,,,,,,,,,,,,,,,,,,,,,,,,,,,,,,,,,,,,,,,,,,,Khách S?n Elegant,,,,,,,,,,,,,,,,,,,,,,,,,,,,,,,,,,,,,,,,,,,,,,,,,,,,,,,,,,,,,,,,,,,,,,,,,,,,,,,,,,,,,,,,,,,,,,,,,,,,,,,,,,,,hotel,,,http://www.eleganthotel.vn/,,,,,
node/2926929601,node/2926929601,,,,,,,,,,,,,,,,,,,,,,,,,,,,,,,,,,,,,,,,,,,,,,,,,,,,,,,,,,,,,,,,,,,,,,,,,,,,,,Khách S?n Ramana,,,,,,,,,,,,,,,,,,,,,,,,,,,,,,,,,,,,,,,,,,,,,,,,,,,,,,,,,,,,,,,,,,,,,,,,,,,,,,,,,,,,,,,,,,,,,,,,,,,,,,,,,,,,hotel,,,,,,,,
node/2927363201,node/2927363201,,,,,,,,,,,,,,,,,,,,,,,,,,,,,,,,,,,,,,,,,,,,,,,,,,,,,,,,,,,,,,,,,,,,,,,,,,,,,,Khách S?n Asian Ruby,,,,,,,,,,,,,,,,,,,,,,,,,,,,,,,,,,,,,,,,,,,,,,,,,,,,,,,,,,,,,,,,,,,,,,,,,,,,,,,,,,,,,,,,,,,,,,,,,,,,,,,,,,,,hotel,,,,,,,,
node/2931144501,node/2931144501,,,,,,,,,,,,H? Tùng M?u,,,,,,,,,,,,,,,,,,,,,,,,,,,,,,,,,,,,,,,,,,,,,,,,,,,,,,,,,,,,,,,,,,Khách S?n Roseland Point,,,,,,,,,,,,,,,,,,,,,,,,,,,,,,,,,,,,,,,,,,,,,,,,,,,,,,,,,,,,,,,,,,,,,,,,,,,,,,,,,,,,,,,,,,,,,,,,,,,,,,,,,,,,hotel,,,,,,,,
node/2931145601,node/2931145601,,,,,,,,,,,,H? Tùng M?u,,,,,,,,,,,,Circle K,,,Q3268010,,,,,,,,,,,,,,,,,,,,,,,,,,,,,,,,,,,,,,,,,,,,,,,,,,,Circle K,,,,,,,,,,,,,,,,,,,,,,,,,,,,,,,,,,,,,,,,,,,,,,,,,,,,,,,,,,,,,,,,,,,,,,,,,,,,,,,,,,,,,,,,,,,,,,,convenience,,,,,,,,,,,,,,,,,,,,,
node/2931146001,node/2931146001,,,,,,,,,,,,H? Tùng M?u,,,,,,,,,,,,,,,,,,,,,,,,,,,,,,,,,,,,,,,,,,,,,,,,,,,,,,,,,,,,,,,,,,Khách S?n Âu L?c,,,,,,,,Au Lac Charner Hotel,,,,,,,,,,,,,,,,,,,,,,,,,,,,,,,,,,,,,,,,,,,,,,,,,,,,,,,,,,,,,,,,,,,,,,,,,,,,,,,,,,,,,,,,,,,,,"3",,,,,,,hotel,,,,,,,,
node/2934266207,node/2934266207,,,,,,,,,,,,,,,,,,,,,,,46 Th? Khoa Huân,Circle K,,,Q3268010,en:Circle K,,,,,,,,,,,,,,,,,,,,,,,,,,,,,,,,,,,,,,,,,,,,,,,,,,Circle K,,,,,,,,,,,,,,,,,,,,,,,,,,,,,,,,,,,,,,,,,,,,,,,,,,,,,,,,,,,,,,,,,,,,,,,,,,,,,,,,,,,,,,,,,,,,,,,convenience,,,,,,,,,,,,,,,,,,,,,
node/2948812333,node/2948812333,,,,,,,,,,,,,,,,,,,,,,,,,,,,,,,,,,,,,,,,,,,,,,,,,,,,,,,,,,,,,,,,,,,,,,,,,,,,,,Citimart,,,,,,,,,,,,,,,,,,,,,,,,,,,,,,,,Citi MK,,,,,,,,,,,,,,,,,,,,,,,,,,,,,,,,,,,,,,,,,,,,,,,,,,,,,,,,,,,,,,,supermarket,,,,,,,,,,,,,,,,,,,,,
node/2954487133,node/2954487133,,,,,,,,,,,,???ng V?nh Khánh,,,,,,,,,,,,Circle K,,,Q3268010,,,,,,,,,,,,,,,,,,,,,,,,,,,,,,,,,,,,,,,,,,,,,,,,,,,Circle K,,,,,,,,,,,,,,,,,,,,,,,,,,,,,,,,,,,,,,,,,,,,,,,,,,,,,,,,,,,,,,,,,,,,,,,,,,,,,,,,,,,,,,,,,,,,,,,convenience,,,,,,,,,,,,,,,,,,,,,
node/3183954535,node/3183954535,,Ho Chi Minh City,,District 1,,,,"84",,,Vietnam,M?c Th? B??i,,,,,,,,,,,,,,,,,,,,,,,,,,,,,,,,,,,,,,,,,,,,,,,,,,,,,,,,,,,,,,,,,,Tan Hoang Long Hotel,,,,,,,,,,,,,,,,,,,,,,,,,,,,,,,,,,,,,,,,,,,,,,,,,,,,,,,,,,,,,,,,,,,,,,,,,,,,,,,,,,"+84838270006",,,,,,,,,,,,,,,,,,,,,,,,,,hotel,,,http://www.tanhoanglong-hotel.com/,,,,,
node/3227801938,node/3227801938,,,,,,,,,,,,,,,,,,,,,,,,,,,,,,,,,,,,,,,,,,,,,,,,,,,,,,,,,,,,,,,,,,,,,,,,,,,,,,Khách S?n New Epoch,,,,,,,,,,,,,,,,,,,,,,,,,,,,,,,,,,,,,,,,,,,,,,,,,,,,,,,,,,,,,,,,,,,,,,,,,,,,,,,,,,,,,,,,,,,,,,,,,,,,,,,,,,,,hotel,,,,,,,,
node/3235645533,node/3235645533,,,,,,,,,,,,,,,,,,,,,,,,,,,,,,,,,,,,,,,,,,,,,,,,,,,,,,,,,,,,,,,,,,,,,,,,,,,,,,Khách S?n H?ng Vy,,,,,,,H?ng Vy,,,,,,,,,,,,,,,,,,,,,,,,,,,,,,,,,,,,,,,,,,,,,,,,,,,,,,,,,,,,,,,,,,,,,,,,,,,,,,,,,,,,,,,,,,,,,,,,,,,,,hotel,,,,,,,,
node/3235649458,node/3235649458,,Ph??ng 6,,"3",,,,"261",,,,Hai Bà Tr?ng,,,,,,,,,,,,,,,,,,,,,,,,,,,,,,,,,,,,,,,,,,,,,,,,,,,,,,,,,,,,,,,,,,Khách S?n Liên Ph??ng,,,,,,,EverGreen,EverGreen,,,,,,,,,,,,,,,,,,,,,,,,,,,,,,,,,,,,,,,,,,,,,,,,,,,,,,,,,,,,,,,,,,,,,,,,,,,,,,,,,,,,,,,,,,,,,,,,,,,,hotel,,,,,,,,
node/3235651896,node/3235651896,,,,,,,,,,,,,,,,,,,,,,,,,,,,,,,,,,,,,,,,,,,,,,,,,,,,,,,,,,,,,,,,,,,,,,,,,,,,,,Khách S?n A25,,,,,,,,,,,,,,,,,,,,,,,,,,,,,,,,,,,,,,,,,,,,,,,,,,,,,,,,,,,,,,,,,,,,,,,,,,,,,,,,,,,,,,,,,,,,,,,,,,,,,,,,,,,,hotel,,,,,,,,
node/3240599927,node/3240599927,,,,,,,,,,,,,,,,,,,,,,,,,,,,,,,,,,,,,,,,,,,,,,,,,,,,,,,,,,,,,,,,,,,,,,,,,,,,,,C?a Hàng Ti?n L?i Shop&Go!,,,,,,,,,,,,,,,,,,,,,,,,,,,,,,,,,,,,,,,,,,,,,,,,,,,,,,,,,,,,,,,,,,,,,,,,,,,,,,,,,,,,,,,,,,,,,,,convenience,,,,,,,,,,,,,,,,,,,,,
node/3256598177,node/3256598177,,HoChiMinh Cit,,"1",,,,283/41,,"70000",,Ph?m Ng? Lão,,,,,,,,,,,,,,,,,,,,,,,,,,,,,,,,,,,,,,,,,,,,,,,,,,,,,,,wlan,,,,,,,,,,,Khách S?n PP BackPackers,,,,,,,,,,,,,,,,,,,,,,,,,,,,,,,,,,,,,,,,,,,,,,,,,,,,,,,,,,,,,,,,,,,,,,,,,,,,,,,,,,,,,,,,,,,,,,,,,,,,,,,,,,,,hotel,,,http://ppbackpackers.com.vn/,no,,,,
node/3257659064,node/3257659064,,,,,,,,,,,,,,,,,,,,,,,,Circle K,,,Q3268010,,,,,,,,,,,,,,,,,,,,,,,,,,,,,,,,,,,,,,,,,,,,,,,,,,,Circle K,,,,,,,,,,,,,,,,,,,,,,,,,,,,,,,,,,,,,,,,,,,,,,,,,,,,,,,,,,,,,,,,,,,,,,,,,,,,,,,,,,,,,,,,,,,,,,,convenience,,,,,,,,,,,,,,,,,,,,,
node/3257722044,node/3257722044,,,,,,,,"54",,,,??ng Dung,,,,,,,,,,,,,,,,,,,,,,,,,,,,,,,,,,,,,,,,,,,,,,,,,,,,,,,,,,,,,,,,,,Khách S?n Sunny,,,,,,,,,,,,,,,,,,,,,,,,,,,,,,,,,,,,,,,,,,,,,,,,,,,,,,,,,,,,,,,,,,,,,,,,,,,,,,,,,,,,,,,,,,,,,,,,,,,,,,,,,,,,hotel,,,,,,,,
node/3261127378,node/3261127378,,,,,,,,,,,,,,,,,,,,,,,,,,,,,,,,,,,,,,,,,,,,,,,,,,,,,,,,,,,,,,,,,,,,,,,,,,,,,,Khách S?n Yellow House Saigon,,,,,,,,,,,,,,,,,,,,,,,,,,,,,,,,,,,,,,,,,,,,,,,,,,,,,,,,,,,,,,,,,,,,,,,,,,,,,,,,,,,,,,,,,,,,,,,,,,,,,,,,,,,,hotel,,,,,,,,
node/3319583926,node/3319583926,,,,,,,,,,,,,,,,,,,,,,,,Circle K,,,Q3268010,,,,,,,,,,,,,,,,,,,,,,,,,,,,,,,,,,,,,,,,wlan,no,,,,,,,,,,Circle K,,,,,,,,Circle k,,,,,,,,,,,,,,,,,,,,,,,,,,,,,,,,,,,,,,,,,,,,,,,,,,,,,,,,,,,,,,,,,,,,,,,,,,+84 8 3914 1199,,,,,,,,,,,,,convenience,,,,,,,,,,,,,hotel,,,http://www.signaturesaigonhotel.com/,,,,,
node/3324706843,node/3324706843,,,,,,,,"27",,,,???ng Bùi Vi?n,,,,,,,,,,,,,,,,,,,,,,,,,,,,,,,,,,,,,,,,,,,,,,,,,,,,,,,,,,,,,,,,,,Khách S?n Aston,,,,,,,Aston Hotel,,,,,,,,,,,,,,,,,,,,,,,,,,,,,,,,,,,,,,,,,,,,,,,,,,,,,,,,,,,,,,,,,,,,,,,,,,,,,,,,,,,,,,,,,,,,,,,,,,,,,hotel,,,,,,,,
node/3372131193,node/3372131193,,,,,,,,"40",,,,???ng Bùi Vi?n,,,,,,,,,,,,,,,,,,,,,,,,,,,,,,,,,,,,,,,,,,,,,,,,,,,,,,,,,,,,,,,,,,Khách S?n An An,,,,,,,An An Hotel,,,,,,,,,,,,,,,,,,,,,,,,,,,,,,,,,,,,,,,,,,,,,,,,,,,,,,,,,,,,,,,,,,,,,,,,,,,,,,,,,,,,,,,,,,,,,,,,,,,,,hotel,,,,,,,,
node/3372132837,node/3372132837,,,,,,,,,,,,,,,,,,,,,,,,,,,,,,,,,,,,,,,,,,,,,,,,,,,,,,,,,,,,,,,,,,,,,,,,,,,,,,Khách S?n Saigon Sports,,,,,,,Saigon Sports Hotel,,,,,,,,,,,,,,,,,,,,,,,,,,,,,,,,,,,,,,,,,,,,,,,,,,,,,,,,,,,,,,,,,,,,,,,,,,,,,,,,,,,,,,,,,,,,,,,,,,,,,hotel,,,,,,,,
node/3372136320,node/3372136320,,,,,,,,40/29,,,,Bui Vien,,,,,,,,,,,,,,,,,,,,,,,,,,,,,,,,,,,,,,,,,,,,,,,,,,,,,,,,,,,,,,,,,,Khách S?n Y?n Trang 2,,,,,,,,,,,,,,,,,,,,,,,,,,,,,,,,,,,,,,,,,,,,,,,,,,,,,,,,,,,,,,,,,,,,,,,,,,,,,,,,,,,,,,,,,,,,,,,,,,,,,,,,,,,,hotel,,,,,,,,
node/3372144541,node/3372144541,,,,,,,,"18",,,,???ng Bùi Vi?n,,,,,,,,,,,,,,,,,,,,,,,,,,,,,,,,,,,,,,,,,,,,,,,,,,,,,,,,,,,,,,,,,,Khách S?n H?nh Phúc,,,,,,,,,,,,,,,,,,,,,,,,,,,,,,,,,,,,,,,,,,,,,,,,,,,,,,,,,,,,,,,,,,,,,,,,,,,,,,,,,,,,,,,,,,,,,,,,,,,,,,,,,,,,hotel,,,,,,,,
node/3473953367,node/3473953367,,,,,,,,40/27,,,,Bui Vien,,,,,,,,,,,,,,,,,,,,,,,,,,,,,,,,,,,,,,,,,,,,,,,,,,,,,,,,,,,,,,,,,,Khách S?n Beautiful,,,,,,,,,,,,,,,,,,,,,,,,,,,,,,,,,,,,,,,,,,,,,,,,,,,,,,,,,,,,,,,,,,,,,,,,,,,,,,,,,,,,,,,,,,,,,,,,,,,,,,,,,,,,hotel,,,,,,,,
node/3473953368,node/3473953368,,,,,,,,40/23,,,,,,,,,,,,,,,,,,,,,,,,,,,,,,,,,,,,,,,,,,,,,,,,,,,,,,,,,,,,,,,,,,,,,,Khách S?n Kiên,,,,,,,,,,,,,,,,,,,,,,,,,,,,,,,,,,,,,,,,,,,,,,,,,,,,,,,,,,,,,,,,,,,,,,,,,,,,,,,,,,,,,,,,,,,,,,,,,,,,,,,,,,,,hotel,,,,,,,,
node/3473955574,node/3473955574,,,,,,,,40/31,,,,,,,,,,,,,,,,,,,,,,,,,,,,,,,,,,,,,,,,,,,,,,,,,,,,,,,,,,,,,,,,,,,,,,Khách S?n Cam,,,,,,,,,,,,,,,,,,,,,,,,,,,,,,,,,,,,,,,,,,,,,,,,,,,,,,,,,,,,,,,,,,,,,,,,,,,,,,,,,,,,,,,,,,,,,,,,,,,,,,,,,,,,hotel,,,,,,,,
node/3474017277,node/3474017277,,Ho Chi Minh City,,,,,,"252",,,,?? Thám,,,,,,,,,,,,,,,,,,,,,,,,,,,,,,,,,,,,,,,,,,,,,,,,,,,,,,,,,,,,,,,,,,Khách S?n Lan Anh,,,,,,,Lan Anh Hotel,,,,,,,,,,,,,,,,,,,,,,,,,,,,,,,,,,,,,,,,,,,,,,,,,,,,,,,,,,,,,,,,,,,,,,,,,,,,,,,,,,,,,,,,,,,,,,,,,,,,,hotel,,,,,,,,
node/3606992724,node/3606992724,,Saigon,,District 1,,,,"38",,,,Bùi Th? Xuân,,,,,,,,,,,,,,,,,,,,,,,,,,,,,,,,,,,,,,,,,,,,,,,,,,,,,,,,,,,,,,,,,,Khách S?n EdenStar Sài Gòn,,,,,,,,,,,,,,,,,,,,,,,,,,,,,,,,,,,,,,,,,,,,,,,,,,,,,,,,,,,,,,,,,,,,,,,,,,,,,,,,,,,,,,,,,,,,,,,,,,,,,,,,,,,,hotel,,,,,,,,
node/3638294208,node/3638294208,,,,,,,,,,,,,,,,,,,,school,,,,,,,,,,,,,,,,,,,,,,,,,,,,,,,,,school,,,,,,,,,,,,,,,,,,,,,,,,,Tr??ng Trung h?c c? s? V?n Lang,,,,,,,,,,,,,,,,,,,,,,,,,,,,,,,,,,,,,,,,,,,,,,,,,,,,,,,,,,,,,,,,,,,,,,,,,,,,,,,,,,,,,,,,,,,,,,,,,,,,,,,,,,,,,,,,,,,,
node/3764254757,node/3764254757,,Ho Chi Minh City,,,,,,"185",,,,H?m 28 Bùi Vi?n,,,,,,,,,,,,,,,,,,,,,,,,,,,,,,,,,,,,,,,,,,,,,,,,,,,,,,,,,,,,,,,,,,Khách S?n N Dung,,,,,,,,,,,,,,,,,,,,,,,,,,,,,,,,,,,,,,,,,,,,,,,,,,,,,,,,,,,,,,,,,,,,,,,,,,,,,,,,,,,,,,,,,,,,,,,,,,,,,,,,,,,,hotel,,,,,,,,
node/3806605582,node/3806605582,,,,,,,,373/10,,,,Pham Ngu Lao St.,,,,,,,,,,,,,,,,,,,,,,,,,,,,,,,,,,,,,,,,,,,,,,,,,,,,,,,,,,,,,,,,,,Khách S?n Long,,,,,,,,,,,,,,,,,,,,,,,,,,,,,,,,,,,,,,,,,,,,,,,,,,,,,,,,,,,,,,,,,,,,,,,,,,,,,,,,,,+84 8 3836 0184,,,,,,,,,,,,,,,,,,,,,,,,,,hotel,,,https://facebook.com/pages/Long-Guesthouse-Long-Hostel/222369797850812,,,,,
node/3806605583,node/3806605583,,,,,,,,,,,,,,,,,,,,,,,,Circle K,,,Q3268010,,,,,,,,,,,,,,,,,,,,,,,,,,,,,,,,,,,,,,,,,,,,,,,,,,,Circle K,,,,,,,,,,,,,,,,,,,,,,,,,,,,,,,,,,,,,,,,,,,,,,,,,,,,,,,,,,,,,,,,,,,,,,,,,,,,,,,,,,,,,,,,,,,,,,,convenience,,,,,,,,,,,,,,,,,,,,,
node/3806622346,node/3806622346,,,,,,,,,,,,,,,,,,,,,,,,Circle K,,,Q3268010,,,,,,,,,,,,,,,,,,,,,,,,,,,,,,,,,,,,,,,,,,,,,,,,,,,Circle K,,,,,,,,,,,,,,,,,,,,,,,,,,,,,,,,,,,,,,,,,,,,,,,,,,,,,,,,,,,,,,,,,,,,,,,,,,,,,,,,,,,,,,,,,,,,,,,convenience,,,,,,,,,,,,,,,,,,,,,
node/3806622348,node/3806622348,,,,,,,,,,,,,,,,,,,,,,,,FamilyMart,,,Q11247682,,,,,,,,,,,,,,,,,,,,,,,,,,,,,,,,,,,,,,,,,,,,,,,,,,,FamilyMart,,,,,,,,,,,,,,,,,,,,,,,,,,,,,,,,,,,,,,,,,,,,,,,,,,,,,,,,,,,,,,,,,,,,,,,,,,,,,,,,,,,,,,,,,,,,,,,convenience,,,,,,,,,,,,,,,,,,,,,
node/3806622349,node/3806622349,,,,,,,,,,,,,,,,,,,,,,,,Circle K,,,Q3268010,,,,,,,,,,,,,,,,,,,,,,,,,,,,,,,,,,,,,,,,,,,,,,,,,,,Circle K,,,,,,,,,,,,,,,,,,,,,,,,,,,,,,,,,,,,,,,,,,,,,,,,,,,,,,,,,,,,,,,,,,,,,,,,,,,,,,,,,,,,,,,,,,,,,,,convenience,,,,,,,,,,,,,,,,,,,,,
node/3806622351,node/3806622351,,,,,,,,373/11,,,,Pham Ngu Lao St,,,,,,,,,,,,,,,,,,,,,,,,,,,,,,,,,,,,,,,,,,,,,,,,,,,,,,,wlan,,,,,,,,,,,Khách S?n Khói,,,,,,,,,,,,,,,,,,,,,,,,,,,,,,,,,,,,,,,,,,,,,,,,,,,,,,,,,,,,,,,,,,,,,,,,,,,,,,,,,,,,,,,,,,,,,,,,,,,,,,,,,,,,hotel,,,,,,,,
node/3806622352,node/3806622352,,,,,,,,,,,,,,,,,,,,,,,,FamilyMart,,,Q11247682,,,,,,,,,2024/01/21,,,,,,,,,,,,,,,,,,,,,,,,,,,,,,,,,,,,,,"0",,,,FamilyMart,,,,,,,,,,,,,,,,,,,,,,,,,,,,,,,,,,,,,,,,,,,,,,,,,,,,,,,,,,,,,,,,yes,,,,,,,,,,yes,,,,,yes,,,,,,,,,,,,,,,,convenience,,,,,,,,,,,,,,,,,no,,,,
node/3806835482,node/3806835482,,,,,,,,22-36,,,,Nguy?n Hu?,,,,,,,,,,,,,,,,,,,,,,,,,,,,,,,,,,,,,,,,,,,,,,,,,,,,,,,,,,,,,,,,,,Khách S?n The Reverie SaiGon,,,,,,,,,,,,,,,,,,,,,,,,,,,,,,,,,,,,,,,,,,,,,,,,,,,,,,,,,,,,,,,,,,,,,,,,,,,,,,,,,,,,,,,,,,,,,,,,,,,,,,,,,,,,hotel,,,,,,,,
node/3899274114,node/3899274114,,,,,,,,,,,,,,,,,,,,,,,,Ministop,,,Q1038929,,,,,,,,,,,,,,,,,,,,,,,,,,,,,,,,,,,,,,,,,,,,,,,,,,,Ministop,,,,,,,,,,,,,,,,,,,,,,,,,,,,,,,,,,,,,,,,,,,,,,,,,,,,,,,,,,,,,,,,,,,,,,,,,,,,,,,,,,,,,,,,,,,,,,,convenience,,,,,,,,,,,,,,,,,,,,,
node/3899274115,node/3899274115,,,,,,,,,,,,,,,,,,,,,,,,,,,,,,,,,,,,,,,,,,,,,,,,,,,,,,,,,,,,,,,,,,,,,,,,,,,,,,Siêu Th? C&C,,,,,,,,,,,,,,,,,,,,,,,,,,,,,,,,,,,,,,,,,,,,,,,,,,,,,,,,,,,,,,,,,,,,,,,,,,,,,,,,,,,,,,,,,,,,,,,supermarket,,,,,,,,,,,,,,,,,,,,,
node/3928108846,node/3928108846,,,,,,,,,,,,,,,,,,,,,,,,,,,,,,,,,,,,,,,,,,,,,,,,,,,,,,,,,,,,,,,,,,,,,,,,,,,,,,Street Food Market,,,,,,,,,,,,,,,,,,,,,,,,,,,,,,,,,,,,,,,,,,,,,,,,,,,,,,,,,,,,,,,,,,,,,,,,,,,,,,,,,,,,,,,,,,,,,,,supermarket,,,,,,,,,,,,,,,,,,,,,
node/3938880925,node/3938880925,,,,,,,,92-94,,,,Ly Tu Trong,,,,,,,,,,,,,,,,,,,,,,,,,,,,,,,,,,,,,,,,,,,,,,,,,,,,,,,,,,,,,,,,,,Khách S?n GK Central,,,,,,,,,,,,,,,,,,,,,,,,,,,,,,,,,,,,,,,,,,,,,,,,,,,,,,,,,,,,,,,,,,,,,,,,,,,,,,,,,,+84 8 3823 8795,,,,,,,,,,,,,,,,,,,,,,,,,,hotel,,,https://gkcentralhotel.com/,,,,,
node/3945869998,node/3945869998,,,,,,,,50E,,,,Bùi Thi Xuân Street,,,,,,,,,,,,,,,,,,,,,,,,,,,,,,,,,,,,,,,,,,,,,,,,,,,,,,,,,,,,,,,,,,Khách S?n The Town House 50,,,,,,,,,,,,,,,,,,,,,,,,,,,,,,,,,,,,,,,,,,,,,,,,,,,,,,,,,,,,,,,,,,,,,,,,,,,,,,,,,,"08 39 250 210",,,,,,,,,,,,,,,,,,,,,,,,,,hotel,,,,,,,,
node/4069903577,node/4069903577,,Ho Chi Minh City,,,,,,,,,,,,,,,,,,,,,,,,,,,,,,,,,,,,,,,,,,,,,,,,,,,,"8",,,,,,,,,,,,,,,,,,,,,,,,Khách S?n Cap Town,,,,,,,,,,,,,,,,,,,,,,,,,,,,,,,,,,,,,,,,,,,,,,,,,,,,,,,,,,,,,,,,,,,,,,,,,,,,,,,,,,,,,,,,,,,,,,,,,,,,,,,,,,,,hotel,,,,,,,,
node/4104839265,node/4104839265,,,,,,,,,,,,,,,,,,,,,,,,FamilyMart,,,Q11247682,,,,,,,,,,,,,,,,,,,,,,,,,,,,,,,,,,,,,,,,,,,,,,,,,,,FamilyMart,,,,,,,,,,,,,,,,,,,,,,,,,,,,,,,,,,,,,,,,,,,,,,,,,,,,,,,,,,,,,,,,,,,,,,,,,,,,,,,,,,,,,,,,,,,,,,,convenience,,,,,,,,,,,,,,,,,,,,,
node/4117199797,node/4117199797,,,,,,,,12 ?????? + ????????,,,,K? Ð?ng,,,,,,,,,,,,,,,,,,,,,,,,,,,,,,,,,,,,,,,,,,,hotel@new pacific.vn,,,,,,,,,,,,wlan,,,,,,,,,,,Khách S?n 4 Sao New Pacific,,,,,,,,NEW PACIFIC HOTEL,,,,,,,,,,??? ?????? ???,,,,,,,,,,,,,,,,,,,,,,,,,,,,,,,,,,24/7,,,,,,,,,,,,,,,,,,,,,,,,,,,,,,"84835261788",,,,,,,,,,,,,,,,,,,,,,,,,,hotel,,,www.newpacific.vn,,,,,
node/4121579923,node/4121579923,,,,,,,,"28/12;175/21",,"70000",,"175/21 Pham Ngu Lao Street, Pham Ngu Lao Ward, District 1, Ho Chi Minh City",,,,,,,,,,,,,,,,,,,,,,,,,,,,,,,,,,,,,,,,,,,saigonedengarden2@gmail.com,,,,,,,,,,,,wlan,,,,,,,,,,,Khách S?n Eden Garden 2,,,,,,,,,,,,,,,,,,,,,,,,,,,,,,,,,,,,,,,,,,,,,,,,,,,,,,,,,,,,,,,,,,,,,,,,,,,,,,,,,,+84 8 38365254,,,,,,,,,,,,,,,,,,,,,,,,,,hotel,,,http://www.edengardenhotel2.com,,,,,
node/4127245590,node/4127245590,,,,,,,,,,,,,,,,,,,,,,,,FamilyMart,,,Q11247682,,,,,,,,,,,,,,,,,,,,,,,,,,,,,,,,,,,,,,,,,,,,,,,,,,,FamilyMart,,,,,,,,,,,,,,,,,,,,,,,,,,,,,,,,,,,,,,,,,,,,,,,,,,,,,,,,,,,,,,,,,,,,,,,,,,,,,,,,,,,,,,,,,,,,,,,convenience,,,,,,,,,,,,,,,,,,,,,
node/4131363694,node/4131363694,,,,,,,,176-181,,,,Hai Bà Tr?ng,,,,,,,,,,,,,,,,,,,,,,,,,,,,,,,,,,,,,,,,,,,,,,,,,,,,,,,,,,,,,,,,,,Trung Tâm Mua S?m Sài Gòn Square 3,,,,,,,,,,,,,,,,,,,,,,,,,,,,,,,,,,,,,,,,,,,,,,,,,,,,,,,,,,,,,,,,,,,,,,,,,,,,,,,,,,,,,,,,,,,,,,,supermarket,,,,,,,,,,,,,,,,,,,,,
node/4138575689,node/4138575689,,,,,,,,,,,,H? Th? K?,,,,,,,,marketplace,,,,,,,,,,,,,,,,,,,,,,,,,,,,,,,,,,,,,,,,,,,,,,,,,,,,,,,,,,Ch? Campuchia,,,,,,,,,,,,,,,,,,,,,,,,,,,,,,,,,,,,,,,,,,,,,,,,,,,,,,,,,,,,,,,,,,,,,,,,,,,,,,,,,,,,,,,,,,,,,,,,,,,,,,,,,,,,,,,,,,,,
node/4169434089,node/4169434089,,,,,,,,,,,,,,,,,,,,,,,,,,,,,,,,,,,,,,,,,,,,,,,,,,,,,,,,,,,,,,,,,,,,,,,,,,,,,,Suite Backpackers Inn,,,,,,,Suite Backpackers Inn,,,,,,,,,,,,,,,,,,,,,,,,,,,,,,,,,,,,,,,,,,,,,,,,,,,,,,,,,,,,,,,,,,,,,,,,,,,,,,,,,,,,,,,,,,,,,,,,,,,,,hotel,,,,,,,,
node/4193379889,node/4193379889,,,,,,,,,,,,,,,,,,,,,,,,,,,,,,,,,,,,,,,,,,,,,,,,,,,,,,,,,,,,,,,,,,,,,,,,,,,,,,Khách S?n Cinnamon,,,,,,,Cinnamon Hotel,,,,,,,,,,,,,,,,,,,,,,,,,,,,,,,,,,,,,,,,,,,,,,,,,,,,,,,,,,,,,,,,,,,,,,,,,,,,,,,,,,,,,,,,,,,,,,,,,,,,,hotel,,,,,,,,
node/4193547976,node/4193547976,,,,,,,,,,,,,,,,,,,,,,,,,,,,,,,,,,,,,,,,,,,,,,,,,,,,,,,,,,,,,,,,,,,,,,,,,,,,,,Shop&Go!,,,,,,,,,,,,,,,,,,,,,,,,,,,,,,,,,,,,,,,,,,,,,,,,,,,,,,,,,,,,,,,,,,,,,,,,,,,,,,,,,,,,,,,,,,,,,,,convenience,,,,,,,,,,,,,,,,,,,,,
node/4210808189,node/4210808189,,,,,,,,,,,,,,,,,,,,,,,,FamilyMart,,,Q11247682,,,,,,,,,,,,,,,,,,,,,,,,,,,,,,,,,,,,,,,,,,,,,,,,,,,FamilyMart,,,,,,,,,,,,,,,,,,,,,,,,,,,,,,,,,,,,,,,,,,,,,,,,,,,,,,,,,,,,,,,,,,,,,,,,,,,,,,,,,,,,,,,,,,,,,,,convenience,,,,,,,,,,,,,,,,,,,,,
node/4210808389,node/4210808389,,,,,,,,"22",,,,???ng Bùi Vi?n,,,,,,,,,,,,,,,,,,,,,,,,,,,,,,,,,,,,,,,,,,,,,,,,,,,,,,,,,,,,,,,,,,Khách S?n Hong Kong Kaiteki,,,,,,,,,,,,,,,,,,,,,,,,,,,,,,,,,,,,,,,,,,,,,,,,,,,,,,,,,,,,,,,,,,,,,,,,,,,,,,,,,,"+84838364904",,,,,,,,,,,,,,,,,,,,,,,,,,hotel,,,,,,,,
node/4213710995,node/4213710995,,,,,,,,"126",,HO CHI MINH,,Ð? Thám,,,,,,,,,,,,,,,,,,,,,,,,,,,,,,,,,,,,,,,,,,,,,,,,,,,,,,,,,,,,,,,,,,Khách S?n Ava 2,,,,,,,,,,,,,,,,,,,,,,,,,,,,,,,,,,,,,,,,,,,,,,,,,,,,24/7,,,,,,,,,,,,,,,,,,,,,,,,,,,,,,,,,,,,,,,,,,,,,,,,,,,,,,,,hotel,,,,,,,,
node/4214941891,node/4214941891,,Ho Chi Minh City,,"1",,,,135-137,,"70000",,Lý T? Tr?ng,Ben Thanh,,,,,,,,,,,,,,,,,,,,,,,,,,,,,,,,,,,,,,,,,,,,,,,,,,,,,,wlan,,,,,,,,,,,Khách S?n Sunrise Central,,,,,,,,,,,,,,,,,,,,,,,,,,,,,,,,,,,,,,,,The newly renovated hotel in 2016,,,,,,,,,,,,,,,,,,,,,,,,,,,,,,,,,,,,,,,,,,+84-8-38234370,,,,,,,,"79",,,,,,,,,,,"3",,,,,,,hotel,,,https://www.sunrisecentralhotel.com,,,,,
node/4224939598,node/4224939598,,,,,,,,66-70,,,,Ð?ng Kh?i,,,,,,,,,,,,,,,,,,,,,,,,2024/10/09,,,,,,,,,,,,,,,,,,,,,,,,,,,,,,,,,,,,,,,,,,Khách S?n H??ng Sen,,,,,,,,,,,,,,,,,,,,,,,,,,,,,,,,,,,,,,,,,,,,,,,,,,,,,,,,,,,,,,,,,,,,,,,,,,,,,,,,,,,,,,,,,,,,,,,,,,,,,,,,,,,,hotel,,,,,,,,
node/4242786289,node/4242786289,,,,,,,,,,,,,,,,,,,,,,,,,,,,,,,,,,,,,,,,,,,,,,,,,,,,,,,,,,,,,,,,,,,wlan,,,,,,,,,,,Khách S?n Compass Park View,,,,,,,Compass Park View Hotel,,,,,,,,,,,,,,,,,,,,,,,,,,,,,,,,,,,,,,,,,,,,,,,,,,,,,,,,,,,,,,,,,,,,,,,,,,,,,,,,,,,,,,,,,,,,,,,,,,,,,hotel,,,,,,,,
node/4250039390,node/4250039390,,,,,,,,,,,,,,,,,,,,,,,,,,,,,,,,,,,,,,,,,,,,,,,,,,,,,,,,,,,,,,,,,,,,,,,,,,,,,,? ????,,,,,,,,,,,,,,,,,,,,,,,,,,,,,,,,,,,,,,,,,,,,,,,,,,,,,,,,,,,,,,,,,,,,,,,,,,,,,,,,,,,,,,,,,,,,,,,,,,,,,,,,,,,,hotel,,,,,,,,
node/4254655893,node/4254655893,,,,,,,,18-20,,,,???ng Nguy?n Thái H?c,,,,,,,,,,,,,,,,,,,,,,,,,,,,,,,,,,,,,,,,,,,info@leduyhotel.com.vn,,,,,,,,,,,,wlan,,,,,,,,,,,Khách S?n Lê Duy,,,,,,,Le Duy Hotel,,,,,,,,,,,,,,,,,,,,,,,,,,,,,,,,,,,,,,,,,,,,,24/7,,LE DUY,,,,,,,,,,,,,,,,,,,,,,,,,,,,"+84839252090",,,,,,,,,,,,,,,,,,,,,,,,,,hotel,,,leduyhotel.com.vn,,,,,
node/4256038989,node/4256038989,,,,,,,,353/28,,,,Pham Ngu Lao,,,,,,,,,,,,,,,,,,,,,,,,,,,,,,,,,,,,,,,,,,,,,,,,,,,,,,,,,,,,,,,,,,Khách S?n Cát Huy,,,,,,,,,,,,,,,,,,,,,,,,,,,,,,,,,,,,,,,,,,,,,,,,,,,,,,,,,,,,,,,,,,,,,,,,,,,,,,,,,,"0839208716",,,,,,,,,,,,,,,,,,,,,,,,,,hotel,,,,,,,,
node/4259829690,node/4259829690,,,,,,,,,,,,H?m 40 Bùi Vi?n,,,,,,,,,,,,,,,,,,,,,,,,,,,,,,,,,,,,,,,,,,,,,,,,,,,,,,,wlan,,,,,,,,,,,,,,,,,,,,,,,,,,,,,,,,,,,,,,,,,,,,,,,,,,,,,,,,,,,,,,,,,,,,,,,,,,,,,,,,,,,,,,,,,,,,,,,,,,,,,,,,,,,,,,,,,,,,,,,hotel,,,,,,,,
node/4283882989,node/4283882989,,,,,,,,,,,,,,,,,,,,,,,,,,,,,,,,,,,,,,,,,,,,,,,,,,,,,,,,,,,,,,,,,,,,,,,,,,,,,,Khách S?n 68,,,,,,,,,,,,,,,,,,,,,,,,,,,,,,,,,,,,,,,,,,,,,,,,,,,,,,,,,,,,,,,,,,,,,,,,,,,,,,,,,,,,,,,,,,,,,,,,,,,,,,,,,,,,hotel,,,,,,,,
node/4283890192,node/4283890192,,,,,,,,,,,,,,,,,,,,,,,,,,,,,,,,,,,,,,,,,,,,,,,,,,,,,,,,,,,,,,,,,,,,,,,,,,,,,,Khách S?n Saga,,,,,,,,,,,,,,,,,,,,,,,,,,,,,,,,,,,,,,,,,,,,,,,,,,,,,,,,,,,,,,,,,,,,,,,,,,,,,,,,,,,,,,,,,,,,,,,,,,,,,,,,,,,,hotel,,,,,,,,
node/4316938489,node/4316938489,,,,,,,,,,,,,,,,,,,,,,,,,,,,,,,,,,,,,,,,,,,,,,,,,,,,,,,,,,,,,,,,,,,wlan,,,,,,,,,,,Khách S?n Quy Thanh,,,,,,,Quy Thanh,,,,,,,,,,,,,,,,,,,,,,,,,,,,,,,,,,,,,,,,,,,,,,,,,,,,,,,,,,,,,,,,,,,,,,,,,,,,,,,,,,,,,,,,,,,,,,,,,,,,,hotel,,,,,,,,
node/4329767988,node/4329767988,,,,,,,,"44",,,,Lê Thanh Ton,,,,,,,,,,,,,,,,,,,,,,,,,,,,,,,,,,,,,,,,,,,,,,,,,,,,,,,,,,,,,,,,,,Khách S?n The Spring,,,,,,,,,,,,,,,,,,,,,,,,,,,,,,,,,,,,,,,,,,,,,,,,,,,,,,,,,,,,,,,,,,,,,,,,,,,,,,,,,,"0838297362",,,,,,,,,,,,,,,,,,,,,,,,,,hotel,,,https://www.springhotelvietnam.com/,,,,,
node/4333190490,node/4333190490,,,,,,,,,,,,H?m 40 Bùi Vi?n,,,,,,,,,,,,,,,,,,,,,,,,,,,,,,,,,,,,,,,,,,,,,,,,,,,,,,,,,,,,,,,,,,Khách S?n Y?n,,,,,,,,,,,,,,,,,,,,,,,,,,,,,,,,,,,,,,,,,,,,,,,,,,,,,,,,,,,,,,,,,,,,,,,,,,,,,,,,,,,,,,,,,,,,,,,,,,,,,,,,,,,,hotel,,,,,,,,
node/4335923590,node/4335923590,,,,,,,,"54",,,,Ký Con,,,,,,,,,,,,,,,,,,,,,,,,,,,,,,,,,,,,,,,,,,,,,,,,,,,,,,,wlan,,,,,,,,,,,Khách S?n Blue River 2,,,,,,,,,,,,,,,,,,,,,,,,,,,,,,,,,,,,,,,,,,,,,,,,,,,,24/7,,,,,,,,,,,,,,,,,,,,,,,,,,,,,,,,,,,,,,,,,,,,,,,,,,,,,,,,hotel,,,,,,,,
node/4337995789,node/4337995789,,,,,,,,,,,,,,,,,,,,,,,,,,,,,,,,,,,,,,,,,,,,,,,,,,,,,,,,,,,,,,,,,,,,,,,,,,,,,,Nhà Khách Thanh,,,,,,,Thanh Guesthouse,,,,,,,,,,,,,,,,,,,,,,,,,,,,,,,,,,,,,,,,,,,,,,,,,,,,,,,,,,,,,,,,,,,,,,,,,,,,,,,,,,,,,,,,,,,,,,,,,,,,,hotel,,,,,,,,
node/4360863889,node/4360863889,,,,,,,,,,,,,,,,,,,,,,,,,,,,,,,,,,,,,,,,,,,,,,,,,,,,,,,,,,,,,,,,,,,,,,,,,,,,,,Khách S?n Hoàng Liên,,,,,,,,,,,,,,,,,,,,,,,,,,,,,,,,,,,,,,,,,,,,,,,,,,,,,,,,,,,,,,,,,,,,,,,,,,,,,,,,,,,,,,,,,,,,,,,,,,,,,,,,,,,,hotel,,,,,,,,
node/4394277991,node/4394277991,,,,,,,,"709",,,,Lê H?ng Phong,,,,,,,,,,,,,,,,,,,,,,,,,,,,,,,,,,,,,,,,,,,,,,,,,,,,,,,,,,,,,,,,,,Khác S?n Minh Minh Tâm,,,,,,,,,,,,,,,,,,,,,,,,,,,,,,,,Minh minh tam Hotel,,,,,,,,,,,,,,,,,,,,Mo-Su 10:00-03:00,,,,,,,,,,,,,,,,,,,,,,,,,,,,,,+84-8-38-68-3858,,,,,,,,,,,,,,,,,,,,,,,,,,hotel,,,,,,,,
node/4398590291,node/4398590291,,,,,,,,"12",,,,R?ch Bùng Binh,,,,,,,,,,,,,,,,,,,,,,,,,,,,,,,,,,,,,,,,,,,,,,,,,,,,,,,wlan,,,,,,,,,,,Miquafood,,,,,,,,,,,,,,,,,,,,,,,,,,,,,,,,Miquafood12,,,,,,,,,,,,,,,,,,,,Mo-Sa 08:00-06:00,,,,,,,,,,,,,,,,,,,,,,,,,,,,,,"0839351797",,,,,,,,,,,,,convenience,,,,,,,,,,,,,,,,http://miquafood.com,,,,,
node/4399059692,node/4399059692,,,,,,,,,,,,,,,,,,,,,,,,,,,,,,,,,,,,,,,,,,,,,,,,,,,,,,,,,,,,,,,,,,,,,,,,,,,,,,Khách S?n Huy L?c 1,,,,,,,,,,,,,,,,,,,,,,,,,,,,,,,,,,,,,,,,,,,,,,,,,,,,,,,,,,,,,,,,,,,,,,,,,,,,,,,,,,,,,,,,,,,,,,,,,,,,,,,,,,,,hotel,,,,,,,,
node/4409228348,node/4409228348,,,,,,,,,,,,,,,,,,,,,,,,,,,,,,,,,,,,,,,,,,,,,,,,,,,,,,,,,,,,,,,,,,,,,,,,,,,,,,,,,,,,,,,,,,,,,,,,,,,,,,,,,,,,,,,,,,,,,,,,,,,,,,,,,,,,,,,,,,,,,,,,,,,,,,,,,,,,,,,,,,,,,,,,,,,,,,,,,,,,,,,,,,hotel,,,,,,,,
node/4468090696,node/4468090696,,,,,,,,,,,,,,,,,,,,,,,,,,,,,,,,,,,,,,,,,,,,,,,,,,,,,,,,,,,,,,,,,,,,,,,,,,,,,,Khách S?n Vi?n ?ông,,,,,,,,,,,,,,,,,,,,,,,,,,,,,,,,,,,,,,,,,,,,,,,,,,,,,,,,,,,,,,,,,,,,,,,,,,,,,,,,,,,,,,,,,,,,,,,,,,,,,,,,,,,,hotel,,,,,,,,
node/4469923095,node/4469923095,,,,,,,,,,,,Lê V?n S?,,,,,,,,school,,,,,,,,,,,,,,,,,,,,,,,,,,,,,,,,,,,,,,,,,,,,,,,,,,,,,,,,,,Tr??ng Ti?u H?c Tr??ng Minh Giang,,,,,,,,,,,,,,,,,,,,,,,,,,,,,,,,,,,,,,,,,,,,,,,,,,,,,,,,,,,,,,,,,,,,,,,,,,,,,,,,,,,,,,,,,,,,,,,,,,,,,,,,,,,,,,,,,,,,
node/4470672789,node/4470672789,,,,,,,,287 - 289,,,,???ng Ph?m Ng? Lão,,,,,,,,,,,,,,,,,,,,,,,,,,,,,,,,,,,,,,,,,,,,,,,,,,,,,,,,,,,,,,,,,,Khách S?n La Felix,,,,,,,,La Felix Hotel,,,,,,,,,,,,,,,,,,,,,,,,La Felix Hotel,,,,,,,,,,,,,,,,,,,,,,,,,,,,,,,,,,,,,,,,,,,,,,,,,,,,,,,,,,,,,,,,,,,,,,,,,,,,hotel,,,,,,,,
node/4513506112,node/4513506112,,TP.HCM,,,,,,"160",,,,"Bùi Th? Xuân, P.Ph?m Ng? Lão, Q.1",,,,,,,,,,,,FamilyMart,,,Q1191685,,,,,,,,,,,,,,,,,,,,,,,,,,,,,,,,,,,,,,,,,,,,,,,,,,,FamilyMart,,,,,,,,,,,,,,,,,,,,,,,,,,,,,,,,,,,,,,,,,,,,,,,,,,,,,,,,,,,,,,,,,,,,,,,,,,,,,,,,,,,,,,,,,,,,,,,convenience,,,,,,,,,,,,,,,,,,,,,
node/4530261654,node/4530261654,,,,,,,,"202",,,,???ng Lê Thánh Tôn,,,,,,,,,,,,,,,,,,,,,,,,,,,,,,,,,,,,,,,,,,,,,,,,,,,,,,,,,,,,,,,,,,Khách S?n Anpha Boutique,,,,,,,,,,,,,,,,,,,,,,,,,,,,,,,,,,,,,,,,,,,,,,,,,,,,,,,,,,,,,,,,,,,,,,,,,,,,,,,,,,"08 3823 8890",,,,,,,,,,,,,,,,,,,,,,,,,,hotel,,,https://www.anphaboutiquehotel.com/,,,,,
node/4554207189,node/4554207189,,,,,,,,,,,,,,,,,,,,,,,,Circle K,,,Q3268010,,,,,,,,,,,,,,,,,,,,,,,,,,,,,,,,,,,,,,,,,,,,,,,,,,,Circle K,,,,,,,Circle K,,,,,,,,,,,,,,,,,,,,,,,,,Circle K,,,,,,,,,,,,,,,,,,,,,,,,,,,,,,,,,,,,,,,,,,,,,,,,,,,,,,,,,,,,,,,convenience,,,,,,,,,,,,,,,,,,,,,
node/4556153193,node/4556153193,,,,,,,,,,,,,,,,,,,,,,,,Circle K,,,Q3268010,,,,,,,,,,,,,,,,,,,,,,,,,,,,,,,,,,,,,,,,,,,,,,,,,,,Circle K,,,,,,,Circle K,,,,,,,,,,,,,,,,,,,,,,,,,Circle K,,,,,,,,,,,,,,,,,,,,24/7,,,,,,,,,,,,,,,,,,,,,,,,,,,,,,,,,,,,,,,,,,,convenience,,,,,,,,,,,,,,,,,,,,,
node/4576658289,node/4576658289,,,,,,,,6/18,,,,???ng Cách M?ng Tháng Tám,,,,,,,,,,,,,,,,,,,,,,,,,,,,,,,,,,,,,,,,,,,hoteltuananh168@gmail.com,,,,,,,,,,,,wlan,,,,,,,,,,,,,,,,,,Phan Long Hotel,Phan Long Hotel,,,,,,,,,,,,,,,,,,,,,,,,,,,,,,,,,,,,,,,,,,,,24/7,,,,,,,,,,,,,,,,,,,,,,,,,,,,,,"+84838251561",,,,,,,,,,,,,,,,,,,,,,,,,,hotel,,,,,,,,
node/4594306989,node/4594306989,,,,,,,,,,,,,,,,,,,,,,,,,,,,,,,,,,,,,,,,,,,,,,,,,,,,,,,,,,,,,,,,,,,,,,,,,,,,,,C?a Hàng Ti?n L?i B's Mart,,,,,,,,,,,,,,,,,,,,,,,,,,,,,,,,,,,,,,,,,,,,,,,,,,,,,,,,,,,,,,,,,,,,,,,,,,,,,,,,,,,,,,,,,,,,,,,convenience,,,,,,,,,,,,,,,,,,,,,
node/4596372690,node/4596372690,,Ho Chi Minh City,,Quan 1,,,,,,"710200",,Võ V?n Ki?t,Ph??ng Cô Giang,,,,,,,,,,,,,,,,,,,,,,,,,,,,,,,,,,,,,,,,,,,,,,,,,,,,,,,,,,,,,,,,,Trung Tâm Mua S?m Russian,,,,,,,,RUSSIAN Clothes Market,,,,,,,,Pasar Rusia,,,,,,,,,,,??????? ?????,,,,,Ch? Nga,,,?????,,?????,,,,,,,,,,,,,,,Mo-Su 09:00-21:00,,,,,,,,,,,,yes,,,,,,,,,,,,,,,,,,,,,,,,,,,,,,,mall,,,,,,,,,,,,,,,,,,,,,
node/4598094590,node/4598094590,,,,,,,,,,"70000",,"18/12 Pham Ngu Lao Street, Pham Ngu Lao Ward, District 1, Ho Chi Minh City",,,,,,,,,,,,,,,,,,,,,,,,,,,,,,,,,,,,,,,,,,,saigonedengarden@gmail.com,,,,,,,,,,,,wlan,,,,,,,,,,,Khách S?n Eden Garden,,,,,,,,,,,,,,,,,,,,,,,,,,,,,,,,,,,,,,,,,,,,,,,,,,,,,,,,,,,,,,,,,,,,,,,,,,,,,,,,,,+84 8 39204899,,,,,,,,,,,,,,,,,,,,,,,,,,hotel,,,http://www.edengardenhotel.com,,,,,
node/4601742491,node/4601742491,,,,,,,,102/1,,,,C?ng Qu?nh,,,,,,,,,,,,,,,,,,,,,,,,,,,,,,,,,,,,,,,,,,,sales@greensuiteshotel.com,,,,,,,,,,,,wlan,,,,,,,,,,,Khách S?n Green Suites,,,,,,,,Green Suites Hotel,,,,,,,,,,,,,,,,,,,,,,,,,,,,,,,,,,,,,,,,,,,,,,,,,,,,,,,,,,,,,,,,,,,,,,,,,,"+84838365400",,,,,,,,,,,,,,,,,,,,,,,,,,hotel,,,http://www.greensuiteshotel.com,,,,,
node/4605398390,node/4605398390,,,,,,,,59/10,,,,???ng H? H?o H?n,,,,,,,,,,,,,,,,,,,,,,,,,,,,,,,,,,,,,,,,,,,,,,,,,,,,,,,,,,,,,,,,,,Khách S?n Nguy?t Vân,,,,,,,,,,,,,,,,,,,,,,,,,,,,,,,,,,,,,,,,,,,,,,,,,,,,,,,,,,,,,,,,,,,,,,,,,,,,,,,,,,,,,,,,,,,,,,,,,,,,,,,,,,,,hotel,,,,,,,,
node/4612104689,node/4612104689,,,,,,,,"34",,,,M?c Th? B??i,,,,,,,,,,,,,,,,,,,,,,,,,,,,,,,,,,,,,,,,,,,,,,,,,,,,,,,,,,,,,,,,,,Pearl Central Hotel,,,,,,,,,,,,,,,,,,,,,,,,,,,,,,,,,,,,,,,,,,,,,,,,,,,,,,,,,,,,,,,,,,,,,,,,,,,,,,,,,,,,,,,,,,,,,,,,,,,,,,,,,,,,hotel,,,,,,,,
node/4617175606,node/4617175606,,,,,,,,,,,,,,,,,,,,marketplace,,,,,,,,,,,,,,,,,,,,,,,,,,,,,,,,,,,,,,,,,,,,,,,,,,,,,,,,,,Ch? Chi?u,,,,,,,,,,,,,,,,,,,,,,,,,,,,,,,,,,,,,,,,,,,,,,,,,,,,,,,,,,,,,,,,,,,,,,,,,,,,,,,,,,,,,,,,,,,,,,,,,,,,,,,,,,,,,,,,,,,,
node/4625280796,node/4625280796,,,,,,,,"6",,,,Thái V?n Lung,,,,,,,,,,,,,,,,,,,,,,,,,,,,,,,,,,,,,,,,,,,,,,,,,,,,,,,wlan,,,,,,,,,,,Hotel Saigon,,,,,,,,,,,,,,,,,,,,,,,,,,,,,,,,,,,,,,,,,,,,,,,,,,,,,,,,,,,,,,,,,,,,,,,,,,,,,,,,,,,,,,,,,,,,,,,,,,,,,,,,,,,,hotel,,,,,,,,
node/4661759792,node/4661759792,,,,,,,,,,,,???ng Tr?n Bình Tr?ng,,,,,,,,,,,,,,,,,,,,,,,,,,,,,,,,,,,,,,,,,,,,,,,,,,,,,,,,,,,,,,,,,,,,,,,,,,Auchan,,,,,,,,,,,,,,,,,,,????,,,,,,,,,,,,,,,,,,,,,,,,,,,,,,,,,,,,,,,,,,,,,,,,,,,,,,,,,,,,,,,,,,,,supermarket,,,,,,,,,,,,,,,,,,,,,
node/4690069290,node/4690069290,,,,,,,,,,,,,,,,,,,,,,,,,,,,,,,,,,,,,,,,,,,,,,,,,,,,,,,,,,,,,,,,,,,,,,,,,,,,,,,,,,,,,,Lucy Saigon Hotel,,,,,,,,,,,,,,,,,,,,,,,,,,,,,,,,,,,,,,,,,,,,24/7,,,,,,,,,,,,,,,,,,,,,,,,,,,,,,,,,,,,,,,,,,,,,,,,,,,,,,,,hotel,,,,,,,,
node/4703397492,node/4703397492,,,,,,,,14/3M,,,,???ng Nguy?n Thái H?c,,,,,,,,,,,,,,,,,,,,,,,,,,,,,,,,,,,,,,,,,,,,,,,,,,,,,,,wlan,,,,,,,,,,,,,,,,,,,Cheerful House,,,,,,,,,,,,,,,,,,,,,,,,,,,,,,,,,,,,,,,,,,,,,,,,,,,,,,,,,,,,,,,,,,,,,,,,,,+84 91 5534480,,,,,,,,,,,,,,,,,,,,,,,,,,hotel,,,,,,,,
node/4703402190,node/4703402190,,,,,,,,,,,,,,,,,,,,,,,,,,,,,,,,,,,,,,,,,,,,,,,,,,,,,,,,,,,,,,,,,,,wlan,,,,,,,,,,,,,,,,,,,Golden Wind Hotel,,,,,,,,,,,,,,,,,,,,,,,,,,,,,,,,,,,,,,,,,,,,,,,,,,,,,,,,,,,,,,,,,,,,,,,,,,,,,,,,,,,,,,,,,,,,,,,,,,,,hotel,,,,,,,,
node/4703407590,node/4703407590,,,,,,,,,,,,,,,,,,,,,,,,Circle K,,,Q3268010,,,,,,,,,,,,,,,,,,,,,,,,,,,,,,,,,,,,,,,,,,,,,,,,,,,Circle K,,,,,,,,Circle K,,,,,,,,,,,,,,,,,,,,,,,,,,,,,,,,,,,,,,,,,,,,24/7,,,,,,,,,,,,,,,,,,,,,,,,,,,,,,,,,,,,,,,,,,,convenience,,,,,,,,,,,,,,,,https://www.circlek.com.vn/,,,,,
node/4706148389,node/4706148389,,,,,,,,,,,,,,,,,,,,,,,,,,,,,,,,,,,,,,,,,,,,,,,,,,,,,,,,,,,,,,,,,,,,,,,,,,,,,,Jovia Hotel,,,,,,,,,,,,,,,,,,,,,,,,,,,,,,,,,,,,,,,,,,,,,,,,,,,,,,,,,,,,,,,,,,,,,,,,,,,,,,,,,,,,,,,,,,,,,,,,,,,,,,,,,,,,hotel,,,,,,,,
node/4708271589,node/4708271589,,,,,,,,,,,,,,,,,,,,,,,,,,,,,,,,,,,,,,,,,,,,,,,,,,,,,,,,,,,,,,,,,,,,,,,,,,,,,,Khách S?n Lee,,,,,,,,,,,,,,,,,,,,,,,,,,,,,,,,Lee Hostel,,,,,,,,,,,,,,,,,,,,,,,,,,,,,,,,,,,,,,,,,,,,,,,,,,,,,,,,,,,,,,,,,,,,,,,,,,,,hotel,,,,,,,,
node/4713002589,node/4713002589,,,,,,,,,,,,,,,,,,,,,,,,,,,,,,,,,,,,,,,,,,,,,,,,,,,,,,,,,,,,,,,,,,,wlan,,,,,,,,,,,Khách S?n Beautiful Saigon 3,,,,,,,,,,,,,,,,,,,,,,,,,,,,,,,,Beautiful Saigón 3 Hotel,,,,,,,,,,,,,,,,,,,,,,,,,,,,,,,,,,,,,,,,,,,,,,,,,,,,,,,,,,,,,,,,,,,,,,,,,,,,hotel,,,,,,,,
node/4716032289,node/4716032289,,,,,,,,"171",,,,???ng Ph?m Ng? Lão,,,,,,,,,,,,,,,,,,,,,,,,,,,,,,,,,,,,,,,,,,,,,,,,,,,,,,,wlan,,,,,,,,,,,Khách S?n Le Le,,,,,,,,,,,,,,,,,,,,,,,,,,,,,,,,Le Le Hotel,,,,,,,,,,,,,,,,,,,,,,,,,,,,,,,,,,,,,,,,,,,,,,,,,,,,,,,,,,,,,,,,,,,,,,,,,,,,hotel,,,,,,,,
node/4716084691,node/4716084691,,,,,,,,219/26,,,,"Pham Ngu Lao, Stadtbezirk 1",,,,,,,,,,,,,,,,,,,,,,,,,,,,,,,,,,,,,,,,,,,,,,,,,,,,,,,wlan,,,,,,,,,,,thu?n ??c,,,,,,,,Thuan Duc Hotel,,,,,,,,,,,,,,,,,,,,,,,,,,,,,,,,,,,,,,,,,,,,,,,,,,,,,,,,,,,,,,,,,,,,,,,,,,,,,,,,,,,,,,,,,,,,,,,,,,,,hotel,,,,,,,,
node/4757339545,node/4757339545,,,,,,,,18/153,,,,Tr??ng Sa,,,,,,,,,,,,,,,,,,,,,,,,,,,,,,,,,,,,,,,,,,,,,,,,,,,,,,,,,,,,,,,,,,C?a Hàng T?p Hóa Út Nga,,,,,,,,,,,,,,,,,,,,,,,,,,,,,,,,,,,,,,,,,,,,,,,,,,,,,,,,,,,,,,,,,,,,,,,,,,,,,,,,,,,,,,,,,,,,,,,convenience,,,,,,,,,,,,,,,,,,,,,
node/4770705423,node/4770705423,,,,,,,,"50",,,,???ng Cô Giang,,,,,,,,,,,,,,,,,,,,,,,,,,,,,,,,,,,,,,,,,,,,,,,,,,,,,,,wlan,,,,,,,,,,,Khách S?n Tyna,,,,,,,,,,,,,,,,,,,,,,,,,,,,,,,,,,,,,,,,,,,,,,,,,,,,,,,,,,,,,,,,,,,,,,,,,,,,,,,,,,,,,,,,,,,,,,,,,,,,,,,,,,,,hotel,,,,,,,,
node/4804324721,node/4804324721,,,,,,,,,,,,,,,,,,,,,,,,,,,,,,,,,,,,,,,,,,,,,,,,,,,,,,,,,,,,,,,,,,,,,,,,,,,,,,,,,,,,,,Saigon Cosy Hotel,,,,,,,,,,,,,,,,,,,,,,,,,,,,,,,,,,,,,,,,,,,,,,,,,,,,,,,,,,,,,,,,,,,,,,,,,,,,,,,,,,,,,,,,,,,,,,,,,,,,hotel,,,,,,,,
node/4805126021,node/4805126021,,,,,,,,,,,,,,,,,,,,,,,,,,,,,,,,,,,,,,,,,,,,,,,,,,,,,,,,,,,,,,,,,,,,,,,,,,,,,,Trung Tâm Th??ng M?i Sense Market,,,,,,,,Sense Market,,,,,,,,,,?????????,,,,,,,,,,,,,,,,,,,,,,,,,,,,,,,,,,Mo-Su 10:00-22:30,,,,,,,,,,,,,,,,,,,,,,,,,,,,,,,,,,,,,,,,,,,supermarket,,,,,,,,,,,,,,,,,,,,,
node/4810932163,node/4810932163,,,,,,,,,,,,,,,,,,,,,,,,,,,,,,,,,,,,,,,,,,,,,,,,,,,,,,,,,,,,,,,,,,,,,,,,,,,,,,Khách S?n Ruby River,,,,,,,,,,,,,,,,,,,,,,,,,,,,,,,,,,,,,,,,,,,,,,,,,,,,,,,,,,,,,,,,,,,,,,,,,,,,,,,,,,,,,,,,,,,,,,,,,,,,,,,,,,,,hotel,,,,,,,,
node/4831809622,node/4831809622,,,,,,,,,,,,H?m 171 Cô B?c,,,,,,,,,,,,,,,,,,,,,,,,,,,,,,,,,,,,,,,,,,,guesthousecaliforniasaigon@yahoo.com,,,,,,,,,,,,wlan,,,,,,,,,,,Khách S?n California,,,,,,,,,,,,,,,,,,,,,,,,,,,,,,,,,,,,,,,,,,,,,,,,,,,,24/7,,Tom Crawford,,,,,,,,,,,,,,,,,,,,,,,,,,,,"+840838378885",,,,,,,,,,,,,,,,,,,,,,,,,,hotel,,,,,,,,
node/4836654587,node/4836654587,,,,,,,,"320",,"700900",,28/....,,,,,,,,,,,,,,,,,,,,,,,,,,,,,,,,,,,,,,,,,,,,,,,,,,,,,,,,,,,,,,,,,,,,,,,,,,Funny Guesthouse,,,,,,,,,,,,,,,,,,,,,,,,,,,,,,,,,,,,,,,,,,,,,,,,,,,,,,,,,,,,,,,,,,,,,,,,,,,,,,,,,,,,,,,,,,,,,,,,,,,,hotel,,,,,,,,
node/4846792121,node/4846792121,,,,,,,,217/34/6,,,,???ng Ð? Thám,,,,,,,,,,,,,,,,,,,,,,,,,,,,,,,,,,,,,,,,,,,tungn1603@gmail.com,,,,,,,,,,,,wlan,,,,,,,,,,,,,,,,,,,Minnie & Beau Hotel,,,,,,,,,,,,,,,,,,,,,,,,,,,,,,,,,,,,,,,,,,,,,,,,,,,,,,,,,,,,,,,,,,,,,,,,,,"0909271618",,,,,,,,,,,,,,,,,,,,,,,,,,hotel,,,,,,,,
node/4855613962,node/4855613962,,Saigon,,Quan 1,,,,"18",,,,Bùi Th? Xuân,,,,,,,,,,,,,,,,,,,,,,,,,,,,,,,,,,,Newly renovated 2-star hotel,,,,,,,,,,,,,,,,,,,,wlan,no,,,,,,,,,,Khách S?n Little Brick,,,,,,,,,,,,,,,,,,,,,,,,,,,,,,,,,,,,,,,,,,,,,,,,,,,,,,,,,,,,,,,,,,,,,,,,,,,,,,,,,,84 8 39253738,,,,,,,,,,,,,,,,,outside,,,,,,,,,hotel,,,,,,,,
node/4875439724,node/4875439724,,,,,,,,,,,,,,,,,,,,,,,,,,,,,,,,,,,,,,,,,,,,,,,,,,,,,,,,,,,,,,,,,,,,,,,,,,,,,,Khách S?n C Central,,,,,,,,,,,,,,,,,,,,,,,,,,,,,,,,,,,,,,,,,,,,,,,,,,,,,,,,,,,,,,,,,,,,,,,,,,,,,,,,,,,,,,,,,,,,,,,,,,,,,,,,,,,,hotel,,,,,,,,
node/4875563424,node/4875563424,,,,,,,,"61",,,,H? Tùng M?u,,,,,,,,,,,,,,,,,,,,,,,,,,,,,,,,,,,,,,,,,,,,,,,,,,,,,,,,,,,,,,,,,,Thi's Market,,,,,,,,,,,,,,,,,,,,,,,,,,,,,,,,,,,,,,,,,,,,,,,,,,,,,,,,,,,,,,,,,,,,,,,,,,,,,,,,,,,,,,,,,,,,,,,supermarket,,,,,,,,,,,,,,,,,,,,,
node/4882823421,node/4882823421,,,,,,,,"329",,,,???ng Tr?n H?ng Ð?o,,,,,,,,,,,,,,,,,,,,,,,,,,,,,,,,,,,,,,,,,,,,,,,,,,,,,,,,,,,,,,,,,,Siêu Th? Ti?n L?i US,,,,,,,,US.Mart,,,,,,,,,,,,,,,,,,,,,,,,,,,,,,,,,,,,,,,,,,,,,,,,,,,,,,,,,,,,,,,,,,,,,,,,,,"02838385455",,,,,,,,,,,,,supermarket,,,,,,,,,,,,,,,,,,,,,
node/4919152721,node/4919152721,,,,,,,,35/5,,,,Bùi Vi?n,,,,,,,,,,,,,,,,,,,,,,,,,,,,,,,,,,,,,,,,,,,,,,,,,,,,,,,,,,,,,,,,,,Khách S?n Lily's,,,,,,,,,,,,,,,,,,,,,,,,,,,,,,,,Lily's Hostel Correct,,,,,,,,,,,,,,,,,,,,,,,,,,,,,,,,,,,,,,,,,,,,,,,,,,,,,,,,,,,,,,,,,,,,,,,,,,,,hotel,,,,,,,,
node/4953509843,node/4953509843,,,,,,,,,,,,,,,,,,,,,,,,,,,,,,,,,,,,,,,,,,,,,,,,,,,,,,,,,,,,,,,,,,,,,,,,,,,,,,Khách S?n Fullmoon,,,,,,,,,,,,,,,,,,,,,,,,,,,,,,,,Fullmoon,,,,,,,,,,,,,,,,,,,,,,,,,,,,,,,,,,,,,,,,,,,,,,,,,,,,,,,,,,,,,,,,,,,,,,,,,,,,hotel,,,,,,,,
node/4958749023,node/4958749023,,,,,,,,,,,,,,,,,,,,,,,,,,,,,,,,,,,,,,,,,,,,,,,,,,,,,,,,,,,,,,,,,,,,,,,,,,,,,,Khách S?n Song Anh,,,,,,,,,,,,,,,,,,,,,,,,,,,,,,,,Song Anh Hotel,,,,,,,,,,,,,,,,,,,,,,,,,,,,,,,,,,,,,,,,,,,,,,,,,,,,,,,,,,,,,,,,,,,,,,,,,,,,hotel,,,,,,,,
node/4982574354,node/4982574354,,Ho Chi Minh City,,,,,,100/2,,,,Tran Hung Dao,,,,,,,,,,,,,,,,,,,,,,,,,,,,,,,,,,,,,,,,,,,,,,,,,,,,,,,wired,no,,,,,,,,,,Khách S?n Sasa,,,,,,,,,,,,,,,,,,,,,,,,,,,,,,,,,,,,,,,,,,,,,,,,,,,,,,,,,,,,,,,,,,,,,,,,,,,,,,,,,,,,,,,,,,,,,,,,,,,,,,,,,,,,hotel,,,,,,,,
node/5000953821,node/5000953821,,,,,,,,"194",,,,???ng Hoàng Di?u,,,,,,,,,,,VN,Ministop,,,Q1038929,,,,,,,,,,,,,,,,,,,,,,,,,,,,,,,,,,,,,,,,,,,,,,,,,,,Ministop,,,,,,,,,,,,,,,,,,,,,,,,,,,,,,,,,,,,,,,,,,,,,,,,,,,,,,,,,,,,,,,,,,,,,,,,,,,,,,,,,,,,,,,,,,,,,,,convenience,,,,,,,,,,,,,,,,,,,,,
node/5003536419,node/5003536419,,,,,,,,,,,,,,,,,,,,,,,,Circle K,,,Q3268010,,,,,,,,,,,,,,,,,,,,,,,,,,,,,,,,,,,,,,,,,,,,,,,,,,,Circle K,,,,,,,,,,,,,,,,,,,,,,,,,,,,,,,,,,,,,,,,,,,,,,,,,,,,,,,,,,,,,,,,,,,,,,,,,,,,,,,,,,,,,,,,,,,,,,,convenience,,,,,,,,,,,,,,,,,,,,,
node/5006380623,node/5006380623,,,,,,,,,,,,,,,,,,,,,,,,WinMart+,,,Q113236478,,,,,,,,,,,,,,,,,,,,,,,,,,,,,,,,,,,,,,,,,,,,,,,,,,,WinMart+,,,,,,,,,,,,,,,,,,,,,,,,,,,,,,,,VinMart +,,,,,,,,,,,,,,,,,,,,Mo-Su 06:00-22:00,,,,,,,,,,,,,,,,,,,,,,,,,,,,,,,,,,,,,,,,,,,convenience,,,,,,,,,,,,,,,,,,,,,
node/5013211424,node/5013211424,,,,,,,,"177",,,,Cao Th?ng,,,,,,,,school,,,,,,,,,,,,,,,,,,,,,,,,,,,,,,,,,,,,,,,,,,,,,,,,,,,,,,,,,,Tr??ng Qu?c T? Á Châu,,,,,,,,,,,,,,,,,,,,,,,,,,,,,,,,,,,,,,,,,,,,,,,,,,,,,,,,,,,,,,,,,,,,,,,,,,,,,,,,,,,,,,,,,,,,,,,,,,,,,,,,,,,,,,,,,,,,
node/5033848321,node/5033848321,,,,,,,,"270",,,,Lê Thánh Tôn,,,,,,,,,,,,,,,,,,,,,,,,,,,,,,,,,,,,,,,,,,,,,,,,,,,,,,,wlan,,,,,,,,,,,Khách S?n Platinum,,,,,,,,,,,,,,,,,,,,,,,,,,,,,,,,Platinum Hotel,,,,,,,,,,,,,,,,,,,,,,,,,,,,,,,,,,,,,,,,,,,,,,,,,,,,,,,,,,,,,,,,,,,,,,,,,,,,hotel,,,,,,,,
node/5035996621,node/5035996621,,,,,,,,"91",,,,3 Tháng 2,,,,,,,,college,,,,,,,,,,,,,,,,,,,,,,,,,,,,,,,,,,,,,,,,,,,,,,,,,,,,,,,,,,Tr??ng ??i H?c Kinh T? - CFVG,,,,,,,,,,,,,,,,,,,,,,,,,,,,,,,,,,,,,,,,,,,,,,,,,,,,,,,,,,,,,,,,,,,,,,,,,,,,,,,,,,,,,,,,,,,,,,,,,,,,,,,,,,,,,,,,,,,,
node/5040316799,node/5040316799,,,,,,,,"302",,,,???ng Võ V?n Ki?t,,,,,,,,,,,,,,,,,,,,,,,,,,,,,,,,,,,,,,,,,,,,,,,,,,,,,,,,,,,,,,,,,,Khách S?n Sunland,,,,,,,,,,,,,,,,,,,,,,,,,,,,,,,,,,,,,,,,,,,,,,,,,,,,,,,,,,,,,,,,,,,,,,,,,,,,,,,,,,+84 28 3838 9922,,,,,,,,,,,,,,,,,,,,,,,,,,hotel,,,sunlandhotel.vn,,,,,
node/5040415528,node/5040415528,,,,,,,,"469",,,,???ng Lê H?ng Phong,,,,,,,,school,,,,,,,,,,,,,,,,,,,,,,,,,,,,,,,,,,,,,,,,,,,,,,,,,,,,,,,,,,Trung Tâm Giáo d?c th??ng xuyên Qu?n 10,,,,,,,,,,,,,,,,,,,,,,,,,,,,,,,,,,,,,,,,,,,,,,,,,,,,,,,,,,,,,,,,,,,,,,,,,,,,,,,,,,,,,,,,,,,,,,,,,,,,,,,,,,,,,,,,,,,,
node/5087568412,node/5087568412,,Thành ph? H? Chí Minh,,Qu?n 1,,,,"19",,,,?ông Du,Ph??ng B?n Nghé,,,,,,,,,,,,,,,,,,,,,,,,,,,,,,,,,,,,,,,,,,info@cameliasaigonhotel.com,,,,,,,,,,,,wlan,no,CAMELIA SAIGON HOTEL,,,,,,,,,Camelia Central Saigon Hotel,,,,,,,,,,,,,,,,,,,,,,,,,,,,,,,,,,,,,,,,,,,,,,,,,,,,,,,,,,,,,,,,,,,,,,,,,,,,,,,,,,(84-8) 38 24 5555,,,,,,,,,,,,,,,,,,,"3",,,,,,,hotel,,,,,,,,
node/5100639721,node/5100639721,,,,,,,,,,,,,,,,,,,,cafe,,,,,,,,,,,,,,,,,,,,,,,,"coffee_shop;tea",,,,,,,,,,,,,,,,,,,,,,,,,,,,,,,,,,,,,,,,,,"Hotel Hoàng Minh;Luke’s Cafe",,,,,,,,,,,,,,,,,,,,,,,,,,,,,,,,,,,,,,,,,,,,,,,,,,,,,,,,,,,,,,,,,,,,,,,,,,,,,,,,,,,,,,,,,,,,,,,,,,,,hotel,,,,,,,,
node/5134726824,node/5134726824,,,,,,,,,,,,,,,,,,,,,,,,Circle K,,,Q3268010,,,,,,,,,,,,,,,,,,,,,,,,,,,,,,,,,,,,,,,,,,,,,,,,,,,Circle K,,,,,,,,,,,,,,,,,,,,,,,,,,,,,,,,,,,,,,,,,,,,,,,,,,,,24/7,,,,,,,,,,,,,,,,,,,,,,,,,,,,,,,,,,,,,,,,,,,convenience,,,,,Mapillary,,,,,,,,,,,,,,,,
node/5134726829,node/5134726829,,,,,,,,,,,,,,,,,,,,,,,,,,,,,,,,,,,,,,,,,,,,,,,,,,,,,,,,,,,,,,,,,,,,,,,,,,,,,,,,,,,,,,,,,,,,,,,,,,,,,,,,,,,,,,,,,,,,,,,,,,,,,,,,,,,,,,,,,,,,,,,,,,,,,,,,,,,,,,,,,,,,,,,,,,,,,,,,,,Mapillary,,,,,,,,hotel,,,,,,,,
node/5140936621,node/5140936621,,,,,,,,"210",,,,???ng Cô B?c,,,,,,,,,,,,FamilyMart,,,Q11247682,,,,,,,,,,,,,,,,,,,,,,,,,,,,,,,,,,,,,,,,,,,,,,,,,,,FamilyMart,,,,,,,,Family Mart,,,,,,,,,,,,,,,,,,,,,,,,,,,,,,,,,,,,,,,,,,,,24/7,,,,,,,,,,,,,,,,,,,,,,,,,,,,,,"0312283473",,,,,,,,,,,,,convenience,,,,,,,,,,,,,,,,,,,,,
node/5154306121,node/5154306121,,,,,,,,,,,,"252 ?? Thám, Ph?m Ng? Lão",,,,,,,,,,,,,,,,,,,,,,,,,,,,,,,,,,,,,,,,,,,,,,,,,,,,,,,,,,,,,,,,,,Khách S?n Lan Anh,,,,,,,,,,,,,,,,,,,,,,,,,,,,,,,,,,,,,,,,,,,,,,,,,,,,24/7,,,,,,,,,,,,,,,,,,,,,,,,,,,,,,"+84388661299",,,,,,,,,,,,,,,,,,,,,,,,,,hotel,,,,,,,,
node/5171270524,node/5171270524,,,,,,,,,,,,,,,,,,,,,,,,,,,,,,,,,,,,,,,,,,,,,,,,,,,,,,,,,,,,,,,,,,,,,,,,,,,,,,Khách S?n Elios,,,,,,,,,,,,,,,,,,,,,,,,,,,,,,,,Elios,,,,,,,,,,,,,,,,,,,,,,,,,,,,,,,,,,,,,,,,,,,,,,,,,,,,,,,,,,,,,,,,,,,,,,,,,,,,hotel,,,,,,,,
node/5177410121,node/5177410121,,,,,,,,18-20,,,,???ng Nguy?n Thái H?c,,,,,,,,,,,,,,,,,,,,,,,,,,,,,,,,,,,,,,,,,,,,,,,,,,,,,,,wlan,,,,,,,,,,,Khách S?n Lê Duy,,,,,,,,,,,,,,,,,,,,,,,,,,,,,,,,,,,,,,,,,,,,,,,,,,,,24/7,,,,,,,,,,,,,,,,,,,,,,,,,,,,,,,,,,,,,,,,,,,,,,,,,,,,,,,,hotel,,,,,,,,
node/5181409924,node/5181409924,,,,,,,,,,,,,,,,,,,,,,,,,,,,,,,,,,,,,,,,,,,,,,,,,,,,,,,,,,,,,,,,,,,,,,,,,,,,,,,,,,,,,,Prague hôtel,,,,,,,,,,,,,,,,,,,,,,,,,,,,,,,,,,,,,,,,,,,,,,,,,,,,,,,,,,,,,,,,,,,,,,,,,,,,,,,,,,,,,,,,,,,,,,,,,,,,hotel,,,,,,,,
node/5219805621,node/5219805621,,,,,,,,15-19,,,,Nguy?n An Ninh,,,,,,,,,,,,,,,,,,,,,,,,,,,,,,,,,,,,,,,,,,,,,,,,,,,,,,,,,,,,,,,,,,,,,,,,,OMG Skybar - Tan Hai Long Hotel,,,,,,,,,,,,,,,,,,,,,,,,,,,,,,,,,,,,,,,,,,,,,,,,,,,,,,,,,,,,,,,,,,,,,,,,,,,,,,,,,,,,,,,,,,,,,,,,,,,,,hotel,,,https://www.facebook.com/OMGSAIGON,,,,,
node/5231849321,node/5231849321,,,,,,,,,,,,Lý Chính Th?ng,,,,,,,,college,,,,,,,,,,,,,,,,,,,,,,,,,,,,,,,,,,,,,,,,,,,,,,,,,,,,,,,,,,,,,,,,,,Broward College,,,,,,,,,,,,,,,,,,,,,,,,,,,,,,,,,,,,,,,,,,,,,,,,,,,,,,,,,,,,,,,,,,,,,,,,,,,,,,,,,,,,,,,,,,,,,,,,,,,,,,,,,,,,
node/5247153223,node/5247153223,,,,,,,,,,,,,,,,,,,,,,,,,,,,,,,,,,,,,,,,,,,,,,,,,,,,,,,,,,,,,,,,,,,,,,,,,,,,,,Khách s?n The Myst ??ng Kh?i,,,,,,,,The Myst Dong Khoi,,,,,,,,,,? ??? ????,,,,,,,,,,,,,,,,,,,,,,,,,,,,,,,,,,,,,,,,,,,,,,,,,,,,,,,,,,,,,,,,,,,,,,,,,,,,,,,,,,,,,,,,,,hotel,,,,,,,,
node/5274814121,node/5274814121,,,,,,,,,,,,,,,,,,,,,,,,,,,,,,,,,,,,,,,,,,,,,,,,,,,,,,,,,,,,,,,,,,,,,,,,,,,,,,Nhà Khách Tao ?àn,,,,,,,,,,,,,,,,,,,,,,,,,,,,,,,,,,,,,,,,,,,,,,,,,,,,,,,,,,,,,,,,,,,,,,,,,,,,,,,,,,,,,,,,,,,,,,,,,,,,,,,,,,,,hotel,,,,,,,,
node/5291462621,node/5291462621,,,,,,,,217/19,,,,???ng Ð? Thám,,,,,,,,,,,,,,,,,,,,,,,,,,,,,,,,,,,,,,,,,,,,,,,,,,,,,,,wlan,,,,,,,,,,,Khách S?n Thanh Liêm,,,,,,,,,,,,,,,,,,,,,,,,,,,,,,,,,,,,,,,,,,,,,,,,,,,,,,,,,,,,,,,,,,,,,,,,,,,,,,,,,,"0908144333",,,,,,,,,,,,,,,,,,,,,,,,,,hotel,,,,,,,,
node/5304711822,node/5304711822,,,,,,,,,,,,,,,,,,,,,,,,,,,,,,,,,,,,,,,,,,,,,,,,,,,,,,,,,,,,,,,,,,,,,,,,,,,,,,Khách S?n Cat,,,,,,,,,,,,,,,,,,,,,,,,,,,,,,,,,,,,,,,,,,,,,,,,,,,,,,,,,,,,,,,,,,,,,,,,,,,,,,,,,,,,,,,,,,,,,,,,,,,,,,,,,,,,hotel,,,,,,,,
node/5306526021,node/5306526021,,,,,,,,,,,,,,,,,,,,,,,,,,,,,,,,,,,,,,,,,,,,,,,,,,,,,,,,,,,,,,,,,,,wlan,,,,,,,,,,,Khách S?n Ng?c Linh 2,,,,,,,,,,,,,,,,,,,,,,,,,,,,,,,,,,,,,,,,,,,,,,,,,,,,,,,,,,,,,,,,,,,,,,,,,,,,,,,,,,,,,,,,,,,,,,,,,,,,,,,,,,,,hotel,,,,,,,,
node/5313354622,node/5313354622,,,,,,,,,,,,,,,,,,,,,,,,7-Eleven,,,Q259340,,,,,,,,,,,,,,,,,,,,,,,,,,,,,,,,,,,,,,,,,,,,,,,,,,,7-Eleven,,,,,,,,7 eleven,,,,,,,,,,,,,,,,,,,,,,,,,,,,,,,,,,,,,,,,,,,,,,,,,,,,,,,,,,,,,,,,,,,,,,,,,,,,,,,,,,,,,,,convenience,,,,,,,,,,,,,,,,,,,,,
node/5313399422,node/5313399422,,,,,,,,,,,,,,,,,,,,,,,,7-Eleven,,,Q259340,,,,,,,,,,,,,,,,,,,,,,,,,,,,,,,,,,,,,,,,,,,,,,,,,,,7-Eleven,,,,,,,,7 eleven,,,,,,,,,,,,,,,,,,,,,,,,,,,,,,,,,,,,,,,,,,,,,,,,,,,,,,,,,,,,,,,,,,,,,,,,,,,,,,,,,,,,,,,convenience,,,,,,,,,,,,,,,,,,,,,
node/5316003321,node/5316003321,,,,,,,,,,,,,,,,,,,,restaurant,,,,,,,,,,,,,,,,,,,,,,,,"burger;sandwich;international;tea;seafood;coffee_shop;asian;pasta;noodles;pancake;pizza;vietnamese",,,,,,,,,,,,,,,,,,,,,,,wlan,,,,,,,,,,,,,,,,,,,Ngoc hue,,,,,,,,,,,,,,,,,,,,,,,,,,,,,,,,,,,,,,,,,,,,,,,,,,,,,,,,,,,,,,,,,,,,,,,,,,,,,,,,,,,,,,,supermarket,,,,,,,,,,,,,hotel,,,,,,,,
node/5318386724,node/5318386724,,,,,,,,,,,,,,,,,,,,,,,,7-Eleven,,,Q259340,en:7-Eleven,,,,,,,,,,,,,,,,,,,,,,,,,,,,,,,,,,,,,,,,,,,,,,,,,,7-Eleven,,,,,,,,7-Eleven,,,,,,,,,,,,,,,,,,,,,,,,,,,,,,,,,,,,,,,,,,,,,,,,,,,,,,,,,,,,,,,,,,,,,,,,,,,,,,,,,,,,,,,convenience,,,,,,,,,,,,,,,,,,,,,
node/5318386725,node/5318386725,,,,,,,,,,,,,,,,,,,,,,,Nguy?n Du,FamilyMart,,,Q11247682,,,,,,,,,,,,,,,,,,,,,,,,,,,,,,,,,,,,,,,,,,,,,,,,,,,FamilyMart,,,,,,,,family mart,,,,,,,,,,,,,,,,,,,,,,,,,,,,,,,,,,,,,,,,,,,,,,,,,,,,,,,,,,,,,,,,,,,,,,,,,,,,,,,,,,,,,,,convenience,,,,,,,,,,,,,,,,,,,,,
node/5330376521,node/5330376521,,,,,,,,,,,,,,,,,,,,,,,,FamilyMart,,,Q11247682,,,,,,,,,,,,,,,,,,,,,,,,,,,,,,,,,,,,,,,,,,,,,,,,,,,FamilyMart,,,,,,,,,,,,,,,,,,,,,,,,,,,,,,,,,,,,,,,,,,,,,,,,,,,,,,,,,,,,,,,,,,,,,,,,,,,,,,,,,,,,,,,,,,,,,,,convenience,,,,,,,,,,,,,,,,,,,,,
node/5330376621,node/5330376621,,,,,,,,29-31,,,,Bùi Th? Xuân,,,,,,,,,,,,,,,,,,,,,,,,,,,,,,,,,,,,,,,,,,,,,,,,,,,,,,,wlan,,,,,,,,,,,Khách S?n Hoàng Ngân,,,,,,,,,,,,,,,,,,,,,,,,,,,,,,,,,,,,,,,,,,,,,,,,,,,,,,,,,,,,,,,,,,,,,,,,,,,,,,,,,,"08 3925 1879",,,,,,,,,,,,,,,,,,,,,,,,,,hotel,,,https://www.hoangnganhotel.com.vn/,,,,,
node/5331271922,node/5331271922,,,,,,,,86-88,,,,Bùi Th? Xuân,,,,,,,,,,,,,,,,,,,,,,,,,,,,,,,,,,,,,,,,,,,,,,,,,,,,,,,wlan,,,,,,,,,,,Khách S?n Queen Ann,,,,,,,,,,,,,,,,,,,,,,,,,,,,,,,,,,,,,,,,,,,,,,,,,,,,,,,,,,,,,,,,,,,,,,,,,,,,,,,,,,,,,,,,,,,,,,,,,,,,,,,,,,,,hotel,,,,,,,,
node/5350664472,node/5350664472,,Ho Chi Minh City,,Quan Binh Thanh,,,,"70",,,,Tr?n Quang Kh?i,,,,,,,,school,,,,,,,,,,,,,,,,,,,,,,,,,,,,,,,,,school,,,,,,,,,,,,,,,,,,,,,,,,,,,,,,,,,Language,,,,,,,,,,,,,,,,,,,,,,,,,,,,,,,,,,,,,,,,,,,,,,,,,,,,,,,,,,,,,,,,,,,,,,,,,,,,,,,,,,,,,,,,,,,,,,,,,,,,,,,,,,,,
node/5350664478,node/5350664478,,,,,,,,,,,,,,,,,,,,,,,,,,,,,,,,,,,,,,,,,,,,,,,,,,,,,,,,,,,,,,,,,,,,,,,,,,,,,,,,,,,,,,,,,,,,,,,,,,,,,,,,,,,,,,,,,,,,,,,,,,,,,,,,,,,,,,,,,,,,,,,,,,,,,,,,,,,,,,,,,,,,,,,,,,,,,,,,,,,,,,,,,,hotel,,,,,,,,
node/5350664482,node/5350664482,,Ho Chi Minh City,,,,,,"3",,,,Tr?n Kh?c Chân,,,,,,,,,,,,,,,,,,,,,,,,,,,,,,,,,,,,,,,,,,,,,,,,,,,,,,,,,,,,,,,,,,Khách S?n Du Xuân,,,,,,,,,,,,,,,,,,,,,,,,,,,,,,,,,,,,,,,,,,,,,,,,,,,,,,,,,,,,,,,,,,,,,,,,,,,,,,,,,,,,,,,,,,,,,,,,,,,,,,,,,,,,hotel,,,,,,,,
node/5350664490,node/5350664490,,,,,,"403 Hai Bà Tr?ng, Ph??ng 8, Qu?n 3, TPHCM",,"403",,,,Hai Bà Tr?ng,,,,,,VinMart+ 403 Hai Bà Tr?ng,,,,,,WinMart+,,,Q113236478,,,,,,,,,,,,,,,,,,,,,,,,,,,,,,,,,,,,,,,,,,,,,,,,,,,WinMart+,,,,,,,,,,,,,,,,,,,,,,,,,,,,,,,,,,,,,,,,,,,,,,,,,,,,,,,,,,,,,,,,,,,,,,,,,,,,,,,,,,"862916177",,,,,,,,,,,,,convenience,,,,,,,,,,,,,,,,http://www.vinmartplus.vn,,,,,
node/5350664497,node/5350664497,,,,,,,,,,,,,,,,,,,,,,,,,,,,,,,,,,,,,,,,,,,,,,,,,,,,,,,,,,,,,,,,,,,,,,,,,,,,,,7-Eleven,,,,,,,,,,,,,,,,,,,,,,,,,,,,,,,,,,,,,,,,,,,,,,,,,,,,24/7,,,,,,,,,,,,,,,,,,,,,,,,,,,,,,,,,,,,,,,,,,,convenience,,,,,,,,,,,,,,,,,,,,,
node/5350664500,node/5350664500,,,,,,,,,,,,,,,,,,,,,,,,,,,,,,,,,,,,,,,,,,,,,,,,,,,,,,,,,,,,,,,,,,,,,,,,,,,,,,C?a Hàn Ti?n L?i B's Mart,,,,,,,,,,,,,,,,,,,,,,,,,,,,,,,,,,,,,,,,,,,,,,,,,,,,,,,,,,,,,,,,,,,,,,,,,,,,,,,,,,,,,,,,,,,,,,,convenience,,,,,,,,,,,,,,,,,,,,,
node/5350682972,node/5350682972,,,,,,,,,,,,,,,,,,,,,,,,WinMart+,,,Q113236478,,,,,,,,,,,,,,,,,,,,,,,,,,,,,,,,,,,,,,,,,,,,,,,,,,,WinMart+,,,,,,,,,,,,,,,,,,,,,,,,,,,,,,,,,,,,,,,,,,,,,,,,,,,,,,,,,,,,,,,,,,,,,,,,,,,,,,,,,,,,,,,,,,,,,,,convenience,,,,,,,,,,,,,,,,,,,,,
node/5352258699,node/5352258699,,,,,,,,,,,,,,,,,,,,,,,,WinMart+,,,Q113236478,,,,,,,,,,,,,,,,,,,,,,,,,,,,,,,,,,,,,,,,,,,,,,,,,,,WinMart+,,,,,,,,,,,,,,,,,,,,,,,,,,,,,,,,,,,,,,,,,,,,,,,,,,,,,,,,,,,,,,,,,,,,,,,,,,,,,,,,,,,,,,,,,,,,,,,convenience,,,,,,,,,,,,,,,,,,,,,
node/5352258705,node/5352258705,,,,,,,,,,,,,,,,,,,,,,,,,,,,,,,,,,,,,,,,,,,,,,,,,,,,,,,,,,,,,,,,,,,,,,,,,,,,,,Co.op Food,,,,,,,,,,,,,,,,,,,,,,,,,,,,,,,,,,,,,,,,,,,,,,,,,,,,,,,,,,,,,,,,,,,,,,,,,,,,,,,,,,,,,,,,,,,,,,,supermarket,,,,,,,,,,,,,,,,,,,,,
node/5352258723,node/5352258723,,,,,,,,,,,,,,,,,,,,,,,,,,,,,,,,,,,,,,,,,,,,,,,,,,,,,,,,,,,,,,,,,,,,,,,,,,,,,,C?a Hàng Ti?n L?i B's Mart,,,,,,,,,,,,,,,,,,,,,,,,,,,,,,,,,,,,,,,,,,,,,,,,,,,,,,,,,,,,,,,,,,,,,,,,,,,,,,,,,,,,,,,,,,,,,,,convenience,,,,,,,,,,,,,,,,,,,,,
node/5382455323,node/5382455323,,,,,,,,,,,,,,,,,,,,,,,,,,,,,,,,,,,,,,,,,,,,,,,,,,,,,,,,,,,,,,,,,,,,,,,,,,,,,,S?p Khô H?i Ph??ng,,,,,,,,,,,,,,,,,,,,,,,,,,,,,,,,,,,,,,,,,,,,,,,,,,,,,,,,,,,,,,,,,,,,,,,,,,,,,,,,,,,,,,,,,,,,,,,supermarket,,,,,,,,,,,,,,,,,,,,,
node/5403567021,node/5403567021,,,,,,,,"49",,,,H?m 373 Ph?m Ng? Lão,,,,,,,,,,,,,,,,,,,,,,,,,,,,,,,,,,,,,,,,,,,,,,,,,,,,,,,,,,,,,,,,,,Khách S?n Khói 2,,,,,,,,,,,,,,,,,,,,,,,,,,,,,,,,,,,,,,,,,,,,,,,,,,,,,,,,,,,,,,,,,,,,,,,,,,,,,,,,,,,,,,,,,,,,,,,,,,,,,,,,,,,,hotel,,,,,,,,
node/5404586822,node/5404586822,,,,,,,,,,,,"76 78 Nguyen Thi Minh Khai Str, District 3, ph??ng 6, Qu?n 3, H? Chí Minh 070000, Vietnam",,,,,,,,,,,,,,,,,,,,,,,,,,,,,,,,,,,,,,,,,,,,,,,,,,,,,,,wlan,,,,,,,,,,,Khách S?n Hotel Des Arts Saigon,,,,,,,,Hotel des Arts,,,,,,,,,,,,,,,,,,,,,,,,,,,,,,,,,,,,,,,,,,,,,,,,,,,,,,,,,,,,,,,,,,,,,,,,,,+84 28 3989 8888,,,,,,,,,,,,,,,,,,,,,,,,,,hotel,,,https://www.accorhotels.com/gb/hotel-9231-hotel-des-arts-saigon-mgallery-collection/index.shtml,,,,,
node/5406943021,node/5406943021,,,,,,,,,,,,,,,,,,,,,,,,Circle K,,,Q3268010,,,,,,,,,,,,,,,,,,,,,,,,,,,,,,,,,,,,,,,,,,,,,,,,,,,Circle K,,,,,,,,,,,,,,,,,,,,,,,,,,,,,,,,,,,,,,,,,,,,,,,,,,,,,,,,,,,,,,,,,,,,,,,,,,,,,,,,,,,,,,,,,,,,,,,convenience,,,,,,,,,,,,,,,,,,,,,
node/5409166922,node/5409166922,,,,,,,,,,,,,,,,,,,,,,,,,,,,,,,,,,,,,,,,,,,,,,,,,,,,,,,,,,,,,,,,,,,wlan,,,,,,,,,,,Khách S?n Giang S?n 2,,,,,,,,Giang Son Hotel 2,,,,,,,,,,,,,,,,,,,,,,,,,,,,,,,,,,,,,,,,,,,,,,,,,,,,,,,,,,,,,,,,,,,,,,,,,,,,,,,,,,,,,,,,,,,,,,,,,,,,hotel,,,,,,,,
node/5413989621,node/5413989621,,,,,,,,,,,,,,,,,,,,,,,,,,,,,,,,,,,,,,,,,,,,,,,,,,,,,,,,,,,,,,,,,,,wlan,,,,,,,,,,,,,,,,,,,Bali B Hotel,,,,,,,,,,,,,,,,,,,,,,,,,,,,,,,,,,,,,,,,,,,,24/7,,,,,,,,,,,,,,,,,,,,,,,,,,,,,,,,,,,,,,,,,,,,,,,,,,,,,,,,hotel,,,,,,,,
node/5416310313,node/5416310313,,,,,,,,,,,,,,,,,,,,,,,,Ministop,,,Q1038929,,,,,,,,,,,,,,,,,,,,,,,,,,,,,,,,,,,,,,,,,,,,,,,,,,,Ministop,,,,,,,,MiniStop,,,,,,,,,,,,,,,,,,,,,,,,,,,,,,,,,,,,,,,,,,,,24/7,,,,,,,,,,,,,,,,,,,,,,,,,,,,,,,,,,,,,,,,,,,convenience,,,,,,,,,,,,,,,,,,,,,
node/5416326459,node/5416326459,,,,,,,,,,,,,,,,,,,,,,,,FamilyMart,,,Q11247682,,,,,,,,,,,,,,,,,,,,,,,,,,,,,,,,,,,,,,,,,,,,,,,,,,,FamilyMart,,,,,,,,,,,,,,,,,,,,,,,,,,,,,,,,,,,,,,,,,,,,,,,,,,,,,,,,,,,,,,,,,,,,,,,,,,,,,,,,,,"0312283473",,,,,,,,,,,,,convenience,,,,,,,,,,,,,,,,,,,,,
node/5434955021,node/5434955021,,,,,,,,,,,,,,,,,,,,,,,,,,,,,,,,,,,,,,,,,,,,,,,,,,,,,,,,,,,,,,,,,,,,,,,,,,,,,,Khách S?n Aloha Saigon,,,,,,,,,,,,,,,,,,,,,,,,,,,,,,,,,,,,,,,,,,,,,,,,,,,,,,,,,,,,,,,,,,,,,,,,,,,,,,,,,,,,,,,,,,,,,,,,,,,,,,,,,,,,hotel,,,,,,,,
node/5468383325,node/5468383325,,,,,,,,267-269,,,,???ng Lê Thánh Tôn,,,,,,,,,,,,,,,,,,,,,,,,,,,,,,,,,,,,,,,,,,,info@hongthienloc2hotel.com,,,,,,,,,,,,wlan,,,,,,,,,,,,,,,,,,,Blessing Central Hotel,,,,,,,,,,,,,,,,,,,,,,,,,,,,,,,,,,,,,,,,,,,,,,,,,,,,,,,,,,,,,,,,,,,,,,,,,,,,,,,,,,,,,,,,,,,,,,,,,,,,hotel,,,http://www.hongthienloc2hotel.com,,,,,
node/5500075523,node/5500075523,,,,,,,,,,,,,,,,,,,,,,,,,,,,,,,,,,,,,,,,,,,,,,,,,,,,,,,,,,,,,,,,,,,,,,,,,,,,,,Khách S?n Silverland Y?n,,,,,,,,Silverland Yen Hotel,,,,,,,,,,,,,,,,,,,,,,,,,,,,,,,,,,,,,,,,,,,,,,,,,,,,,,,,,,,,,,,,,,,,,,,,,,,,,,,,,,,,,,,,,,,,,,,,,,,,hotel,,,,,,,,
node/5513665621,node/5513665621,,,,,,,,,,,,,,,,,,,,,,,,,,,,,,,,,,,,,,,,,,,,,,,,,,,,,,,,,,,,,,,,,,,,,,,,,,,,,,Khách S?n Thiên H?i,,,,,,,,,,,,,,,,,,,,,,,,,,,,,,,,,,,,,,,,,,,,,,,,,,,,,,,,,,,,,,,,,,,,,,,,,,,,,,,,,,,,,,,,,,,,,,,,,,,,,,,,,,,,hotel,,,,,,,,
node/5559613621,node/5559613621,,,,,,,,,,,,,,,,,,,,,,,,,,,,,,,,,,,,,,,,,,,,,,,,,,,,,,,,,,,,,,,,,,,,,,,,,,,,,,,,Cititel Saigon,,,,,,,,,,,,,,,,,,,,,,,,,,,,,,,,,,,,,,,,,,,,,,,,,,,,,,,,,,,,,,,,,,,,,,,,,,,,,,,,,,,,,,,,,,,,,,,,,,,,,,,,,,hotel,,,,,,,,
node/5559637423,node/5559637423,,,,,,,,,,,,,,,,,,,,,,,,,,,,,,,,,,,,,,,,,,,,,,,,,,,,,,,,,,,,,,,,,,,,,,,,,,,,,,,,,,,,,,frutas,,,,,,,,,,,,,,,,,,,,,,,,,,,,,,,,,,,,,,,,,,,,,,,,,,,,,,,,,,,,,,,,,,,,,,,,,,,,,,,,,,,,,,,supermarket,,,,,,,,,,,,,,,,,,,,,
node/5563186922,node/5563186922,,,,,,,,,,,,,,,,,,,,,,,,,,,,,,,,,,,,,,,,,,,,,,,,,,,,,,,,,,,,,,,,,,,wlan,,,,,,,,,,,Khách S?n NoGias,,,,,,,,,,,,,,,,,,,,,,,,,,,,,,,,,,,,,,,,,,,,,,,,,,,,,,,,,,,,,,,,,,,,,,,,,,,,,,,,,,,,,,,,,,,,,,,,,,,,,,,,,,,,hotel,,,,,,,,
node/5598915523,node/5598915523,,,,,,,,,,,,,,,,,,,,marketplace,,,,,,,,,,,,,,,,,,,,,,,,,,,,,,,,,,,,,,,,,,,,,,,,,,,,,,,,,,,,,,,,,,,,,,,,,,,,,,,,,,,,,,,,,,,,,,,,,,,,,,,,,,,,,,,,,,,,,,,,,,,,,,,,,,,,,,,,,,,,,,,,,,,,,,,,,,,,,,,,,,,,,,,,,,,,,,
node/5598915596,node/5598915596,,,,,,,,,,,,,,,,,,,,,,,,,,,,,,,,,,,,,,,,,,,,,,,,,,,,,,,,,,,,,,,,,,,,,,,,,,,,,,,,,,,,,,,,,,,,,,,,,,,,,,,,,,,,,,,,,,,,,,,,,,,,,,,,,,,,,,,,,,,,,,,,,,,,,,,,,,,,,,,,,,,,,,,,,,,,,,,,,,,,,,,,,,hotel,,,,,,,,
node/5598915618,node/5598915618,,,,,,,,"791",,,,Lê H?ng Phong,,,,,,,,,,,,,,,,,,,,,,,,,,,,,,,,,,,,,,,,,,,,,,,,,,,,,,,,,,,,,,,,,,Khách S?n Minh Hi?u,,,,,,,,,,,,,,,,,,,,,,,,,,,,,,,,,,,,,,,,,,,,,,,,,,,,,,,,,,,,,,,,,,,,,,,,,,,,,,,,,,,,,,,,,,,,,,,,,,,,,,,,,,,,hotel,,,,,,,,
node/5598915619,node/5598915619,,,,,,,,"855",,,,Lê H?ng Phong,,,,,,,,,,,,,,,,,,,,,,,,,,,,,,,,,,,,,,,,,,,,,,,,,,,,,,,,,,,,,,,,,,Khách S?n Linh Giang 2,,,,,,,,,,,,,,,,,,,,,,,,,,,,,,,,,,,,,,,,,,,,,,,,,,,,,,,,,,,,,,,,,,,,,,,,,,,,,,,,,,,,,,,,,,,,,,,,,,,,,,,,,,,,hotel,,,,,,,,
node/5598915620,node/5598915620,,,,,,,,"839",,,,Lê H?ng Phong,,,,,,,,,,,,,,,,,,,,,,,,,,,,,,,,,,,,,,,,,,,,,,,,,,,,,,,,,,,,,,,,,,Khách S?n Hoa H??ng D??ng,,,,,,,,,,,,,,,,,,,,,,,,,,,,,,,,,,,,,,,,,,,,,,,,,,,,,,,,,,,,,,,,,,,,,,,,,,,,,,,,,,,,,,,,,,,,,,,,,,,,,,,,,,,,hotel,,,,,,,,
node/5598916097,node/5598916097,,,,,,,,,,,,,,,,,,,,,,,,,,,,,,,,,,,,,,,,,,,,,,,,,,,,,,,,,,,,,,,,,,,,,,,,,,,,,,Khách S?n Ánh D??ng,,,,,,,,,,,,,,,,,,,,,,,,,,,,,,,,,,,,,,,,,,,,,,,,,,,,,,,,,,,,,,,,,,,,,,,,,,,,,,,,,,,,,,,,,,,,,,,,,,,,,,,,,,,,hotel,,,,,,,,
node/5609998393,node/5609998393,,,,,,"176 Bùi Vi?n Ph??ng Ph?m Ng? Lão Qu?n 1, TPHCM",,"176",,,,???ng Bùi Vi?n,,,,,,VinMart+ 176 Bùi Vi?n,,,,,,WinMart+,,,Q113236478,,,,,,,,,,,,,,,,,,,,,,,,,,,,,,,,,,,,,,,,,,,,,,,,,,,WinMart+,,,,,,,,,,,,,,,,,,,,,,,,,,,,,,,,,,,,,,,,,,,,,,,,,,,,,,,,,,,,,,,,,,,,,,,,,,,,,,,,,,"822535140",,,,,,,,,,,,,convenience,,,,,,,,,,,,,,,,http://www.vinmartplus.vn,,,,,
node/5609998752,node/5609998752,,,,,,S? 45 - ???ng Cô Giang - ph??ng C?u Ông Lãnh - qu?n 1 - Tp.HCM,,"45",,,,???ng Cô Giang,,,,,,VinMart+ 45 Cô Giang,,,,,,WinMart+,,,Q113236478,,,,,,,,,,,,,,,,,,,,,,,,,,,,,,,,,,,,,,,,,,,,,,,,,,,WinMart+,,,,,,,,,,,,,,,,,,,,,,,,,,,,,,,,,,,,,,,,,,,,,,,,,,,,,,,,,,,,,,,,,,,,,,,,,,,,,,,,,,"901722061",,,,,,,,,,,,,convenience,,,,,,,,,,,,,,,,http://www.vinmartplus.vn,,,,,
node/5609998777,node/5609998777,,,,,,"6 K? ??ng, Ph??ng 9, Qu?n 3, TPHCM",,"6",,,,K? ??ng,,,,,,VinMart+ 6 K? ??ng,,,,,,WinMart+,,,Q113236478,,,,,,,,,,,,,,,,,,,,,,,,,,,,,,,,,,,,,,,,,,,,,,,,,,,WinMart+,,,,,,,,,,,,,,,,,,,,,,,,,,,,,,,,,,,,,,,,,,,,,,,,,,,,,,,,,,,,,,,,,,,,,,,,,,,,,,,,,,"862905606",,,,,,,,,,,,,convenience,,,,,,,,,,,,,,,,http://www.vinmartplus.vn,,,,,
node/5609998800,node/5609998800,,,,,,"117 Nguy?n Thái Bình, Ph??ng Nguy?n Thái Bình, Qu?n 1, TP H? Chí Minh",,"117",,,,???ng Nguy?n Thái Bình,,,,,,VinMart+ 117 Nguy?n Thái Bình,,,,,,WinMart+,,,Q113236478,,,,,,,,,,,,,,,,,,,,,,,,,,,,,,,,,,,,,,,,,,,,,,,,,,,WinMart+,,,,,,,,,,,,,,,,,,,,,,,,,,,,,,,,,,,,,,,,,,,,,,,,,,,,,,,,,,,,,,,,,,,,,,,,,,,,,,,,,,"838211216",,,,,,,,,,,,,convenience,,,,,,,,,,,,,,,,http://www.vinmartplus.vn,,,,,
node/5609999036,node/5609999036,,,,,,"33 Lý V?n Ph?c, Ph??ng Tân ??nh, Qu?n 1, Tp. H? Chí Minh",,"33",,,,Lý V?n Ph?c,,,,,,VinMart+ 33 Lý V?n Ph?c,,,,,,WinMart+,,,Q113236478,,,,,,,,,,,,,,,,,,,,,,,,,,,,,,,,,,,,,,,,,,,,,,,,,,,WinMart+,,,,,,,,,,,,,,,,,,,,,,,,,,,,,,,,,,,,,,,,,,,,,,,,,,,,,,,,,,,,,,,,,,,,,,,,,,,,,,,,,,"901702719",,,,,,,,,,,,,convenience,,,,,,,,,,,,,,,,http://www.vinmartplus.vn,,,,,
node/5609999980,node/5609999980,,,,,,"331C Tr?n H?ng ??o, Ph??ng Cô Giang, Qu?n 1, TP HCM",,331C,,,,Tr?n H?ng ??o,,,,,,VinMart+ 331C Tr?n H?ng ??o,,,,,,WinMart+,,,Q113236478,,,,,,,,,,,,,,,,,,,,,,,,,,,,,,,,,,,,,,,,,,,,,,,,,,,WinMart+,,,,,,,,,,,,,,,,,,,,,,,,,,,,,,,,,,,,,,,,,,,,,,,,,,,,,,,,,,,,,,,,,,,,,,,,,,,,,,,,,,"862958883",,,,,,,,,,,,,convenience,,,,,,,,,,,,,,,,http://www.vinmartplus.vn,,,,,
node/5609999985,node/5609999985,,,,,,"17-19-21 Lý T? Tr?ng, P. B?n Nghé, Q. 1, TP. HCM",,"17",,,,Lý T? Tr?ng,,,,,,VinMart+ 17 Lý T? Tr?ng,,,,,,WinMart+,,,Q113236478,,,,,,,,,,,,,,,,,,,,,,,,,,,,,,,,,,,,,,,,,,,,,,,,,,,WinMart+,,,,,,,,,,,,,,,,,,,,,,,,,,,,,,,,,,,,,,,,,,,,,,,,,,,,,,,,,,,,,,,,,,,,,,,,,,,,,,,,,,"838257183",,,,,,,,,,,,,convenience,,,,,,,,,,,,,,,,http://www.vinmartplus.vn,,,,,
node/5610000014,node/5610000014,,,,,,"91 ?i?n Biên Ph?, Ph??ng ?ao Kao, Qu?n 1",,"91",,,,?i?n Biên Ph?,,,,,,VinMart+ 91 ?i?n Biên Ph?,,,,,,WinMart+,,,Q113236478,,,,,,,,,,,,,,,,,,,,,,,,,,,,,,,,,,,,,,,,,,,,,,,,,,,WinMart+,,,,,,,,,,,,,,,,,,,,,,,,,,,,,,,,,,,,,,,,,,,,,,,,,,,,,,,,,,,,,,,,,,,,,,,,,,,,,,,,,,"862912315",,,,,,,,,,,,,convenience,,,,,,,,,,,,,,,,http://www.vinmartplus.vn,,,,,
node/5610000229,node/5610000229,,,,,,"T32 Nguy?n H?u Hào, Ph??ng 6, Qu?n 4, TP H? Chí Minh",,T32,,,,H?u Hào,,,,,,VinMart+ Nguy?n H?u Hào,,,,,,WinMart+,,,Q113236478,,,,,,,,,,,,,,,,,,,,,,,,,,,,,,,,,,,,,,,,,,,,,,,,,,,WinMart+,,,,,,,,,,,,,,,,,,,,,,,,,,,,,,,,,,,,,,,,,,,,,,,,,,,,,,,,,,,,,,,,,,,,,,,,,,,,,,,,,,"835254036",,,,,,,,,,,,,convenience,,,,,,,,,,,,,,,,http://www.vinmartplus.vn,,,,,
node/5610000253,node/5610000253,,,,,,"98 Nguy?n ?ình Chi?u P.?a Kao Qu?n 1, TPHCM",,"98",,,,Nguy?n ?ình Chi?u,,,,,,VinMart+ 98 Nguy?n ?ình Chi?u,,,,,,WinMart+,,,Q113236478,,,,,,,,,,,,,,,,,,,,,,,,,,,,,,,,,,,,,,,,,,,,,,,,,,,WinMart+,,,,,,,,,,,,,,,,,,,,,,,,,,,,,,,,,,,,,,,,,,,,,,,,,,,,,,,,,,,,,,,,,,,,,,,,,,,,,,,,,,"839106084",,,,,,,,,,,,,convenience,,,,,,,,,,,,,,,,http://www.vinmartplus.vn,,,,,
node/5612900521,node/5612900521,,,,,,,,,,,,"10-12 ?inh Tiên Hoàng, B?n Nghé, Qu?n 1, H? Chí Minh",,,,,,,,college,,,,,,,,,,,,,,,,,,,,,,,,,,,,,,,,,college,,,,,,,,,,,,,,,,,,,,,,,,,Tr??ng ??i H?c KHXH&NV Thành ph? H? Chí Minh - C? S? 1,,,,,,,,,,,,,,,,,,,,,,,,,,,,,,,,,,,,,,,,,,,,,,,,,,,,,,,,,,,,,,,,,,,,,,,,,,,,,,,,,,,,,,,,,,,,,,,,,,,,,,,,,,,,,,,,,,,,
node/5614467122,node/5614467122,,,,,,,,,,,,,,,,,,,,,,,,,,,,,,,,,,,,,,,,,,,,,,,,,,,,,,,,,,,,,,,,,,,,,,,,,,,,,,Khách S?n A&EM,,,,,,,,,,,,,,,,,,,,,,,,,,,,,,,,,,,,,,,,,,,,,,,,,,,,,,,,,,,,,,,,,,,,,,,,,,,,,,,,,,,,,,,,,,,,,,,,,,,,,,,,,,,,hotel,,,,,,,,
node/5658332722,node/5658332722,,,,,,,,,,,,,,,,,,,,,,,,,,,,,,,,,,,,,,,,,,,,,,,,,,,,,,,,,,,,,,,,,,,wlan,,,,,,,,,,,Khách S?n Comfortable Nguy?n Trãi,,,,,,,,,,,,,,,,,,,,,,,,,,,,,,,,,,,,,,,,,,,,,,,,,,,,,,,,,,,,,,,,,,,,,,,,,,,,,,,,,,,,,,,,,,,,,,,,,,,,,,,,,,,,hotel,,,,,,,,
node/5681220054,node/5681220054,,,,,,,,262-264,,,,Cao Th?ng,,,,,,,,,,,,Ministop,,,Q1038929,,,,,,,,,,,,,,,,,,,,,,,,,,,,,,,,,,,,,,,,,,,,,,,,,,,Ministop,,,,,,,,,,,,,,,,,,,,,,,,,,,,,,,,,,,,,,,,,,,,,,,,,,,,24/7,,,,,,,,,,,,,,,,,,,,,,,,,,,,,,,,,,,,,,,,,,,convenience,,,,,,,,,,,,,,,,https://www.ministop.vn/,,,,,
node/5743013321,node/5743013321,,,,,,,,,,,,,,,,,,,,,,,,,,,,,,,,,,,,,,,,,,,,,,,,,,,,,,,,,,,,,,,,,,,,,,,,,,,,,,,,,,,,,,,,,,,,,,,,,,,,,,,,,,,,,,,,,,,,,,,,,,,,,,,,,,,,,,,,,,,,,,,,,,,,,,,,,,,,,,,,,,,,,,,,,,,,,supermarket,,,,,,,,,,,,,,,,,,,,,
node/5744397028,node/5744397028,,,,,,,,,,,,,,,,,,,,,,,,,,,,,,,,,,,,,,,,,,,,,,,,,,,,,,,,,,,,,,,,,,,,,,,,,,,,,,Khách S?n Bùi Vi?n,,,,,,,,,,,,,,,,,,,,,,,,,,,,,,,,,,,,,,,,,,,,,,,,,,,,,,,,,,,,,,,,,,,,,,,,,,,,,,,,,,,,,,,,,,,,,,,,,,,,,,,,,,,,hotel,,,,,,,,
node/5773200656,node/5773200656,,Ho Chi Minh City,,Qu?n 1,,,,120/3,,"700000",,H?m 120 Tr?n H?ng ??o,ph??ng ph?m ng? lão,,,,,,,,,,,,,,,,,,,,,,,,,,,,,,,,,,,,,,,,,,,,,,,,,,,,,,,,,,,,,,,,,Siêu th? ph??t,,,,,,,,,,,,,,,,,,,,,,,,,,,,,,,,,,,,,,,,,,,,,,,,,,,,Mo-Su 09:00-21:00,,,,,,,,,,,,yes,,,,,,,,,,,,,,,,,,,,,,,,,,,,,,,supermarket,,,,,,,,,,,,,,,,http://sieuthiphuot.com/,,,,,
node/5774244952,node/5774244952,,Ho Chi Minh City,,,,,,"15",,,,???ng Cao Th?ng,,,,,,,,,,,,,,,,,,,,,,,,,,,,,,,,,,,,,,,,,,,,,,,,,,,,,,,yes,no,,,,,,,,,,Khách S?n White Lion,,,,,,,,,,,,,,,,,,,,,,,,,,,,,,,,,,,,,,,,,,,,,,,,,,,,,,,,,,,,,,,,,,,,,,,,,,,,,,,,,,,,,,,,,,,,,,,,,,,,,"3",,,,,,,hotel,,,,,,,,
node/5797810340,node/5797810340,,,,,,,,321e,,,,???ng Tr?n H?ng Ð?o,,,,,,,,,,,,,,,,,,,,,,,,,,,,,,,,,,,,,,,,,,,,,,,,,,,,,,,,,,,,,,,,,,T?p Hóa Ti?n H?ng,,,,,,,,,,,,,,,,,,,,,,,,,,,,,,,,,,,,,,,,,,,,,,,,,,,,,,,,,,,,,,,,,,,,,,,,,,,,,,,,,,,,,,,,,,,,,,,convenience,,,,,,,,,,,,,,,,,,,,,
node/5803803453,node/5803803453,,,,,,,,,,,,Cô B?c Street,,,,,,,,,,,,,,,,,,,,,,,,,,,,,,,,,,,,,,,,,,,,,,,,,,,,,,,wlan,,,,,,,,,,,,,,,,,,,B’s Mart,,,,,,,,,,,,,,,,,,,,,,,,,,,,,,,,,,,,,,,,,,,,24/7,,,,,,,,,,,,,,,,,,,,,,,,,,,,,,,,,,,,,,,,,,,convenience,,,,,,,,,,,,,,,,,,,,,
node/5842004787,node/5842004787,,,,,,,,,,,,,,,,,,,,,,,,,,,,,,,,,,,,,,,,,,,,,,,,,,,,,,,,,,,,,,,,,,,,,,,,,,,,,,Khách S?n Thiên Tú,,,,,,,,,,,,,,,,,,,,,,,,,,,,,,,,,,,,,,,,,,,,,,,,,,,,,,,,,,,,,,,,,,,,,,,,,,,,,,,,,,,,,,,,,,,,,,,,,,,,,,,,,,,,hotel,,,,,,,,
node/5922563987,node/5922563987,,,,,,,,,,,,,,,,,,,,,,,,,,,,,,,,,,,,,,,,,,,,,,,,,,,,,,,,,,,,,,,,,,,wlan,no,,,,,,,,,,Khách S?n Tagahome,,,,,,,,,,,,,,,,,,,,,,,,,,,,,,,,,,,,,,,,,,,,,,,,,,,,,,,,,,,,,,,,,,,,,,,,,,,,,,,,,,,,,,,,,,,,,,,,,,,,,,,,,,,,hotel,,,,yes,,,,
node/5947837685,node/5947837685,,,,,,,,,,,,,,,,,,,,,,,,,,,,,,,,,,,,,,,,,,,,,,,,,,,,,,,,,,,,,,,,,,,,,,,,,,,,,,Khách S?n Blue River,,,,,,,,,,,,,,,,,,,,,,,,,,,,,,,,,,,,,,,,,,,,,,,,,,,,,,,,,,,,,,,,,,,,,,,,,,,,,,,,,,,,,,,,,,,,,,,,,,,,,,,,,,,,hotel,,,,,,,,
node/5950620786,node/5950620786,,,,,,,,,,,,,,,,,,,,,,,,FamilyMart,,,Q11247682,,,,,,,,,,,,,,,,,,,,,,,,,,,,,,,,,,,,,,,,,,,,,,,,,,,FamilyMart,,,,,,,,,,,,,,,,,,,,,,,,,,,,,,,,,,,,,,,,,,,,,,,,,,,,,,,,,,,,,,,,,,,,,,,,,,,,,,,,,,,,,,,,,,,,,,,convenience,,,,,,,,,,,,,,,,,,,,,
node/6045839957,node/6045839957,,,,,,,,"39",,,,Nguyen Cu Trinh,,,,,,,,,,,,,,,,,,,,,,,,,,,,,,,,,,,,,,,,,,,,,,,,,,,,,,,,,,,,,,,,,,C?a Hàng Ti?n L?i B's Mart,,,,,,,,,,,,,,,,,,,,,,,,,,,,,,,,,,,,,,,,,,,,,,,,,,,,24/7,,,,,,,,,,,,,,,,,,,,,,,,,,,,,,,,,,,,,,,,,,,convenience,,,,,,,,,,,,,,,,,,,,,
node/6054062365,node/6054062365,,,,,,,,,,,,,,,,,,,,,,,,,,,,,,,,,,,,,,,,,,,,,,,,,,,,,,,,,,,,,,,,,,,,,,,,,,,,,,,,,,,,,,,,,,,,,,,,,,,,,,,,,,,,,,,,,,,,,,,,,,,,,,,,,,,,,,,,,,,,,,,,,,,,,,,,,,,,,,,,,,,,,,,,,,,,,supermarket,,,,,,,,,,,,,,,,,,,,,
node/6059038924,node/6059038924,,,,,,,,283/4,,,,Phang Ngu Lao,,,,,,,,,,,,,,,,,,,,,,,,,,,,,,,,,,,,,,,,,,,,,,,,,,,,,,,,,,,,,,,,,,Khách S?n Bích Duyên,,,,,,,,,,,,,,,,,,,,,,,,,,,,,,,,,,,,,,,,,,,,,,,,,,,,,,,,,,,,,,,,,,,,,,,,,,,,,,,,,,,,,,,,,,,,,,,,,,,,,,,,,,,,hotel,,,http://bichduyenhotel.net/,,,,,
node/6124516478,node/6124516478,,Ho Chi Minh City,,"1",,,,15/1,,,,Bà Lê Chân,,,,,,,,,,,,OYO,,,Q24906315,,,,,,,,,,,,,,,,,,,,,,,,,,,,,,,,,,,,,,,,,,,,,,,,,,,Khách S?n OYO 111 Apa Saigon,,,,,,,,,,,,,,,,,,,,,,,,,,,,,,,,,,,,,,,,,,,,,,,,,,,,,,,,,,,,,,,,,,,,,,,,,,,,,,,,,,,,,,,,,,,,,,,,,,,,,,,,,,,,hotel,,,,,,,,
node/6139826223,node/6139826223,,,,,,,,,,,,,,,,,,,,,,,,7-Eleven,,,Q259340,en:7-Eleven,,,,,,,,,,,,,,,,,,,,,,,,,,,,,,,,,,,,,,,,,,,,,,,,,,7-Eleven,,,,,,,,,,,,,,,,,,,,,,,,,,,,,,,,,,,,,,,,,,,,,,,,,,,,,,,,,,,,,,,,,,,,,,,,,,,,,,,,,,,,,,,,,,,,,,,convenience,,,,,,,,,,,,,,,,,,,,,
node/6157860892,node/6157860892,,,,,,,,,,,,,,,,,,,,,,,,,,,,,,,,,,,,,,,,,,,,,,,,,,,,,,,,,,,,,,,,,,,,,,,,,,,,,,Th?c Ph?m H?u C? An Toàn - Nam An,,,,,,,,Annam Gourmet Market (underground Takashimaya),,,,,,,,,,,,,,,,,,,,,,,,,,,,,,,,,,,,,,,,,,,,,,,,,,,,,,,,,,,,,,,,,,,,,,,,,,,,,,,,,,,,,,,supermarket,,,,,,,,,,,,,,,,,,,,,
node/6163353085,node/6163353085,,,,,,,,,,,,,,,,,,,,restaurant,,,,,,,,,,,,,,,,,,,,,,,,,,,,,,,,,,,,,,,,,,,,,,,,,,,,,,,,,,,,,,,,,,Mia,,,,,,,,,,,,,,,,,,,,,,,,,,,,,,,,,,,,,,,,,,,,,,,,,,,,,,,,,,,,,,,,,,,,,,,,,,,,,,,,,,,,,,,,,,,,,,,,,,,,hotel,,,,,,,,
node/6169956027,node/6169956027,,,,,,,,36-38,,,,Thai Van Lung,,,,,,,,,,,,,,,,,,,,,,,,,,,,,,,,,,,,,,,,,,,,,,,,,,,,,,,,,,,,,,,,,,Khách S?n Sophia,,,,,,,,,,,,,,,,,,,,,,,,,,,,,,,,,,,,,,,,,,,,,,,,,,,,,,,,,,,,,,,,,,,,,,,,,,,,,,,,,,,,,,,,,,,,,,,,,,,,,,,,,,,,hotel,,,,,,,,
node/6284329388,node/6284329388,,,,,,,,,,,,,,,,,,,,,,,,,,,,,,,,,,,,,,,,,,,,,,,,,,,,,,,,,,,,,,,,,,,,,,,,,,,,,,,,,,,,,,,,,,,,,,,,,,,,,,,,,,,,,,,,,,,,,,,,,,,,,,,,,,,,,,,,,,,,,,,,,,,,,,,,,,,,,,,,,,,,,,,,,,,,,supermarket,,,,,,,,,,,,,,,,,,,,,
node/6284408685,node/6284408685,,,,,,,,,,,,???ng Tr?n Ðình Xu,,,,,,,,,,,,,,,,,,,,,,,,,,,,,,,,,,,,,,,,,,,,,,,,,,,,,,,,,,,,,,,,,,,,,,,,,,Circle K,,,,,,,,,,,,,,,,,,,,,,,,,,,,,,,,,,,,,,,,,,,,,,,,,,,,,,,,,,,,,,,,,,,,,,,,,,,,,,,,,,,,,,,supermarket,,,,,,,,,,,,,,,,,,,,,
node/6297142826,node/6297142826,,,,,,,,,,,,,,,,,,,,,,,,FamilyMart,,,Q11247682,,,,,,,,,,,,,,,,,,,,,,,,,,,,,,,,,,,,,,,,,,,,,,,,,,,FamilyMart,,,,,,,,,,,,,,,,,,,,,,,,,,,,,,,,,,,,,,,,,,,,,,,,,,,,,,,,,,,,,,,,,,,,,,,,,,,,,,,,,,,,,,,,,,,,,,,convenience,,,,,,,,,,,,,,,,,,,,,
node/6297142827,node/6297142827,,,,,,,,,,,,,,,,,,,,,,,,FamilyMart,,,Q1191685,,,,,,,,,2025/03/29,,,,,,,,,,,,,,,,,,,,,,,,,,,,,,,,,,,,,,,,,,FamilyMart,,,,,,,,,,,,,,,,,,,,,,,,,,,,,,,,,,,,,,,,,,,,,,,,,,,,,,,,,,,,,,,,,,,,,,,,,,,,,,,,,,,,,,,,,,,,,,,convenience,,,,,,,,,,,,,,,,,,,,,
node/6297142829,node/6297142829,,,,,,,,,,,,,,,,,,,,,,,,FamilyMart,,,Q11247682,,,,,,,,,,,,,,,,,,,,,,,,,,,,,,,,,,,,,,,,,,,,,,,,,,,FamilyMart,,,,,,,,,,,,,,,,,,,,,,,,,,,,,,,,,,,,,,,,,,,,,,,,,,,,,,,,,,,,,,,,,,,,,,,,,,,,,,,,,,,,,,,,,,,,,,,convenience,,,,,,,,,,,,,,,,,,,,,
node/6297144199,node/6297144199,,,,,,,,,,,,,,,,,,,,,,,,,,,,,,,,,,,,2025/02/24,,,,,,,,,,,,,,,,,,,,,,,,,,,,,,,,,,,,,,,,,,Khách S?n Saigon Park,,,,,,,,,,,,,,,,,,,,,,,,,,,,,,,,,,,,,,,,,,,,,,,,,,,,,,,,,,,,,,,,,,,,,,,,,,,,,,,,,,,,,,,,,,,,,,,,,,,,,,,,,,,,hotel,,,,,,,,
node/6297144200,node/6297144200,,,,,,,,,,,,???ng Lê Thánh Tôn,,,,,,,,,,,,Circle K,,,Q3268010,,,,,,,,,,,,,,,,,,,,,,,,,,,,,,,,,,,,,,,,,,,,,,,,,,,Circle K,,,,,,,,,,,,,,,,,,,,,,,,,,,,,,,,,,,,,,,,,,,,,,,,,,,,,,,,,,,,,,,,,,,,,,,,,,,,,,,,,,,,,,,,,,,,,,,convenience,,,,,,,,,,,,,,,,,,,,,
node/6301541187,node/6301541187,,,,,,,,,,,,,,,,,,,,,,,,,,,,,,,,,,,,,,,,,,,,,,,,,,,,,,,,,,,,,,,,,,,,,,,,,,,,,,Khách S?n May May,,,,,,,,,,,,,,,,,,,,,,,,,,,,,,,,,,,,,,,,,,,,,,,,,,,,,,,,,,,,,,,,,,,,,,,,,,,,,,,,,,,,,,,,,,,,,,,,,,,,,,,,,,,,hotel,,,,,,,,
node/6315388808,node/6315388808,,,,,,,,,,,,,,,,,,,,,,,,7-Eleven,,,Q259340,,,,,,,,,,,,,,,,,,,,,,,,,,,,,,,,,,,,,,,,,,,,,,,,,,,7-Eleven,,,,,,,,Seven eleven,,,,,,,,,,,,,,,,,,,,,,,,,,,,,,,,,,,,,,,,,,,,,,,,,,,,,,,,,,,,,,,,,,,,,,,,,,,,,,,,,,,,,,,convenience,,,,,,,,,,,,,,,,,,,,,
node/6315388810,node/6315388810,,,,,,,,,,,,,,,,,,,,,,,,,,,,,,,,,,,,,,,,,,,,,,,,,,,,,,,,,,,,,,,,,,,,,,,,,,,,,,Sao Mai Hotel,,,,,,,,,,,,,,,,,,,,,,,,,,,,,,,,,,,,,,,,,,,,,,,,,,,,,,,,,,,,,,,,,,,,,,,,,,,,,,,,,,,,,,,,,,,,,,,,,,,,,,,,,,,,hotel,,,,,,,,
node/6315388826,node/6315388826,,,,,,,,,,,,???ng Nguy?n Thái H?c,,,,,,,,,,,,,,,,,,,,,,,,,,,,,,,,,,,,,,,,,,,,,,,,,,,,,,,,,,,,,,,,,,,,,,,,,,Circle K,,,,,,,,,,,,,,,,,,,,,,,,,,,,,,,,,,,,,,,,,,,,,,,,,,,,,,,,,,,,,,,,,,,,,,,,,,,,,,,,,,,,,,,supermarket,,,,,,,,,,,,,,,,,,,,,
node/6315388828,node/6315388828,,,,,,,,,,,,,,,,,,,,,,,,,,,,,,,,,,,,,,,,,,,,,,,,,,,,,,,,,,,,,,,,,,,,,,,,,,,,,,,,,,,,,,,,,,,,,,,,,,,,,,,,,,,,,,,,,,,,,,,,,,,,,,,,,,,,,,,,,,,,,,,,,,,,,,,,,,,,,,,,,,,,,,,,,,,,,supermarket,,,,,,,,,,,,,,,,,,,,,
node/6315388859,node/6315388859,,,,,,,,,,,,,,,,,,,,,,,,,,,,,,,,,,,,,,,,,,,,,,,,,,,,,,,,,,,,,,,,,,,,,,,,,,,,,,,,,,,,,,Familymart,,,,,,,,,,,,,,,,,,,,,,,,,,,,,,,,,,,,,,,,,,,,,,,,,,,,,,,,,,,,,,,,,,,,,,,,,,,,,,,,,,,,,,,supermarket,,,,,,,,,,,,,,,,,,,,,
node/6315388865,node/6315388865,,,,,,,,,,,,,,,,,,,,,,,,,,,,,,,,,,,,,,,,,,,,,,,,,,,,,,,,,,,,,,,,,,,,,,,,,,,,,,,,,,,,,,Circle K,,,,,,,,,,,,,,,,,,,,,,,,,,,,,,,,,,,,,,,,,,,,,,,,,,,,,,,,,,,,,,,,,,,,,,,,,,,,,,,,,,,,,,,supermarket,,,,,,,,,,,,,,,,,,,,,
node/6315388868,node/6315388868,,,,,,,,,,,,,,,,,,,,,,,,,,,,,,,,,,,,,,,,,,,,,,,,,,,,,,,,,,,,,,,,,,,,,,,,,,,,,,,,,,,,,,Circle K,,,,,,,,,,,,,,,,,,,,,,,,,,,,,,,,,,,,,,,,,,,,,,,,,,,,,,,,,,,,,,,,,,,,,,,,,,,,,,,,,,,,,,,supermarket,,,,,,,,,,,,,,,,,,,,,
node/6315388877,node/6315388877,,,,,,,,,,,,,,,,,,,,,,,,,,,,,,,,,,,,,,,,,,,,,,,,,,,,,,,,,,,,,,,,,,,,,,,,,,,,,,,,,,,,,,Mini Stop,,,,,,,,,,,,,,,,,,,,,,,,,,,,,,,,,,,,,,,,,,,,,,,,,,,,,,,,,,,,,,,,,,,,,,,,,,,,,,,,,,,,,,,supermarket,,,,,,,,,,,,,,,,,,,,,
node/6315390293,node/6315390293,,,,,,,,,,,,,,,,,,,,,,,,,,,,,,,,,,,,,,,,,,,,,,,,,,,,,,,,,,,,,,,,,,,,,,,,,,,,,,,,,,,,,,,,,,,,,,,,,,,,,,,,,,,,,,,,,,,,,,,,,,,,,,,,,,,,,,,,,,,,,,,,,,,,,,,,,,,,,,,,,,,,,,,,,,,,,supermarket,,,,,,,,,,,,,,,,,,,,,
node/6315390297,node/6315390297,,,,,,,,,,,,,,,,,,,,,,,,,,,,,,,,,,,,,,,,,,,,,,,,,,,,,,,,,,,,,,,,,,,,,,,,,,,,,,,,,,,,,,,,,,,,,,,,,,,,,,,,,,,,,,,,,,,,,,,,,,,,,,,,,,,,,,,,,,,,,,,,,,,,,,,,,,,,,,,,,,,,,,,,,,,,,,,,,,,,,,,,,,hotel,,,,,,,,
node/6315390444,node/6315390444,,,,,,,,,,,,,,,,,,,,,,,,,,,,,,,,,,,,,,,,,,,,,,,,,,,,,,,,,,,,,,,,,,,,,,,,,,,,,,,,,,,,,,C&C,,,,,,,,,,,,,,,,,,,,,,,,,,,,,,,,,,,,,,,,,,,,,,,,,,,,,,,,,,,,,,,,,,,,,,,,,,,,,,,,,,,,,,,supermarket,,,,,,,,,,,,,,,,,,,,,
node/6315390447,node/6315390447,,,,,,,,,,,,,,,,,,,,,,,,,,,,,,,,,,,,,,,,,,,,,,,,,,,,,,,,,,,,,,,,,,,,,,,,,,,,,,,,,,,,,,,,,,,,,,,,,,,,,,,,,,,,,,,,,,,,,,,,,,,,,,,,,,,,,,,,,,,,,,,,,,,,,,,,,,,,,,,,,,,,,,,,,,,,,supermarket,,,,,,,,,,,,,,,,,,,,,
node/6315395287,node/6315395287,,,,,,,,,,,,???ng Bùi Vi?n,,,,,,,,,,,,,,,,,,,,,,,,,,,,,,,,,,,,,,,,,,,,,,,,,,,,,,,,,,,,,,,,,,,,,,,,,,Circle K,,,,,,,,,,,,,,,,,,,,,,,,,,,,,,,,,,,,,,,,,,,,,,,,,,,,,,,,,,,,,,,,,,,,,,,,,,,,,,,,,,,,,,,supermarket,,,,,,,,,,,,,,,,,,,,,
node/6315672391,node/6315672391,,,,,,,,,,,,Ð? Thám,,,,,,,,,,,,,,,,,,,,,,,,,,,,,,,,,,,,,,,,,,,,,,,,,,,,,,,,,,,,,,"0",,,,Co.op smile,,,,,,,,,,,,,,,,,,,,,,,,,,,,,,,,,,,,,,,,,,,,,,,,,,,,,,,,,,,,,,,,,,,,,,,,,,,,,,,,,,,,,,,,,,,,,,,supermarket,,,,,,,,,,,,,,,,,,,,,
node/6315672392,node/6315672392,,,,,,,,,,,,,,,,,,,,,,,,,,,,,,,,,,,,,,,,,,,,,,,,,,,,,,,,,,,,,,,,,,,,,,,,,,,,,,Khách S?n Horizon,,,,,,,,,,,,,,,,,,,,,,,,,,,,,,,,,,,,,,,,,,,,,,,,,,,,,,,,,,,,,,,,,,,,,,,,,,,,,,,,,,,,,,,,,,,,,,,,,,,,,,,,,,,,hotel,,,,,,,,
node/6315672440,node/6315672440,,,,,,,,,,,,,,,,,,,,,,,,,,,,,,,,,,,,,,,,,,,,,,,,,,,,,,,,,,,,,,,,,,,,,,,,,,,,,,,,,,,,,,FamilyMart,,,,,,,,,,,,,,,,,,,,,,,,,,,,,,,,,,,,,,,,,,,,,,,,,,,,,,,,,,,,,,,,,,,,,,,,,,,,,,,,,,,,,,,supermarket,,,,,,,,,,,,,,,,,,,,,
node/6315672466,node/6315672466,,,,,,,,,,,,,,,,,,,,,,,,,,,,,,,,,,,,,,,,,,,,,,,,,,,,,,,,,,,,,,,,,,,,,,,,,,,,,,,,,,,,,,Mini Stop,,,,,,,,,,,,,,,,,,,,,,,,,,,,,,,,,,,,,,,,,,,,,,,,,,,,,,,,,,,,,,,,,,,,,,,,,,,,,,,,,,,,,,,supermarket,,,,,,,,,,,,,,,,,,,,,
node/6315672480,node/6315672480,,,,,,,,,,,,,,,,,,,,school,,,,,,,,,,,,,,,,,,,,,,,,,,,,,,,,,school,,,,,,,,,,,,,,,,,,,,,,,,,,,,,,,,,ACB Learning Hub,,,,,,,,,,,,,,,,,,,,,,,,,,,,,,,,,,,,,,,,,,,,,,,,,,,,,,,,,,,,,,,,,,,,,,,,,,,,,,,,,,,,,,,,,,,,,,,,,,,,,,,,,,,,
node/6315672483,node/6315672483,,,,,,,,,,,,,,,,,,,,,,,,,,,,,,,,,,,,,,,,,,,,,,,,,,,,,,,,,,,,,,,,,,,,,,,,,,,,,,,,,,,,,,,,,,,,,,,,,,,,,,,,,,,,,,,,,,,,,,,,,,,,,,,,,,,,,,,,,,,,,,,,,,,,,,,,,,,,,,,,,,,,,,,,,,,,,supermarket,,,,,,,,,,,,,,,,,,,,,
node/6315672795,node/6315672795,,,,,,,,,,,,,,,,,,,,,,,,,,,,,,,,,,,,,,,,,,,,,,,,,,,,,,,,,,,,,,,,,,,,,,,,,,,,,,,,,,,,,,Foodco Mart,,,,,,,,,,,,,,,,,,,,,,,,,,,,,,,,,,,,,,,,,,,,,,,,,,,,,,,,,,,,,,,,,,,,,,,,,,,,,,,,,,,,,,,supermarket,,,,,,,,,,,,,,,,,,,,,
node/6315672844,node/6315672844,,,,,,,,,,,,,,,,,,,,,,,,,,,,,,,,,,,,,,,,,,,,,,,,,,,,,,,,,,,,,,,,,,,,,,,,,,,,,,,,,,,,,,,,,,,,,,,,,,,,,,,,,,,,,,,,,,,,,,,,,,,,,,,,,,,,,,,,,,,,,,,,,,,,,,,,,,,,,,,,,,,,,,,,,,,,,supermarket,,,,,,,,,,,,,,,,,,,,,
node/6315672862,node/6315672862,,,,,,,,,,,,,,,,,,,,,,,,,,,,,,,,,,,,,,,,,,,,,,,,,,,,,,,,,,,,,,,,,,,,,,,,,,,,,,,,,,,,,,Circle k,,,,,,,,,,,,,,,,,,,,,,,,,,,,,,,,,,,,,,,,,,,,,,,,,,,,,,,,,,,,,,,,,,,,,,,,,,,,,,,,,,,,,,,supermarket,,,,,,,,,,,,,,,,,,,,,
node/6315672886,node/6315672886,,,,,,,,,,,,,,,,,,,,,,,,,,,,,,,,,,,,,,,,,,,,,,,,,,,,,,,,,,,,,,,,,,,,,,,,,,,,,,,,,,,,,,,,,,,,,,,,,,,,,,,,,,,,,,,,,,,,,,,,,,,,,,,,,,,,,,,,,,,,,,,,,,,,,,,,,,,,,,,,,,,,,,,,,,,,,supermarket,,,,,,,,,,,,,,,,,,,,,
node/6315672901,node/6315672901,,,,,,,,100/2A3,,,,H?m 100 Tr?n H?ng ??o,,,,,,,,,,,,,,,,,,,,,,,,,,,,,,,,,,,,,,,,,,,,,,,,,,,,,,,,,,,,,,,,,,Jan Hostel,,,,,,,,Nest,,,,,,,,,,,,,,,,,,,,,,,,,,,,,,,,,,,,,,,,,,,,,,,,,,,,,,,,,,,,,,,,,,,,,,,,,,,,,,,,,,,,,,,,,,,,,,,,,,,,hotel,,,,,,,,
node/6315673298,node/6315673298,,,,,,,,,,,,,,,,,,,,,,,,Ministop,,,Q1038929,,,,,,,,,,,,,,,,,,,,,,,,,,,,,,,,,,,,,,,,,,,,,,,,,,,Ministop,,,,,,,,Ministop,,,,,,,,,,,,,,,,,,,,,,,,,,,,,,,,,,,,,,,,,,,,,,,,,,,,,,,,,,,,,,,,,,,,,,,,,,,,,,,,,,,,,,,convenience,,,,,,,,,,,,,,,,,,,,,
node/6315673300,node/6315673300,,,,,,,,,,,,,,,,,,,,,,,,,,,,,,,,,,,,,,,,,,,,,,,,,,,,,,,,,,,,,,,,,,,,,,,,,,,,,,,,,,,,,,B's Mart,,,,,,,,,,,,,,,,,,,,,,,,,,,,,,,,,,,,,,,,,,,,,,,,,,,,,,,,,,,,,,,,,,,,,,,,,,,,,,,,,,,,,,,supermarket,,,,,,,,,,,,,,,,,,,,,
node/6315676087,node/6315676087,,,,,,,,,,,,,,,,,,,,,,,,Circle K,,,Q3268010,,,,,,,,,,,,,,,,,,,,,,,,,,,,,,,,,,,,,,,,,,,,,,,,,,,Circle K,,,,,,,,Circle k,,,,,,,,,,,,,,,,,,,,,,,,,,,,,,,,,,,,,,,,,,,,24/7,,,,,,,,,,,,,,,,,,,,,,,,,,,,,,,,,,,,,,,,,,,convenience,,,,,,,,,,,,,,,,,,,,,
node/6315676093,node/6315676093,,,,,,,,,,,,,,,,,,,,,,,,,,,,,,,,,,,,,,,,,,,,,,,,,,,,,,,,,,,,,,,,,,,,,,,,,,,,,,,,,,,,,,FamilyMart,,,,,,,,,,,,,,,,,,,,,,,,,,,,,,,,,,,,,,,,,,,,,,,,,,,,,,,,,,,,,,,,,,,,,,,,,,,,,,,,,,,,,,,supermarket,,,,,,,,,,,,,,,,,,,,,
node/6315684186,node/6315684186,,,,,,,,,,,,,,,,,,,,,,,,,,,,,,,,,,,,,,,,,,,,,,,,,,,,,,,,,,,,,,,,,,,,,,,,,,,,,,,,,,,,,,Circle k,,,,,,,,,,,,,,,,,,,,,,,,,,,,,,,,,,,,,,,,,,,,,,,,,,,,,,,,,,,,,,,,,,,,,,,,,,,,,,,,,,,,,,,supermarket,,,,,,,,,,,,,,,,,,,,,
node/6315685086,node/6315685086,,,,,,,,,,,,,,,,,,,,,,,,,,,,,,,,,,,,,,,,,,,,,,,,,,,,,,,,,,,,,,,,,,,,,,,,,,,,,,,,,,,,,,,,,,,,,,,,,,,,,,,,,,,,,,,,,,,,,,,,,,,,,,,,,,,,,,,,,,,,,,,,,,,,,,,,,,,,,,,,,,,,,,,,,,,,,supermarket,,,,,,,,,,,,,,,,,,,,,
node/6315685096,node/6315685096,,,,,,,,,,,,,,,,,,,,,,,,,,,,,,,,,,,,,,,,,,,,,,,,,,,,,,,,,,,,,,,,,,,,,,,,,,,,,,,,,,,,,,,,,,,,,,,,,,,,,,,,,,,,,,,,,,,,,,,,,,,,,,,,,,,,,,,,,,,,,,,,,,,,,,,,,,,,,,,,,,,,,,,,,,,,,supermarket,,,,,,,,,,,,,,,,,,,,,
node/6315685200,node/6315685200,,,,,,,,,,,,,,,,,,,,,,,,,,,,,,,,,,,,,,,,,,,,,,,,,,,,,,,,,,,,,,,,,,,,,,,,,,,,,,,,,,,,,,,,,,,,,,,,,,,,,,,,,,,,,,,,,,,,,,,,,,,,,,,,,,,,,,,,,,,,,,,,,,,,,,,,,,,,,,,,,,,,,,,,,,,,,,,,,,,,,,,,,,hotel,,,,,,,,
node/6315685294,node/6315685294,,,,,,,,,,,,,,,,,,,,,,,,,,,,,,,,,,,,,,,,,,,,,,,,,,,,,,,,,,,,,,,,,,,,,,,,,,,,,,,,,,,,,,FamilyMart,,,,,,,,,,,,,,,,,,,,,,,,,,,,,,,,,,,,,,,,,,,,,,,,,,,,,,,,,,,,,,,,,,,,,,,,,,,,,,,,,,,,,,,supermarket,,,,,,,,,,,,,,,,,,,,,
node/6315685295,node/6315685295,,,,,,,,,,,,,,,,,,,,,,,,,,,,,,,,,,,,,,,,,,,,,,,,,,,,,,,,,,,,,,,,,,,,,,,,,,,,,,,,,,,,,,,,,,,,,,,,,,,,,,,,,,,,,,,,,,,,,,,,,,,,,,,,,,,,,,,,,,,,,,,,,,,,,,,,,,,,,,,,,,,,,,,,,,,,,supermarket,,,,,,,,,,,,,,,,,,,,,
node/6315685985,node/6315685985,,,,,,,,,,,,,,,,,,,,,,,,,,,,,,,,,,,,,,,,,,,,,,,,,,,,,,,,,,,,,,,,,,,,,,,,,,,,,,,,,,,,,,,,,,,,,,,,,,,,,,,,,,,,,,,,,,,,,,,,,,,,,,,,,,,,,,,,,,,,,,,,,,,,,,,,,,,,,,,,,,,,,,,,,,,,,supermarket,,,,,,,,,,,,,,,,,,,,,
node/6315685989,node/6315685989,,,,,,,,,,,,,,,,,,,,,,,,Circle K,,,Q3268010,,,,,,,,,,,,,,,,,,,,,,,,,,,,,,,,,,,,,,,,,,,,,,,,,,,Circle K,,,,,,,,,,,,,,,,,,,,,,,,,,,,,,,,,,,,,,,,,,,,,,,,,,,,,,,,,,,,,,,,,,,,,,,,,,,,,,,,,,,,,,,,,,,,,,,convenience,,,,,,,,,,,,,,,,,,,,,
node/6315686291,node/6315686291,,,,,,,,,,,,,,,,,,,,,,,,,,,,,,,,,,,,,,,,,,,,,,,,,,,,,,,,,,,,,,,,,,,,,,,,,,,,,,,,,,,,,,Polygon,,,,,,,,,,,,,,,,,,,,,,,,,,,,,,,,,,,,,,,,,,,,,,,,,,,,,,,,,,,,,,,,,,,,,,,,,,,,,,,,,,,,,,,,,,,,,,,,,,,,hotel,,,,,,,,
node/6315686293,node/6315686293,,,,,,,,,,,,,,,,,,,,,,,,,,,,,,,,,,,,2023/12/31,,,,,,,,,,,,,,,,,,,,,,,,,,,,,,,,,,,,,,"0",,,,Familymart,,,,,,,,Familymart,,,,,,,,,,,,,,,,,,,,,,,,,,,,,,,,,,,,,,,,,,,,,,,,,,,,,,,,yes,,,,,,,,,,yes,,,,,yes,,,,,,,,,,,,,,,,supermarket,,,,,,,,,,,,,,,,,yes,,,,
node/6315686295,node/6315686295,,,,,,,,,,,,,,,,,,,,,,,,,,,,,,,,,,,,,,,,,,,,,,,,,,,,,,,,,,,,,,,,,,,,,,,,,,,,,,,,,,,,,,,,,,,,,,,,,,,,,,,,,,,,,,,,,,,,,,,,,,,,,,,,,,,,,,,,,,,,,,,,,,,,,,,,,,,,,,,,,,,,,,,,,,,,,supermarket,,,,,,,,,,,,,,,,,,,,,
node/6315686487,node/6315686487,,,,,,,,,,,,,,,,,,,,,,,,,,,,,,,,,,,,,,,,,,,,,,,,,,,,,,,,,,,,,,,,,,,,,,,,,,,,,,,,,,,,,,Co.opMart,,,,,,,,,,,,,,,,,,,,,,,,,,,,,,,,,,,,,,,,,,,,,,,,,,,,,,,,,,,,,,,,,,,,,,,,,,,,,,,,,,,,,,,supermarket,,,,,,,,,,,,,,,,,,,,,
node/6315686489,node/6315686489,,,,,,,,,,,,,,,,,,,,,,,,,,,,,,,,,,,,,,,,,,,,,,,,,,,,,,,,,,,,,,,,,,,,,,,,,,,,,,,,,,,,,,Sanouva,,,,,,,,,,,,,,,,,,,,,,,,,,,,,,,,,,,,,,,,,,,,,,,,,,,,,,,,,,,,,,,,,,,,,,,,,,,,,,,,,,,,,,,,,,,,,,,,,,,,hotel,,,,,,,,
node/6315686505,node/6315686505,,,,,,,,,,,,,,,,,,,,,,,,GS25,,,Q624041,,,,,,,,,,,,,,,,,,,,,,,,,,,,,,,,,,,,,,,,,,,,,,,,,,,GS25,,,,,,,,GS25,,,,,,,,,,,,,,,,,,,,,,,,,,,,,,,,,,,,,,,,,,,,,,,,,,,,,,,,,,,,,,,,,,,,,,,,,,,,,,,,,,,,,,,convenience,,,,,,,,,,,,,,,,,,,,,
node/6315686506,node/6315686506,,,,,,,,,,,,,,,,,,,,,,,,,,,,,,,,,,,,,,,,,,,,,,,,,,,,,,,,,,,,,,,,,,,,,,,,,,,,,,Circle K,,,,,,,,,,,,,,,,,,,,,,,,,,,,,,,,,,,,,,,,,,,,,,,,,,,,,,,,,,,,,,,,,,,,,,,,,,,,,,,,,,,,,,,,,,,,,,,supermarket,,,,,,,,,,,,,,,,,,,,,
node/6315686597,node/6315686597,,,,,,,,,,,,,,,,,,,,,,,,FamilyMart,,,Q11247682,,,,,,,,,,,,,,,,,,,,,,,,,,,,,,,,,,,,,,,,,,,,,,,,,,,FamilyMart,,,,,,,,,,,,,,,,,,,,,,,,,,,,,,,,,,,,,,,,,,,,,,,,,,,,,,,,,,,,,,,,,,,,,,,,,,,,,,,,,,,,,,,,,,,,,,,convenience,,,,,,,,,,,,,,,,,,,,,
node/6315686992,node/6315686992,,,,,,,,,,,,,,,,,,,,,,,,,,,,,,,,,,,,,,,,,,,,,,,,,,,,,,,,,,,,,,,,,,,,,,,,,,,,,,,,,,,,,,,,,,,,,,,,,,,,,,,,,,,,,,,,,,,,,,,,,,,,,,,,,,,,,,,,,,,,,,,,,,,,,,,,,,,,,,,,,,,,,,,,,,,,,convenience,,,,,,,,,,,,,,,,,,,,,
node/6315686994,node/6315686994,,,,,,,,,,,,,,,,,,,,,,,,,,,,,,,,,,,,,,,,,,,,,,,,,,,,,,,,,,,,,,,,,,,,,,,,,,,,,,,,,,,,,,,,,,,,,,,,,,,,,,,,,,,,,,,,,,,,,,,,,,,,,,,,,,,,,,,,,,,,,,,,,,,,,,,,,,,,,,,,,,,,,,,,,,,,,supermarket,,,,,,,,,,,,,,,,,,,,,
node/6315686999,node/6315686999,,,,,,,,,,,,,,,,,,,,,,,,,,,,,,,,,,,,,,,,,,,,,,,,,,,,,,,,,,,,,,,,,,,,,,,,,,,,,,,,,,,,,,Circle k,,,,,,,,,,,,,,,,,,,,,,,,,,,,,,,,,,,,,,,,,,,,,,,,,,,,,,,,,,,,,,,,,,,,,,,,,,,,,,,,,,,,,,,supermarket,,,,,,,,,,,,,,,,,,,,,
node/6315687785,node/6315687785,,,,,,,,,,,,,,,,,,,,,,,,Ministop,,,Q1038929,,,,,,,,,,,,,,,,,,,,,,,,,,,,,,,,,,,,,,,,,,,,,,,,,,,Ministop,,,,,,,,Ministop,,,,,,,,,,,,,,,,,,,,,,,,,,,,,,,,,,,,,,,,,,,,,,,,,,,,,,,,,,,,,,,,,,,,,,,,,,,,,,,,,,,,,,,convenience,,,,,,,,,,,,,,,,,,,,,
node/6315687805,node/6315687805,,,,,,,,,,,,,,,,,,,,,,,,,,,,,,,,,,,,,,,,,,,,,,,,,,,,,,,,,,,,,,,,,,,,,,,,,,,,,,,,,,,,,,Lucky,,,,,,,,,,,,,,,,,,,,,,,,,,,,,,,,,,,,,,,,,,,,,,,,,,,,,,,,,,,,,,,,,,,,,,,,,,,,,,,,,,,,,,,,,,,,,,,,,,,,hotel,,,,,,,,
node/6315687806,node/6315687806,,,,,,,,,,,,,,,,,,,,,,,,,,,,,,,,,,,,,,,,,,,,,,,,,,,,,,,,,,,,,,,,,,,,,,,,,,,,,,,,,,,,,,,,,,,,,,,,,,,,,,,,,,,,,,,,,,,,,,,,,,,,,,,,,,,,,,,,,,,,,,,,,,,,,,,,,,,,,,,,,,,,,,,,,,,,,supermarket,,,,,,,,,,,,,,,,,,,,,
node/6315687817,node/6315687817,,,,,,,,,,,,,,,,,,,,,,,,,,,,,,,,,,,,,,,,,,,,,,,,,,,,,,,,,,,,,,,,,,,,,,,,,,,,,,,,,,,,,,Familymart,,,,,,,,,,,,,,,,,,,,,,,,,,,,,,,,,,,,,,,,,,,,,,,,,,,,,,,,,,,,,,,,,,,,,,,,,,,,,,,,,,,,,,,supermarket,,,,,,,,,,,,,,,,,,,,,
node/6315687991,node/6315687991,,,,,,,,,,,,,,,,,,,,,,,,,,,,,,,,,,,,,,,,,,,,,,,,,,,,,,,,,,,,,,,,,,,,,,,,,,,,,,,,,,,,,,,,,,,,,,,,,,,,,,,,,,,,,,,,,,,,,,,,,,,,,,,,,,,,,,,,,,,,,,,,,,,,,,,,,,,,,,,,,,,,,,,,,,,,,,,,,,,,,,,,,,hotel,,,,,,,,
node/6315687995,node/6315687995,,,,,,,,,,,,,,,,,,,,school,,,,,,,,,,,,,,,,,,,,,,,,,,,,,,,,,,,,,,,,,,,,,,,,,,,,,,,,,,,,,,,,,,University,,,,,,,,,,,,,,,,,,,,,,,,,,,,,,,,,,,,,,,,,,,,,,,,,,,,,,,,,,,,,,,,,,,,,,,,,,,,,,,,,,,,,,,,,,,,,,,,,,,,,,,,,,,,
node/6315688497,node/6315688497,,,,,,,,,,,,,,,,,,,,,,,,,,,,,,,,,,,,,,,,,,,,,,,,,,,,,,,,,,,,,,,,,,,,,,,,,,,,,,,,,,,,,,,,,,,,,,,,,,,,,,,,,,,,,,,,,,,,,,,,,,,,,,,,,,,,,,,,,,,,,,,,,,,,,,,,,,,,,,,,,,,,,,,,,,,,,,,,,,,,,,,,,,hotel,,,,,,,,
node/6315688589,node/6315688589,,,,,,,,,,,,,,,,,,,,school,,,,,,,,,,,,,,,,,,,,,,,,,,,,,,,,,school,,,,,,,,,,,,,,,,,,,,,,,,,H?c vi?n Ngh? thu?t Bi?u di?n & Âm nh?c Soul,,,,,,,,Soul Music & Performing Arts Academy,,,,,,,,,,,,,,,,,,,,,,,,,,,,,,,,,,,,,,,,,,,,,,,,,,,,,,,,,,,,,,,,,,,,,,,,,,,,,,,,,,,,,,,,,,,,,,,,,,,,,,,,,,,,
node/6315691885,node/6315691885,,,,,,,,,,,,,,,,,,,,,,,,,,,,,,,,,,,,,,,,,,,,,,,,,,,,,,,,,,,,,,,,,,,,,,,,,,,,,,,,,,,,,,Asian Ru0by select,,,,,,,,,,,,,,,,,,,,,,,,,,,,,,,,,,,,,,,,,,,,,,,,,,,,,,,,,,,,,,,,,,,,,,,,,,,,,,,,,,,,,,,,,,,,,,,,,,,,hotel,,,,,,,,
node/6315699185,node/6315699185,,,,,,,,,,,,,,,,,,,,,,,,,,,,,,,,,,,,,,,,,,,,,,,,,,,,,,,,,,,,,,,,,,,,,,,,,,,,,,,,,,,,,,,,,,,,,,,,,,,,,,,,,,,,,,,,,,,,,,,,,,,,,,,,,,,,,,,,,,,,,,,,,,,,,,,,,,,,,,,,,,,,,,,,,,,,,convenience,,,,,,,,,,,,,,,,,,,,,
node/6318125511,node/6318125511,,,,,,,,,,,,,,,,,,,,,,,,,,,,,,,,,,,,,,,,,,,,,,,,,,,,,,,,,,,,,,,,,,,,,,,,,,,,,,Khách S?n & Spa Alagon D'antique,,,,,,,,,,,,,,,,,,,,,,,,,,,,,,,,,,,,,,,,,,,,,,,,,,,,,,,,,,,,,,,,,,,,,,,,,,,,,,,,,,,,,,,,,,,,,,,,,,,,,,,,,,,,hotel,,,,,,,,
node/6318125514,node/6318125514,,,,,,,,,,,,,,,,,,,,,,,,,,,,,,,,,,,,,,,,,,,,,,,,,,,,,,,,,,,,,,,,,,,,,,,,,,,,,,,,,,,,,,TD Central Hotel,,,,,,,,,,,,,,,,,,,,,,,,,,,,,,,,,,,,,,,,,,,,,,,,,,,,,,,,,,,,,,,,,,,,,,,,,,,,,,,,,,,,,,,supermarket,,,,,,,,,,,,,hotel,,,,,,,,
node/6318125515,node/6318125515,,,,,,,,,,,,,,,,,,,,,,,,,,,,,,,,,,,,,,,,,,,,,,,,,,,,,,,,,,,,,,,,,,,,,,,,,,,,,,,,,,,,,,Lavender Boutique,,,,,,,,,,,,,,,,,,,,,,,,,,,,,,,,,,,,,,,,,,,,,,,,,,,,,,,,,,,,,,,,,,,,,,,,,,,,,,,,,,,,,,,,,,,,,,,,,,,,hotel,,,,,,,,
node/6318125521,node/6318125521,,,,,,,,,,,,,,,,,,,,,,,,Circle K,,,Q3268010,,,,,,,,,,,,,,,,,,,,,,,,,,,,,,,,,,,,,,,,,,,,,,,,,,,Circle K,,,,,,,,,,,,,,,,,,,,,,,,,,,,,,,,,,,,,,,,,,,,,,,,,,,,,,,,,,,,,,,,,,,,,,,,,,,,,,,,,,,,,,,,,,,,,,,convenience,,,,,,,,,,,,,,,,,,,,,
node/6318163392,node/6318163392,,,,,,,,,,,,,,,,,,,,,,,,,,,,,,,,,,,,,,,,,,,,,,,,,,,,,,,,,,,,,,,,,,,,,,,,,,,,,,,,,,,,,,Shop & go,,,,,,,,,,,,,,,,,,,,,,,,,,,,,,,,,,,,,,,,,,,,,,,,,,,,,,,,,,,,,,,,,,,,,,,,,,,,,,,,,,,,,,,supermarket,,,,,,,,,,,,,,,,,,,,,
node/6318167786,node/6318167786,,,,,,,,,,,,???ng Nguy?n Công Tr?,,,,,,,,,,,,Circle K,,,Q3268010,,,,,,,,,,,,,,,,,,,,,,,,,,,,,,,,,,,,,,,,,,,,,,,,,,,Circle K,,,,,,,,,,,,,,,,,,,,,,,,,,,,,,,,,,,,,,,,,,,,,,,,,,,,,,,,,,,,,,,,,,,,,,,,,,,,,,,,,,,,,,,,,,,,,,,convenience,,,,,,,,,,,,,,,,,,,,,
node/6319103141,node/6319103141,,,,,,,,,,,,,,,,,,,,,,,,,,,,,,,,,,,,,,,,,,,,,,,,,,,,,,,,,,,,,,,,,,,,,,,,,,,,,,,,,,,,,,,,,,,,,,,,,,,,,,,,,,,,,,,,,,,,,,,,,,,,,,,,,,,,,,,,,,,,,,,,,,,,,,,,,,,,,,,,,,,,,,,,,,,,,convenience,,,,,,,,,,,,,,,,,,,,,
node/6319103175,node/6319103175,,,,,,,,,,,,,,,,,,,,,,,,,,,,,,,,,,,,,,,,,,,,,,,,,,,,,,,,,,,,,,,,,,,,,,,,,,,,,,,,,,,,,,,,,,,,,,,,,,,,,,,,,,,,,,,,,,,,,,,,,,,,,,,,,,,,,,,,,,,,,,,,,,,,,,,,,,,,,,,,,,,,,,,,,,,,,convenience,,,,,,,,,,,,,,,,,,,,,
node/6319103178,node/6319103178,,,,,,,,,,,,,,,,,,,,,,,,,,,,,,,,,,,,,,,,,,,,,,,,,,,,,,,,,,,,,,,,,,,,,,,,,,,,,,,,,,,,,,,,,,,,,,,,,,,,,,,,,,,,,,,,,,,,,,,,,,,,,,,,,,,,,,,,,,,,,,,,,,,,,,,,,,,,,,,,,,,,,,,,,,,,,supermarket,,,,,,,,,,,,,,,,,,,,,
node/6319103228,node/6319103228,,,,,,,,,,,,,,,,,,,,,,,,,,,,,,,,,,,,,,,,,,,,,,,,,,,,,,,,,,,,,,,,,,,,,,,,,,,,,,,,,,,,,,Minimart,,,,,,,,,,,,,,,,,,,,,,,,,,,,,,,,,,,,,,,,,,,,,,,,,,,,,,,,,,,,,,,,,,,,,,,,,,,,,,,,,,,,,,,supermarket,,,,,,,,,,,,,,,,,,,,,
node/6319111397,node/6319111397,,,,,,,,,,,,,,,,,,,,,,,,,,,,,,,,,,,,,,,,,,,,,,,,,,,,,,,,,,,,,,,,,,,,,,,,,,,,,,,,,,,,,,,,,,,,,,,,,,,,,,,,,,,,,,,,,,,,,,,,,,,,,,,,,,,,,,,,,,,,,,,,,,,,,,,,,,,,,,,,,,,,,,,,,,,,,supermarket,,,,,,,,,,,,,,,,,,,,,
node/6319111453,node/6319111453,,,,,,,,,,,,,,,,,,,,,,,,,,,,,,,,,,,,,,,,,,,,,,,,,,,,,,,,,,,,,,,,,,,,,,,,,,,,,,Khách S?n S?n Tùng,,,,,,,,,,,,,,,,,,,,,,,,,,,,,,,,,,,,,,,,,,,,,,,,,,,,,,,,,,,,,,,,,,,,,,,,,,,,,,,,,,,,,,,,,,,,,,,,,,,,,,,,,,,,hotel,,,,,,,,
node/6319115357,node/6319115357,,,,,,,,,,,,,,,,,,,,,,,,Circle K,,,Q3268010,,,,,,,,,,,,,,,,,,,,,,,,,,,,,,,,,,,,,,,,,,,,,,,,,,,Circle K,,,,,,,,Circle k,,,,,,,,,,,,,,,,,,,,,,,,,,,,,,,,,,,,,,,,,,,,,,,,,,,,,,,,,,,,,,,,,,,,,,,,,,,,,,,,,,,,,,,convenience,,,,,,,,,,,,,,,,,,,,,
node/6337053079,node/6337053079,,,,,,,,,,,,,,,,,,,,,,,,,,,,,,,,,,,,,,,,,,,,,,,,,,,,,,,,,,,,,,,,,,,,,,,,,,,,,,Thorn Tong Hotel,,,,,,,,,,,,,,,,,,,,,,,,,,,,,,,,,,,,,,,,,,,,,,,,,,,,,,,,,,,,,,,,,,,,,,,,,,,,,,,,,,,,,,,,,,,,,,,,,,,,,"3",,,,,,,hotel,,,,,,,,
node/6340130547,node/6340130547,,Ho Chi Minh City,,"4",,,,"Ke Q34 Hoàng Di?u, Ph??ng 6, Qu?n 4, H? Chí Minh, Vi?t Nam",,"700000",,"Ke Q34 Hoàng Di?u, Ph??ng 6, Qu?n 4, H? Chí Minh, Vi?t Nam","6",,,,,,,,,,,,,,,,,,,,,,,,,,,,,,,,,,,,,,,,,,,,,,,,,,,,,,,,,,,,,,,,,Ph? ki?n trang trí sinh nh?t Ellie Party,,,,,,,,,,,,,,,,,,,,,,,,,,,,,,,,,,,,,,,,,,,,,,,,,,,,Mo-Su 07:00-22:00,,https://www.facebook.com/phukientrangtriellieparty/,,,,,,,,,,,,,,,,,,,,,,,,,,,,,,,,,,,,,,,,,supermarket,,,,,,,,,,,,,,,,,,,,,
node/6342279487,node/6342279487,,,,,,,,,,,,,,,,,,,,,,,,,,,,,,,,,,,,,,,,,,,,,,,,,,,,,,,,,,,,,,,,,,,,,,,,,,,,,,Khách S?n Spotlight,,,,,,,,,,,,,,,,,,,,,,,,,,,,,,,,,,,,,,,,,,,,,,,,,,,,,,,,,,,,,,,,,,,,,,,,,,,,,,,,,,,,,,,,,,,,,,,,,,,,,,,,,,,,hotel,,,,,,,,
node/6342764685,node/6342764685,,,,,,,,,,,,,,,,,,,,,,,,,,,,,,,,,,,,,,,,,,,,,,,,,,,,,,,,,,,,,,,,,,,,,,,,,,,,,,,,,,,,,,Green Tea,,,,,,,,,,,,,,,,,,,,,,,,,,,,,,,,,,,,,,,,,,,,,,,,,,,,,,,,,,,,,,,,,,,,,,,,,,,,,,,,,,,,,,,,,,,,,,,,,,,,hotel,,,,,,,,
node/6345750785,node/6345750785,,,,,,,,,,,,,,,,,,,,,,,,,,,,,,,,,,,,,,,,,,,,,,,,,,,,,,,,,,,,,,,,,,,,,,,,,,,,,,,,,,,,,,asian kitchen hotel,,,,,,,,,,,,,,,,,,,,,,,,,,,,,,,,,,,,,,,,,,,,,,,,,,,,,,,,,,,,,,,,,,,,,,,,,,,,,,,,,,,,,,,,,,,,,,,,,,,,hotel,,,,,,,,
node/6353660885,node/6353660885,,,,,,,,,,,,,,,,,,,,,,,,,,,,,,,,,,,,,,,,,,,,,,,,,,,,,,,,,,,,,,,,,,,,,,,,,,,,,,,,,,,,,,,,,,,,,,,,,,,,,,,,,,,,,,,,,,,,,,,,,,,,,,,,,,,,,,,,,,,,,,,,,,,,,,,,,,,,,,,,,,,,,,,,,,,,,supermarket,,,,,,,,,,,,,,,,,,,,,
node/6361692985,node/6361692985,,,,,,,,1/31,,"70000",,Phó Ð?c Chính,,,,,,,,,,,,,,,,,,,,,,,,,,,,,,,,,,,,,,,,,,,qmq.homestay@gmail.com,,,,,,,,,,,,wlan,,,,,,,,,,,Nhà Khách QMQ,,,,,,,,,,,,,Vietnamese,,,,,,,,,,,,,,,,,,,,,,,,,,,,,,,,,,,,,,,24/7,,Ms Linh,,,,,,,,,,,,,,,,,,,,,,,,,,,,"0888302168",,,,,,,,,,,,,,,,,,,,,,,,,,hotel,,,https://m.facebook.com/419554571863425/posts/553665381785676?sfns=mo,,,,,
node/6397830946,node/6397830946,,H? Chí Minh City,,District 3,,,,259B,,"700000",H? Chí Minh,Hai Bà Tr?ng,Ward 6,,,,,,,school,,,,,,,,,,,,,,,,,,,,,,,,,,,"Tr??ng ?ào t?o qu?n tr? nhà hàng khách s?n á âu, v?i các khóa h?c qu?n tr? qu?n lý nhà hàng khách s?n ng?n h?n chu?n qu?c t? 5 sao.
Website: https://quantrinhahang.edu.vn/
?i?n tho?i: 18006148",,,,,,school,,,,,,,,,,,,,,,,,,,,,,,,,Trung Tâm ?ào T?o Qu?n Tr? Nhà Hàng Khách S?n Á Âu,,,,,,,,,,,,,,,,,,,,,,,,,,,,,,,,,,,,,,,,,,,,,,,,,,,,,,,,,,,,,,,,,,,,,,,,,,,,,,,,,,,,,,,,,,,,,,,,,,,,,,,,,,,,,,,,,,,,
node/6442018087,node/6442018087,,,,,,,,,,,,,,,,,,,,,,,,,,,,,,,,,,,,,,,,,,,,,,,,,,,,,,,,,,,,,,,,,,,,,,,,,,,,,,,,,,,,,,Satra Foods,,,,,,,,,,,,,,,,,,,,,,,,,,,,,,,,,,,,,,,,,,,,,,,,,,,,,,,,,,,,,,,,,,,,,,,,,,,,,,,,,,,,,,,supermarket,,,,,,,,,,,,,,,,,,,,,
node/6536295069,node/6536295069,,,,,,,,"235",,,,Nguy?n V?n C?,,,,,,,,school,,,,,,,,,,,,,,,,,,,,,,,,,,,,,,,,,,,chlhp@lehongphong.edu.vn,,(84 -28) 38353089,,,,,,,,,,,,,,,,,,,,,Tr??ng Trung h?c ph? thông Chuyên Lê H?ng Phong,,,,,,,,,,,,,,,,,,,,,,,,,,,,,,,,,,,,,,,,,,,,,,,,,,,,,,,,,,,,,,,,,,,,,,,,,,,,,,,,,,(84 - 28) 38398506.,,,,,,,,,,,,,,,,,,,,,,,,,,,,,http://www.thpt-lehongphong-tphcm.edu.vn/,,,,,
node/6544500359,node/6544500359,,Ho Chi Minh City,,Qu?n 1,,,,"103",,,,???ng Nguy?n Công Tr?,Ph??ng Nguy?n Thái Bình,,,,,,,,,,,,,,,,,,,,,,,,,,,,,,,,,,,,,,,,,,,,,,,,,,,,,,,,,,,,,,,,,Khách S?n Anh Duy,,,,,,,,,,,,,,,,,,,,,,,,,,,,,,,,,,,,,,,,,,,,,,,,,,,,,,,,,,,,,,,,,,,,,,,,,,,,,,,,,,,,,,,,,,,,,,,,,,,,,,,,,,,,hotel,,,,,,,,
node/6574398185,node/6574398185,,,,,,,,,,,,,,,,,,,,school,,,,,,,,,,,,,,,,,,,,,,,,,,,,,,,,,,,,,,,,,,,,,,,,,,,,,,,,,,Tr??ng Ti?u H?c Tri?u Th? Trinh,,,,,,,,,,,,,,,,,,,,,,,,,,,,,,,,,,,,,,,,,,,,,,,,,,,,,,,,,,,,,,,,,,,,,,,,,,,,,,,,,,,,,,,,,,,,,,,,,,,,,,,,,,,,,,,,,,,,
node/6640961486,node/6640961486,,,,,,,,,,,,,,,,,,,,,,,,,,,,,,,,,,,,,,,,,,,,,,,,,,,,,,,,,,,,,,,,,,,,,,,,,,,,,,Khách S?n Pandora,,,,,,,,,,,,,,,,,,,,,,,,,,,,,,,,,,,,,,,,,,,,,,,,,,,,,,,,,,,,,,,,,,,,,,,,,,,,,,,,,,,,,,,,,,,,,,,,,,,,,,,,,,,,hotel,,,,,,,,
node/6727498621,node/6727498621,,,,,,,,,,,,???ng Ph?m Vi?t Chánh,,,,,,,,,,,,Circle K,,,,,,,,,,,,,,,,,,,,,,,,,,,,,,,,,,,,,,,,,,,,,,,,,,,,,,Circle K,,,,,,,,,,,,,,,,,,,,,,,,,,,,,,,,,,,,,,,Q3268010,,,,,,,,,,,,,,,,,,,,,,,,,,,,,,,,,,,,,,,,,,,,,,,,,,,,,,,,convenience,,,,,,,,,,,,,,,,,,,,,
node/6772694507,node/6772694507,,,,,,,,,,,,???ng Nguy?n Tr??ng T?,,,,,,,,,,,,Circle K,,,Q3268010,,,,,,,,,,,,,,,,,,,,,,,,,,,,,,,,,,,,,,,,,,,,,,,,,,,Circle K,,,,,,,,,,,,,,,,,,,,,,,,,,,,,,,,,,,,,,,,,,,,,,,,,,,,,,,,,,,,,,,,,,,,,,,,,,,,,,,,,,,,,,,,,,,,,,,convenience,,,,,,,,,,,,,,,,,,,,,
node/6772783486,node/6772783486,,,,,,,,"183",,,,???ng Hoàng Di?u,,,,,,,,,,,VN,Ministop,,,Q1038929,,,,,,,,,,,,,,,,,,,,,,,,,,,,,,,,,,,,,,,,,,,,,,,,,,,Ministop,,,,,,,,,,,,,,,,,,,,,,,,,,,,,,,,,,,,,,,,,,,,,,,,,,,,,,,,,,,,,,,,,,,,,,,,,,,,,,,,,,,,,,,,,,,,,,,convenience,,,,,,,,,,,,,,,,,,,,,
node/6773185221,node/6773185221,,,,,,,,,,,,,,,,,,,,,,,,Circle K,,,Q3268010,,,,,,,,,,,,,,,,,,,,,,,,,,,,,,,,,,,,,,,,,,,,,,,,,,,Circle K,,,,,,,,,,,,,,,,,,,,,,,,,,,,,,,,,,,,,,,,,,,,,,,,,,,,,,,,,,,,,,,,,,,,,,,,,,,,,,,,,,,,,,,,,,,,,,,convenience,,,,,,,,,,,,,,,,,,,,,
node/6773185223,node/6773185223,,,,,,,,,,,,???ng Tôn ??n,,,,,,,,,,,,Circle K,,,Q3268010,,,,,,,,,,,,,,,,,,,,,,,,,,,,,,,,,,,,,,,,,,,,,,,,,,,Circle K,,,,,,,,,,,,,,,,,,,,,,,,,,,,,,,,,,,,,,,,,,,,,,,,,,,,,,,,,,,,,,,,,,,,,,,,,,,,,,,,,,,,,,,,,,,,,,,convenience,,,,,,,,,,,,,,,,,,,,,
node/6783472668,node/6783472668,,,,,,,"107",,,,,Nguy?n T?t Thành,,,,,,,,,,,,,,,,,,,,,,,,,,,,,,,,,,,,,,,,,,,,,,,,,,,,,,,,,,,,,,,,,,Satra Foods,,,,,,,,,,,,,,,,,,,,,,,,,,,,,,,,,,,,,,,,,,,,,,,,,,,,,,,,,,,,,,,,,,,,,,,,,,,,,,,,,,,,,,,,,,,,,,,supermarket,,,,,,,,,,,,,,,,,,,,,
node/6790696602,node/6790696602,,,,,,,,,,,,???ng Bùi Vi?n,,,,,,,,,,,,Circle K,,,Q3268010,,,,,,,,,,,,,,,,,,,,,,,,,,,,,,,,,,,,,,,,,,,,,,,,,,,Circle K,,,,,,,,,,,,,,,,,,,,,,,,,,,,,,,,,,,,,,,,,,,,,,,,,,,,,,,,,,,,,,,,,,,,,,,,,,,,,,,,,,,,,,,,,,,,,,,convenience,,,,,,,,,,,,,,,,,,,,,
node/6791076695,node/6791076695,,Ho Chi Minh City,,"5",,,,,,"70000",Thành ph? H? Chí Minh,???ng Nguy?n V?n C?,"4",,,,,,,,,,,GS 25,,,,,,,,,,,,,,,,,,,,,,,,,,,,,,,,,,,,,,,,,,,,,,,,,,,,,,GS25,,,,,,,,,,,,,,,,,,,,,,,,,,,,,,,,,,,,,,,Q624041,,,,,,,,,,,,,24/7,,,,,,,,,,,,,,,,,,,,,,,,,,,,,,,,,,,,,,,,,,,convenience,,,,,,,,,,,,,,,,,,,,,
node/6793455984,node/6793455984,,,,,,,,,,,,???ng Nguy?n Công Tr?,,,,,,,,,,,,Circle K,,,Q3268010,,,,,,,,,,,,,,,,,,,,,,,,,,,,,,,,,,,,,,,,,,,,,,,,,,,Circle K,,,,,,,,,,,,,,,,,,,,,,,,,,,,,,,,,,,,,,,,,,,,,,,,,,,,,,,,,,,,,,,,,,,,,,,,,,,,,,,,,,,,,,,,,,,,,,,convenience,,,,,,,,,,,,,,,,,,,,,
node/6793862984,node/6793862984,,,,,,,,,,,,???ng Ði?n Biên Ph?,,,,,,,,,,,,WinMart+,,,Q113236478,,,,,,,,,,,,,,,,,,,,,,,,,,,,,,,,,,,,,,,,,,,,,,,,,,,WinMart+,,,,,,,,,,,,,,,,,,,,,,,,,,,,,,,,,,,,,,,,,,,,,,,,,,,,,,,,,,,,,,,,,,,,,,,,,,,,,,,,,,,,,,,,,,,,,,,convenience,,,,,,,,,,,,,,,,,,,,,
node/6793955844,node/6793955844,,,,,,,,,,,,???ng H? H?o H?n,,,,,,,,,,,,WinMart+,,,Q113236478,,,,,,,,,,,,,,,,,,,,,,,,,,,,,,,,,,,,,,,,,,,,,,,,,,,WinMart+,,,,,,,,,,,,,,,,,,,,,,,,,,,,,,,,,,,,,,,,,,,,,,,,,,,,Mo-Su 06:00-22:00,,,,,,,,,,,,,,,,,,,,,,,,,,,,,,,,,,,,,,,,,,,convenience,,,,,,,,,,,,,,,,,,,,,
node/6794018035,node/6794018035,,,,,,,,,,,,???ng Nguy?n Thi?n Thu?t,,,,,,,,,,,,,,,,,,,,,,,,,,,,,,,,,,,,,,,,,,,,,,,,,,,,,,,,,,,,,,,,,,Ministop,,,,,,,,,,,,,,,,,,,,,,,,,,,,,,,,,,,,,,,,,,,,,,,,,,,,,,,,,,,,,,,,,,,,,,,,,,,,,,,,,,,,,,,,,,,,,,,convenience,,,,,,,,,,,,,,,,,,,,,
node/6811490336,node/6811490336,,,,,,,,238-240-242,,,,Hòa H?ng,,,,,,,,school,,,,,,,,,,,,,,,,,,,,,,,,,,,,,,,,,,,,,,,,,,,,,,,,,,,,,,,,,,Trung Tâm T? V?n Du H?c Qu?c T?,,,,,,,,,,,,,,,,,,,,,,,,,,,,,,,,,,,,,,,,,,,,,,,,,,,,,,,,,,,,,,,,,,,,,,,,,,,,,,,,,,,,,,,,,,,,,,,,,,,,,,,,,,,,,,,,,,,,
node/6811490352,node/6811490352,,,,,,,,"252",,,,Hòa H?ng,,,,,,,,,,,,,,,,,,,,,,,,,,,,,,,,,,,,,,,,,,,,,,,,,,,,,,,,,,,,,,,,,,T?p Hóa 252,,,,,,,,,,,,,,,,,,,,,,,,,,,,,,,,,,,,,,,,,,,,,,,,,,,,,,,,,,,,,,,,,,,,,,,,,,,,,,,,,,,,,,,,,,,,,,,convenience,,,,,,,,,,,,,,,,,,,,,
node/6924913885,node/6924913885,,,,,,,,,,,,,,,,,,,,,,,,,,,,,,,,,,,,,,,,,,,,,,,,,,,,,,,,,,,,,,,,,,,,,,,,,,,,,,Khách S?n RedDoorz,,,,,,,,,,,,,,,,,,,,,,,,,,,,,,,,,,,,,,,,,,,,,,,,,,,,,,,,,,,,,,,,,,,,,,,,,,,,,,,,,,,,,,,,,,,,,,,,,,,,,,,,,,,,hotel,,,,,,,,
node/7013019385,node/7013019385,,,,,,,,,,,,,,,,,,,,,,,,,,,,,,,,,,,,,,,,,,,,,,,,,,,,,,,,,,,,,,,,,,,,,,,,,,,,,,,,,,,,,,Circle K,,,,,,,,,,,,,,,,,,,,,,,,,,,,,,,,,,,,,,,,,,,,,,,,,,,,,,,,,,,,,,,,,,,,,,,,,,,,,,,,,,,,,,,convenience,,,,,,,,,,,,,,,,,,,,,
node/7025492986,node/7025492986,,,,,,,,,,,,,,,,,,,,,,,,,,,,,,,,,,,,,,,,,,,,,,,,,,,,,,,,,,,,,,,,,,,,,,,,,,,,,,Khách S?n Ailen Garden,,,,,,,,,,,,,,,,,,,,,,,,,,,,,,,,,,,,,,,,,,,,,,,,,,,,,,,,,,,,,,,,,,,,,,,,,,,,,,,,,,,,,,,,,,,,,,,,,,,,,,,,,,,,hotel,,,,,,,,
node/7041918753,node/7041918753,,,,,,,,,,,,,,,,,,,,,,,,FamilyMart,,,Q11247682,,,,,,,,,,,,,,,,,,,,,,,,,,,,,,,,,,,,,,,,,,,,,,,,,,,FamilyMart,,,,,,,,,,,,,,,,,,,,,,,,,,,,,,,,,,,,,,,,,,,,,,,,,,,,24/7,,,,,,,,,,,,,,,,,,,,,,,,,,,,,,,,,,,,,,,,,,,convenience,,,,,,,,,,,,,,,,,,,,,
node/7065349285,node/7065349285,,,,,,,,,,,,,,,,,,,,,,,,,,,,,,,,,,,,,,,,,,,,,,,,,,,,,,,,,,,,,,,,,,,,,,,,,,,,,,Cirkle K,,,,,,,,,,,,,,,,,,,,,,,,,,,,,,,,,,,,,,,,,,,,,,,,,,,,,,,,,,,,,,,,,,,,,,,,,,,,,,,,,,,,,,,,,,,,,,,convenience,,,,,,,,,,,,,,,,,,,,,
node/7065354587,node/7065354587,,,,,,,,,,,,,,,,,,,,,,,,WinMart+,,,Q113236478,,,,,,,,,,,,,,,,,,,,,,,,,,,,,,,,,,,,,,,,,,,,,,,,,,,WinMart+,,,,,,,,VinMart+,,,,,,,,,,,,,,,,,,,,,,,,,,,,,,,,,,,,,,,,,,,,,,,,,,,,,,,,,,,,,,,,,,,,,,,,,,,,,,,,,,,,,,,convenience,,,,,,,,,,,,,,,,,,,,,
node/7065365585,node/7065365585,,,,,,,,,,,,,,,,,,,,,,,,,,,,,,,,,,,,,,,,,,,,,,,,,,,,,,,,,,,,,,,,,,,,,,,,,,,,,,,,,,,,,,10k shop,,,,,,,,,,,,,,,,,,,,,,,,,,,,,,,,,,,,,,,,,,,,,,,,,,,,,,,,,,,,,,,,,,,,,,,,,,,,,,,,,,,,,,,convenience,,,,,,,,,,,,,,,,,,,,,
node/7094702392,node/7094702392,,,,,,,,"280",,,,Nam K? Kh?i Ngh?a,,,,,,,,,,,,,,,,,,,,,,,,,,,,,,,,,,,,,,,,,,,,,,,,,,,,,,,,,,,,,,,,,,Khách s?n La Vela Sài Gòn,,,,,,,,,,,,,,,,,,,,,,,,,,,,,,,,,,,,,,,,,,,,,,,,,,,,,,,,,,,,,,,,,,,,,,,,,,,,,,,,,,,,,,,,,,,,,,,,,,,,,,,,,,,,hotel,,,,,,,,
node/7101615285,node/7101615285,,,,,,,,,,,,,,,,,,,,,,,,,,,,,,,,,,,,,,,,,,,,,,,,,,,,,,,,,,,,,,,,,,,,,,,,,,,,,,C?a Hàng Ti?n L?i G25,,,,,,,,,,,,,,,,,,,,,,,,,,,,,,,,,,,,,,,,,,,,,,,,,,,,,,,,,,,,,,,,,,,,,,,,,,,,,,,,,,,,,,,,,,,,,,,convenience,,,,,,,,,,,,,,,,,,,,,
node/7109127689,node/7109127689,,,,,,,,,,,,,,,,,,,,,,,,,,,,,,,,,,,,,,,,,,,,,,,,,,,,,,,,,,,,,,,,,,,,,,,,,,,,,,,,,,,,,,TD Central Hotel,,,,,,,,,,,,,,,,,,,,,,,,,,,,,,,,,,,,,,,,,,,,,,,,,,,,,,,,,,,,,,,,,,,,,,,,,,,,,,,,,,,,,,,,,,,,,,,,,,,,hotel,,,,,,,,
node/7165684985,node/7165684985,,,,,,,,"126",,,,???ng Ð? Thám,,,,,,,,,,,,,,,,,,,,,,,,,,,,,,,,,,,,,,,,,,,,,,,,,,,,,,,,,,,,,,,,,,,,,,,,,,A-in Hôtel del Luna,,,,,,,,,,,,,,,,,,,,,,,,,,,,,,,,,,,,,,,,,,,,,,,,,,,,,,,,,,,,,,,,,,,,,,,,,,,,,,,,,,,,,,,,,,,,,,,,,,,,hotel,,,,,,,,
node/7169744385,node/7169744385,,,,,,,,,,,,,,,,,,,,,,,,Cheers,,,Q64154066,,,,,,,,,,,,,,,,,,,,,,,,,,,,,,,,,,,,,,,,,,,,,,,,,,,Cheers,,,,,,,,,,,,,,,,,,,,,,,,,,,,,,,,,,,,,,,,,,,,,,,,,,,,24/7,,,,,,,,,,,,,,,,,,,,,,,,,,,,,,,,,,,,,,,,,,,convenience,,,,,,,,,,,,,,,,,,,,,
node/7171012885,node/7171012885,,,,,,,,,,,,,,,,,,,,,,,,Circle K,,,Q3268010,en:Circle K,,,,,,,,,,,,,,,,,,,,,,,,,,,,,,,,,,,,,,,,,,,,,,,,,,Circle K,,,,,,,,,,,,,,,,,,,,,,,,,,,,,,,,,,,,,,,,,,,,,,,,,,,,,,,,,,,,,,,,,,,,,,,,,,,,,,,,,,,,,,,,,,,,,,,convenience,,,,,,,,,,,,,,,,,,,,,
node/7180702385,node/7180702385,,,,,,,,35e,,,,Nguy?n Trung Tr?c,,,,,,,,,,,,,,,,,,,,,,,,,,,,,,,,,,,,,,,,,,,,,,,,,,,,,,,wlan,,,,,,,,,,,Khách S?n Anh Thiên,,,,,,,,Anh Thien,,,,,,,,,,,,,,,,,,,,,,,,Ánh Thiên,,,,,,,,,,,,,,,,,,,,,,,,,,,,,,,,,,,,,,,,,,,,,,,,,,,,,,,,,,,,,,,,,,,,,,,,,,,,hotel,,,,,,,,
node/7239180627,node/7239180627,,,,,,,,,,,,,,,,,,,,,,,,,,,,,,,,,,,,,,,,,,,,,,,,,,,,,,,booking@condodo.com,,,,,,,,,,,,wlan,no,,,,,,,,,,Khách S?n Condodo,,,,,,,,,,,,,,,,,,,,,,,,,,,,,,,,,,,,,,,,,,,,,,,,,,,,,,,,,,,,,,,,,,,,,,,,,,,,,,,,,,+84 767 705 433,,,,,,,,,,,,,,,,,outside,,,,,,,,,hotel,,,https://condodo.com/,no,,,,
node/7239206161,node/7239206161,,,,,,,,,,,,,,,,,,,,,,,,,,,,,,,,,,,,,,,,,,,,,,,,,,,,,,,booking@condodo.com,,,,,,,,,,,,wlan,no,,,,,,,,,,Khách S?n Condodo,,,,,,,,,,,,,,,,,,,,,,,,,,,,,,,,,,,,,,,,,,,,,,,,,,,,,,,,,,,,,,,,,,,,,,,,,,,,,,,,,,+84 767 705 433,,,,,,,,,,,,,,,,,,,,,,,,,,hotel,,,https://condodo.com/,no,,,,
node/7244573685,node/7244573685,,,,,,,,,,,,,,,,,,,,,,,,,,,,,,,,,,,,,,,,,,,,,,,,,,,,,,,,,,,,,,,,,,,,,,,,,,,,,,Khách S?n Bsun,,,,,,,,,,,,,,,,,,,,,,,,,,,,,,,,,,,,,,,,,,,,,,,,,,,,,,,,,,,,,,,,,,,,,,,,,,,,,,,,,,,,,,,,,,,,,,,,,,,,,,,,,,,,hotel,,,,,,,,
node/7249751985,node/7249751985,,,,,,,,217/29/1,,,,H?m Ð? Thám,,,,,,,,,,,,,,,,,,,,,,,,,,,,,,,,,,,,,,,,,,,,,,,,,,,,,,,,,,,,,,,,,,Khách S?n Travel Home,,,,,,,,,,,,,,,,,,,,,,,,,,,,,,,,,,,,,,,,,,,,,,,,,,,,,,,,,,,,,,,,,,,,,,,,,,,,,,,,,,,,,,,,,,,,,,,,,,,,,,,,,,,,hotel,,,,,,,,
node/7259887283,node/7259887283,,,,,,,,,,,,"58/3 Nguy?n Hi?n,  Ho-Chi-Minh-Stadt , Vietnam",,,,,,,,,,,,,,,,,,,,,,,,,,,,,,,,,,,guesthouse,,,,,,,,,,,,,,,,,,,,,,,,,,,,,,,Khách S?n Hello SaiGon,,,,,,,,,,,,,,,,,,,,,,,,,,,,,,,,,,,,,,,,,,,,,,,,,,,,,,,,,,,,,,,,,,,,,,,,,,,,,,,,,,"+84939300193",,,,,,,,,,,,,,,,,,,,,,,,,,hotel,,,,,,,,
node/7273856285,node/7273856285,,,,,,,,,,,,,,,,,,,,,,,,,,,,,,,,,,,,,,,,,,,,,,,,,,,,,,,,,,,,,,,,,,,,,,,,,,,,,,,,,,,,,,springhotel,,,,,,,,,,,,,,,,,,,,,,,,,,,,,,,,,,,,,,,,,,,,,,,,,,,,,,,,,,,,,,,,,,,,,,,,,,,,,,,,,,,,,,,,,,,,,,,,,,,,hotel,,,,,,,,
node/7312304285,node/7312304285,,,,,,,,,,,,,,,,,,,,,,,,,,,,,,,,,,,,,,,,,,,,,,,,,,,,,,,,,,,,,,,,,,,,,,,,,,,,,,Khách S?n ?ông Du,,,,,,,,,,,,,,,,,,,,,,,,,,,,,,,,,,,,,,,,,,,,,,,,,,,,,,,,,,,,,,,,,,,,,,,,,,,,,,,,,,,,,,,,,,,,,,,,,,,,,,,,,,,,hotel,,,,,,,,
node/7330908685,node/7330908685,,,,,,,,,,,,,,,,,,,,,,,,FamilyMart,,,Q11247682,,,,,,,,,,,,,,,,,,,,,,,,,,,,,,,,,,,,,,,,,,,,,,,,,,,FamilyMart,,,,,,,,,,,,,,,,,,,,,,,,,,,,,,,,,,,,,,,,,,,,,,,,,,,,,,,,,,,,,,,,,,,,,,,,,,,,,,,,,,,,,,,,,,,,,,,convenience,,,,,,,,,,,,,,,,,,,,,
node/7436469385,node/7436469385,,,,,,,,,,,,Nguy?n Phúc Nguyên,,,,,,,,,,,,WinMart,,,Q60245505,,,,,,,,,,,,,,,,,,,,,,,,,,,,,,,,,,,,,,,,,,,,,,,,,,,WinMart,,,,,,,,,,,,,,,,,,,,,,,,,,,,,,,,,,,,,,,Q60245505,,,,,,,,,,,,,,,,,,,,,,,,,,,,,,,,,,,,,,,,,,,,,,,,,,,,,,,,supermarket,,,,,,,,,,,,,,,,,,,,,
node/7529106375,node/7529106375,,,,,,,,,,,,,,,,,,,,,,,,7-Eleven,,,Q259340,,,,,,,,,,,,,,,,,,,,,,,,,,,,,,,,,,,,,,,,,,,,,,,,,,,7-Eleven,,,,,,,,,,,,,,,,,,,,,,,,,,,,,,,,,,,,,,,,,,,,,,,,,,,,,,,,,,,,,,,,,,,,,,,,,,,,,,,,,,,,,,,,,,,,,,,convenience,,,,,,,,,,,,,,,,,,,,,
node/7529106403,node/7529106403,,,,,,,,,,,,,,,,,,,,,,,,FamilyMart,,,Q11247682,,,,,,,,,,,,,,,,,,,,,,,,,,,,,,,,,,,,,,,,,,,,,,,,,,,FamilyMart,,,,,,,,,,,,,,,,,,,,,,,,,,,,,,,,,,,,,,,,,,,,,,,,,,,,,,,,,,,,,,,,,,,,,,,,,,,,,,,,,,,,,,,,,,,,,,,convenience,,,,,,,,,,,,,,,,,,,,,
node/7961633588,node/7961633588,,,,,,,,,,,,,,,,,,,,,,,,,,,,,,,,,,,,,,,,,,,,,,,,,,,,,,,,,,,,,,,,,,,,,,,,,,,,,,Khách S?n Icon 36,,,,,,,,,,,,,,,,,,,,,,,,,,,,,,,,,,,,,,,,,,,,,,,,,,,,,,,,,,,,,,,,,,,,,,,,,,,,,,,,,,,,,,,,,,,,,,,,,,,,,,,,,,,,hotel,,,,,,,,
node/9584806614,node/9584806614,,,,,,,,,,,,,,,,,,,,,,,,,,,,,,,,,,,,,,,,,,,,,,,,,,,,,,,,,,,,,,,,,,,,,,,,,,,,,,Khách S?n Citadines Regency Saigon,,,,,,,,,,,,,,,,,,,,,,,,,,,,,,,,,,,,,,,,,,,,,,,,,,,,,,,,,,,,,,,,,,,,,,,,,,,,,,,,,,,,,,,,,,,,,,,,,,,,,,,,,,,,hotel,,,,,,,,
node/9584814610,node/9584814610,,,,,,,,,,,,,,,,,,,,,,,,,,,,,,,,,,,,,,,,,,,,,,,,,,,,,,,,,,,,,,,,,,,,,,,,,,,,,,Khách S?n Central Palace,,,,,,,,,,,,,,,,,,,,,,,,,,,,,,,,,,,,,,,,,,,,,,,,,,,,,,,,,,,,,,,,,,,,,,,,,,,,,,,,,,,,,,,,,,,,,,,,,,,,,,,,,,,,hotel,,,,,,,,
node/9584824717,node/9584824717,,,,,,,,,,,,,,,,,,,,,,,,,,,,,,,,,,,,,,,,,,,,,,,,,,,,,,,,,,,,,,,,,,,,,,,,,,,,,,Khách S?n Novotel Saigon Centre,,,,,,,,,,,,,,,,,,,,,,,,,,,,,,,,,,,,,,,,,,,,,,,,,,,,,,,,,,,,,,,,,,,,,,,,,,,,,,,,,,,,,,,,,,,,,,,,,,,,,,,,,,,,hotel,,,,,,,,
node/9584833419,node/9584833419,,,,,,,,,,,,,,,,,,,,,,,,,,,,,,,,,,,,,,,,,,,,,,,,,,,,,,,,,,,,,,,,,,,,,,,,,,,,,,Khách S?n Rosa & Spa,,,,,,,,Rosa Hotel & Spa,,,,,,,,,,,,,,,,,,,,,,,,,,,,,,,,,,,,,,,,,,,,,,,,,,,,,,,,,,,,,,,,,,,,,,,,,,,,,,,,,,,,,,,,,,,,,,,,,,,,hotel,,,,,,,,
node/9584833420,node/9584833420,,,,,,,,,,,,,,,,,,,,,,,,,,,,,,,,,,,,,,,,,,,,,,,,,,,,,,,,,,,,,,,,,,,,,,,,,,,,,,Khách S?n Ruby Saigon Suites,,,,,,,,,,,,,,,,,,,,,,,,,,,,,,,,,,,,,,,,,,,,,,,,,,,,,,,,,,,,,,,,,,,,,,,,,,,,,,,,,,,,,,,,,,,,,,,,,,,,,,,,,,,,hotel,,,,,,,,
node/9584833431,node/9584833431,,,,,,,,,,,,,,,,,,,,,,,,,,,,,,,,,,,,,,,,,,,,,,,,,,,,,,,,,,,,,,,,,,,,,,,,,,,,,,Khách S?n Sila Urban Living,,,,,,,,,,,,,,,,,,,,,,,,,,,,,,,,,,,,,,,,,,,,,,,,,,,,,,,,,,,,,,,,,,,,,,,,,,,,,,,,,,,,,,,,,,,,,,,,,,,,,,,,,,,,hotel,,,,,,,,
node/9584833438,node/9584833438,,,,,,,,,,,,,,,,,,,,,,,,,,,,,,,,,,,,,,,,,,,,,,,,,,,,,,,,,,,,,,,,,,,,,,,,,,,,,,Khách S?n MGallery Des Arts Saigon,,,,,,,,,,,,,,,,,,,,,,,,,,,,,,,,,,,,,,,,,,,,,,,,,,,,,,,,,,,,,,,,,,,,,,,,,,,,,,,,,,,,,,,,,,,,,,,,,,,,,,,,,,,,hotel,,,,,,,,
node/9584833447,node/9584833447,,,,,,,,,,,,,,,,,,,,school,,,,,,,,,,,,,,,,,,,,,,,,,,,,,,,,,,,,,,,,,,,,,,,,,,,,,,,,,,UEH-ISB Vi?n ?ào T?o Qu?c T?,,,,,,,,,,,,,,,,,,,,,,,,,,,,,,,,,,,,,,,,,,,,,,,,,,,,,,,,,,,,,,,,,,,,,,,,,,,,,,,,,,,,,,,,,,,,,,,,,,,,,,,,,,,,,,,,,,,,
node/9584833451,node/9584833451,,,,,,,,,,,,,,,,,,,,,,,,,,,,,,,,,,,,,,,,,,,,,,,,,,,,,,,,,,,,,,,,,,,,,,,,,,,,,,Khách S?n Minh Tâm,,,,,,,,,,,,,,,,,,,,,,,,,,,,,,,,,,,,,,,,,,,,,,,,,,,,,,,,,,,,,,,,,,,,,,,,,,,,,,,,,,,,,,,,,,,,,,,,,,,,,,,,,,,,hotel,,,,,,,,
node/9584833473,node/9584833473,,,,,,,,,,,,,,,,,,,,,,,39 B?n Vân ??n,7-Eleven,,,Q259340,,,,,,,,,,,,,,,,,,,,,,,,,,,,,,,,,,,,,,,,,,,,,,,,,,,7-Eleven,,,,,,,,,,,,,,,,,,,,,,,,,,,,,,,,,,,,,,,,,,,,,,,,,,,,,,,,,,,,,,,,,,,,,,,,,,,,,,,,,,,,,,,,,,,,,,,convenience,,,,,,,,,,,,,,,,,,,,,
node/9584841106,node/9584841106,,,,,,,,,,,,,,,,,,,,marketplace,,,,,,,,,,,,,,,,,,,,,,,,,,,,,,,,,,,,,,,,,,,,,,,,,,,,,,,,,,Ch? Hoa H? Th? K?,,,,,,,,,,,,,,,,,,,,,,,,,,,,,,,,,,,,,,,,,,,,,,,,,,,,,,,,,,,,,,,,,,,,,,,,,,,,,,,,,,,,,,,,,,,,,,,,,,,,,,,,,,,,,,,,,,,,
node/9584911952,node/9584911952,,,,,,,,,,,,,,,,,,,,,,,,,,,,,,,,,,,,,,,,,,,,,,,,,,,,,,,,,,,,,,,,,,,,,,,,,,,,,,Saigon Mall Cao Th?ng,,,,,,,,,,,,,,,,,,,,,,,,,,,,,,,,,,,,,,,,,,,,,,,,,,,,,,,,,,,,,,,,,,,,,,,,,,,,,,,,,,,,,,,,,,,,,,,mall,,,,,,,,,,,,,,,,,,,,,
node/9584911957,node/9584911957,,,,,,,,,,,,,,,,,,,,,,,,,,,,,,,,,,,,,,,,,,,,,,,,,,,,,,,,,,,,,,,,,,,,,,,,,,,,,,Siêu Th? Aeon Citimart Cao Th?ng,,,,,,,,,,,,,,,,,,,,,,,,,,,,,,,,,,,,,,,,,,,,,,,,,,,,,,,,,,,,,,,,,,,,,,,,,,,,,,,,,,,,,,,,,,,,,,,supermarket,,,,,,,,,,,,,,,,,,,,,
node/9584932185,node/9584932185,,,,,,,,,,,,,,,,,,,,,,,8A 11D1 Thái V?n Lung,Circle K,,,Q3268010,,,,,,,,,,,,,,,,,,,,,,,,,,,,,,,,,,,,,,,,,,,,,,,,,,,Circle K,,,,,,,,,,,,,,,,,,,,,,,,,,,,,,,,,,,,,,,,,,,,,,,,,,,,,,,,,,,,,,,,,,,,,,,,,,,,,,,,,,,,,,,,,,,,,,,convenience,,,,,,,,,,,,,,,,,,,,,
node/9585117677,node/9585117677,,,,,,,,,,,,,,,,,,,,,,,,,,,,,,,,,,,,,,,,,,,,,,,,,,,,,,,,,,,,,,,,,,,,,,,,,,,,,,Siêu Th? Co.opmart,,,,,,,,Co.opmart Cao Thang Supermarket,,,,,,,,,,,,,,,,,,,,,,,,,,,,,,,,,,,,,,,,,,,,,,,,,,,,,,,,,,,,,,,,,,,,,,,,,,,,,,,,,,,,,,,supermarket,,,,,,,,,,,,,,,,,,,,,
node/9585162927,node/9585162927,,,,,,,,,,,,,,,,,,,,,,,,,,,,,,,,,,,,,,,,,,,,,,,,,,,,,,,,,,,,,,,,,,,,,,,,,,,,,,Tr?m Xe Bus Khách S?n Liberty 2,,,,,,,,,,,,,,,,,,,,,,,,,,,,,,,,,,,,,,,,,,,,,,,,,,,,,,,,,,,,,,,,,,,,,,,,,,,,,,,,,,,,,,,,,,,,,,,,,,,,,,,,,,,,hotel,,,,,,,,
node/9585162928,node/9585162928,,,,,,,,,,,,,,,,,,,,,,,,,,,,,,,,,,,,,,,,,,,,,,,,,,,,,,,,,,,,,,,,,,,,,,,,,,,,,,Khách S?n The Odys Boutique,,,,,,,,,,,,,,,,,,,,,,,,,,,,,,,,,,,,,,,,,,,,,,,,,,,,,,,,,,,,,,,,,,,,,,,,,,,,,,,,,,,,,,,,,,,,,,,,,,,,,,,,,,,,hotel,,,,,,,,
node/9585525539,node/9585525539,,,,,,,,,,,,,,,,,,,,,,,,,,,,,,,,,,,,,,,,,,,,,,,,,,,,,,,,,,,,,,,,,,,,,,,,,,,,,,Khách S?n The S,,,,,,,,,,,,,,,,,,,,,,,,,,,,,,,,,,,,,,,,,,,,,,,,,,,,,,,,,,,,,,,,,,,,,,,,,,,,,,,,,,,,,,,,,,,,,,,,,,,,,,,,,,,,hotel,,,,,,,,
node/9585525540,node/9585525540,,,,,,,,,,,,,,,,,,,,,,,,,,,,,,,,,,,,,,,,,,,,,,,,,,,,,,,,,,,,,,,,,,,,,,,,,,,,,,Khách S?n Harmony Sài Gòn & Spa,,,,,,,,,,,,,,,,,,,,,,,,,,,,,,,,,,,,,,,,,,,,,,,,,,,,,,,,,,,,,,,,,,,,,,,,,,,,,,,,,,,,,,,,,,,,,,,,,,,,,,,,,,,,hotel,,,,,,,,
node/9585525541,node/9585525541,,,,,,,,,,,,,,,,,,,,,,,,,,,,,,,,,,,,,,,,,,,,,,,,,,,,,,,,,,,,,,,,,,,,,,,,,,,,,,Khách S?n A25,,,,,,,,,,,,,,,,,,,,,,,,,,,,,,,,,,,,,,,,,,,,,,,,,,,,,,,,,,,,,,,,,,,,,,,,,,,,,,,,,,,,,,,,,,,,,,,,,,,,,,,,,,,,hotel,,,,,,,,
node/9585835375,node/9585835375,,,,,,,,,,,,,,,,,,,,,,,,,,,,,,,,,,,,,,,,,,,,,,,,,,,,,,,,,,,,,,,,,,,,,,,,,,,,,,Trung Tâm Mua S?m Nowzone - Nguy?n V?n C?,,,,,,,,,,,,,,,,,,,,,,,,,,,,,,,,,,,,,,,,,,,,,,,,,,,,,,,,,,,,,,,,,,,,,,,,,,,,,,,,,,,,,,,,,,,,,,,mall,,,,,,,,,,,,,,,,,,,,,
node/9586890718,node/9586890718,,,,,,,,,,,,,,,,,,,,,,,,,,,,,,,,,,,,,,,,,,,,,,,,,,,,,,,,,,,,,,,,,,,,,,,,,,,,,,Trung tâm mua s?m Sài Gòn Garden,,,,,,,,,,,,,,,,,,,,,,,,,,,,,,,,,,,,,,,,,,,,,,,,,,,,,,,,,,,,,,,,,,,,,,,,,,,,,,,,,,,,,,,,,,,,,,,mall,,,,,,,,,,,,,,,,,,,,,
node/9586952123,node/9586952123,,,,,,,,,,,,,,,,,,,,university,,,,,,,,,,,,,,,,2025/04/22,,,,,,,,,,,,,,,,,,,,,,,,,,,,,,,,,,,,,,,,,,Tr??ng ??i H?c S? Ph?m Thành ph? H? Chí Minh,,,,,,,,,,,,,,,,,,,,,,,,,,,,,,,,,,,,,,,,,,,,,,,,,,,,,,,,,,,,,,,,,,,,,,,,,,,,,,,,,,,,,,,,,,,,,,,,,,,,,,,,,,,,,,,,,,,,
node/9587113811,node/9587113811,,,,,,,,,,,,,,,,,,,,,,,,,,,,,,,,,,,,,,,,,,,,,,,,,,,,,,,,,,,,,,,,,,,,,,,,,,,,,,Khách S?n M Sài Gòn,,,,,,,,,,,,,,,,,,,,,,,,,,,,,,,,,,,,,,,,,,,,,,,,,,,,,,,,,,,,,,,,,,,,,,,,,,,,,,,,,,,,,,,,,,,,,,,,,,,,,,,,,,,,hotel,,,,,,,,
node/9587269854,node/9587269854,,,,,,,,,,,,,,,,,,,,,,,,,,,,,,,,,,,,,,,,,,,,,,,,,,,,,,,,,,,,,,,,,,,,,,,,,,,,,,Khách s?n Grand Sài Gòn,,,,,,,,,,,,,,,,,,???? ????,,,,,,,,,,,,,,,,,,,,,,,,,,,,,,,,,,,,,,,,,,,,,,,,,,,,,,,,,,,,,,,,,,,,,,,,,,,,,,,,,,,,,,,,,,hotel,,,,,,,,
node/9587269857,node/9587269857,,,,,,,,,,,,,,,,,,,,,,,,,,,,,,,,,,,,,,,,,,,,,,,,,,,,,,,,,,,,,,,,,,,,,,,,,,,,,,Khách S?n The Reverie Sài Gòn,,,,,,,,,,,,,,,,,,????? ????,,,,,,,,,,,,,,,,,,,,,,,,,,,,,,,,,,,,,,,,,,,,,,,,,,,,,,,,,,,,,,,,,,,,,,,,,,,,,,,,,,,,,,,,,,hotel,,,,,,,,
node/9587486344,node/9587486344,,,,,,,,,,,,,,,,,,,,marketplace,,,,,,,,,,,,,,,,,,,,,,,,,,,,,,,,,,,,,,,,,,,,,,,,,,,,,,,,,,Ch? Dân Sinh,,,,,,,,,,,,,,,,,,,,,,,,,,,,,,,,,,,,,,,,,,,,,,,,,,,,,,,,,,,,,,,,,,,,,,,,,,,,,,,,,,,,,,,,,,,,,,,,,,,,,,,,,,,,,,,,,,,,
node/9587486348,node/9587486348,,,,,,,,,,,,,,,,,,,,marketplace,,,,,,,,,,,,,,,,,,,,,,,,,,,,,,,,,,,,,,,,,,,,,,,,,,,,,,,,,,Ch? Cô Giang,,,,,,,,,,,,,,,,,,,,,,,,,,,,,,,,,,,,,,,,,,,,,,,,,,,,,,,,,,,,,,,,,,,,,,,,,,,,,,,,,,,,,,,,,,,,,,,,,,,,,,,,,,,,,,,,,,,,
node/9587489374,node/9587489374,,,,,,,,,,,,,,,,,,,,,,,,,,,,,,,,,,,,,,,,,,,,,,,,,,,,,,,,,,,,,,,,,,,,,,,,,,,,,,Khách S?n Bông Sen Sài Gòn,,,,,,,,,,,,,,,,,,,,,,,,,,,,,,,,,,,,,,,,,,,,,,,,,,,,,,,,,,,,,,,,,,,,,,,,,,,,,,,,,,,,,,,,,,,,,,,,,,,,,,,,,,,,hotel,,,,,,,,
node/9605292917,node/9605292917,,,,,,,,,,,,,,,,,,,,,,,,,,,,,,,,,,,,,,,,,,,,,,,,,,,,,,,,,,,,,,,,,,,wlan,,,,,,,,,,,Khách S?n Gia Long King,,,,,,,,,,,,,,,,,,,,,,,,,,,,,,,,,,,,,,,,,,,,,,,,,,,,24/7,,,,,,,,,,,,,,,,,,,,,,,,,,,,,,,,,,,,,,,,,,,,,,,,,,,,,,,,hotel,,,,,,,,
node/9671248630,node/9671248630,,,,,,,,,,,,,,,,,,,,,,,,,,,,,,,,,,,,,,,,,,,,,,,,,,,,,,,,,,,,,,,,,,,,,,,,,,,,,,Khách S?n Madam Cuc 127,,,,,,,,,,,,,,,,,,,,,,,,,,,,,,,,,,,,,,,,,,,,,,,,,,,,,,,,,,,,,,,,,,,,,,,,,,,,,,,,,,,,,,,,,,,,,,,,,,,,,,,,,,,,hotel,,,,,,,,
node/9722560649,node/9722560649,,,,,,,,"93",,,,???ng Cao Th?ng,,,,,,,,university,,,,,,,,,,,,,,,,,,,,,,,,,,,,,,,,,,,,,,,,,,,,,,,,,,,,,,,,,,Tr??ng ??i h?c Hoa Sen - c? s? Cao Th?ng,,,,,,,,,,,,,,,,,,,,,,,,,,,,,,,,,,,,,,,,,,,,,,,,,,,,,,,,,,,,,,,,,,,,,,,,,,,,,,,,,,,,,,,,,,,,,,,,,,,,,,,,,,,,,,,,,,,,
node/9734891598,node/9734891598,,,,,,,,"262",,,,???ng Nam K? Kh?i Ngh?a,,,,,,,,college,,,,,,,,,,,,,,,,,,,,,,,,,,,,,,,,,,,,,,,,,,,,,,,,,,,,,,,,,,Tr??ng Cao ??ng Nova,,,,,,,,,,,,,,,,,,,,,,,,,,,,,,,,,,,,,,,,,,,,,,,,,,,,,,,,,,,,,,,,,,,,,,,,,,,,,,,,,,,,,,,,,,,,,,,,,,,,,,,,,,,,,,,,,,,,
node/9921298480,node/9921298480,,,,,,,,,,,,,,,,,,,,,,,,,,,,,,,,,,,,,,,,,,,,,,,,,,,,,,,,,,,,,,,,,,,,,,,,,,,,,,Grove Fresh,,,,,,,,,,,,,,,,,,,,,,,,,,,,,,,,,,,,,,,,,,,,,,,,,,,,,,,,,,,,,,,,,,,,,,,,,,,,,,,,,,,,,,,,,,,,,,,supermarket,,,,,,,,,,,,,,,,,,,,,
node/9984827219,node/9984827219,,,,,,,,,,,,,,,,,,,,,,,,,,,,,,,,,,,,,,,,,,,,,,,,,,,,,,,,,,,,,,,,,,,wlan,,,,,,,,,,,C central hôtel de Tham bui vien walking street,,,,,,,,,,,,,,,,,,,,,,,,,,,,,,,,,,,,,,,,,,,,,,,,,,,,,,,,,,,,,,,,,,,,,,,,,,,,,,,,,,,,,,,,,,,,,,,,,,,,,,,,,,,,hotel,,,,,,,,
node/9985120517,node/9985120517,,,,,,,,,,,,Lý T? Tr?ng,,,,,,,,,,,,,,,,,,,,,,,,,,,,,,,,,,,,,,,,,,,,,,,,,,,,,,,wlan,,,,,,,,,,,Calista Sai gon hotel,,,,,,,,,,,,,,,,,,,,,,,,,,,,,,,,,,,,,,,,,,,,,,,,,,,,,,,,,,,,,,,,,,,,,,,,,,,,,,,,,,,,,,,,,,,,,,,,,,,,,,,,,,,,hotel,,,,,,,,
node/10223211817,node/10223211817,,,,,,,,,,,,,,,,,,,,,,,,Circle K,,,Q3268010,,,,,,,,,,,,,,,,,,,,,,,,,,,,,,,,,,,,,,,,,,,,,,,,,,,Circle K,,,,,,,,,,,,,,,,,,,,,,,,,,,,,,,,,,,,,,,,,,,,,,,,,,,,,,,,,,,,,,,,,,,,,,,,,,,,,,,,,,,,,,,,,,,,,,,convenience,,,,,,,,,,,,,,,,,,,,,
node/10288696809,node/10288696809,,,,,,,,65-67,,,,Hai Bà Tr?ng,,,,,,,,,,,,,,,,,,,,,,,,,,,,,,,,,,,,,,,,,,,,,,,,,,,,,,,wlan,,,,,,,,,,,ICON Saigon - LifeStyle Design Hotel,,,,,,,,,,,,,,,,,,,,,,,,,,,,,,,,,,,,,,,,,,,,,,,,,,,,,,,,,,,,,,,,,,,,,,,,,,,,,,,,,,+84 028 38244888,,,,,,,,,,,,,,,,,,,,,,,,,,hotel,,,,,,,,
node/10295994210,node/10295994210,,,,,,,,,,,,,,,,,,,,,,,,,,,,,,,,,,,,,,,,,,,,,,,,,,,,,,,,,,,,,,,,,,,,,,,,,,,,,,Hoter BINH MINH LE LAI,,,,,,,,,,,,,,,,,,,,,,,,,,,,,,,,,,,,,,,,,,,,,,,,,,,,,,,,,,,,,,,,,,,,,,,,,,,,,,,,,,,,,,,,,,,,,,,,,,,,,,,,,,,,hotel,,,,,,,,
node/10296011710,node/10296011710,,,,,,,,,,,,,,,,,,,,,,,,,,,,,,,,,,,,,,,,,,,,,,,,,,,,,,,,,,,,,,,,,,,,,,,,,,,,,,,,,,,,,,,,,,,,,,,,,,,,,,,,,,,,,,,,,,,,,,,,,,,,,,,,,,,,,,,,,,,,,,,,,,,,,,,,,,,,,,,,,,,,,,,,,,,,,,,,,,,,,,,,,,hotel,,,,,,,,
node/10302052409,node/10302052409,,,,,,,,"44",,"90000",,???ng Nguy?n Phi Khanh,,,,,,,,,,,,,,,,,,,,,,,,,,,,,,,,,,,,,,,,,,,,,,,,,,,,,,,wlan,,,,,,,,,,,Rustic Maison,,,,,,,,,,,,,,,,,,,,,,,,,,,,,,,,,,,,,,,,,,,,,,,,,,,,,,,,,,,,,,,,,,,,,,,,,,,,,,,,,,"+84901709889",,,,,,,,,,,,,,,,,,,,,,,,,,hotel,,,,,,,,
node/10572348809,node/10572348809,,,,,,,,,,,,,,,,,,,,,,,,,,,,,,,,,,,,,,,,,,,,,,,,,,,,,,,,,,,,,,,,,,,,,,,,,,,,,,Thuy Huong Homestay,,,,,,,,,,,,,,,,,,,,,,,,,,,,,,,,,,,,,,,,,,,,,,,,,,,,,,,,,,,,,,,,,,,,,,,,,,,,,,,,,,,,,,,,,,,,,,,,,,,,,,,,,,,,hotel,,,,,,,,
node/10589461306,node/10589461306,,,,,,,,,,,,,,,,,,,,,,,,,,,,,,,,,,,,,,,,,,,,,,,,,,,,,,,,,,,,,,,,,,,wlan,,,,,,,,,,,,,,,,,,,Nu Hotel,,,,,,,,,,,,,,,,,,,,,,,,,,,,,,,,,,,,,,,,,,,,,,,,,,,,,,,,,,,,,,,,,,,,,,,,,,,,,,,,,,,,,,,,,,,,,,,,,,,,hotel,,,,,,,,
node/10610757105,node/10610757105,,,,,,,,,,,,,,,,,,,,,,,,,,,,,,,,,,,,,,,,,,,,,,,,,,,,,,,,,,,,,,,,,,,,,,,,,,,,,,,,,,,,,,Au lac - District 1,,,,,,,,,,,,,,,,,,,,,,,,,,,,,,,,,,,,,,,,,,,,,,,,,,,,,,,,,,,,,,,,,,,,,,,,,,,,,,,,,,,,,,,convenience,,,,,,,,,,,,,,,,,,,,,
node/10706803505,node/10706803505,,,,,,,,84a,,,,???ng Bùi Th? Xuân,,,,,,,,,,,,,,,,,,,,,,,,,,,,,,,,,,,,,,,,,,,,,,,,,,,,,,,,,,,,,,,,,,SINGITA SAIGON Boutique Hotel,,,,,,,,,,,,,,,,,,,,,,,,,,,,,,,,,,,,,,,,,,,,,,,,,,,,,,,,,,,,,,,,,,,,,,,,,,,,,,,,,,,,,,,,,,,,,,,,,,,,,,,,,,,,hotel,,,,,,,,
node/10736243173,node/10736243173,,,,,,,,,,,,,,,,,,,,,,,,,,,,,,,,,,,,,,,,,,,,,,,,,,,,,,,,,,,,,,,,,,,,,,,,,,,,,,Thian Hai,,,,,,,,,,,,,,,,,,,,,,,,,,,,,,,,,,,,,,,,,,,,,,,,,,,,,,,,,,,,,,,,,,,,,,,,,,,,,,,,,,,,,,,,,,,,,,,,,,,,,,,,,,,,hotel,,,,,,,,
node/10741323906,node/10741323906,,,,,,,,189-191,,,,???ng Lý T? Tr?ng,,,,,,,,,,,,,,,,,,,,,,,,,,,,,,,,,,,,,,,,,,,,,,,,,,,,,,,wlan,,,,,,,,,,,,,,,,,,,Adora Art Hotel,,,,,,,,,,,,,,,,,,,,,,,,,,,,,,,,,,,,,,,,,,,,,,,,,,,,,,,,,,,,,,,,,,,,,,,,,,,,,,,,,,,,,,,,,,,,,,,,,,,,hotel,,,,,,,,
node/10807959905,node/10807959905,,,,,,,,,,,,,,,,,,,,,,,,,,,,,,,,,,,,,,,,,,,,,,,,,,,,,,,,,,,,,,,,,,,,,,,,,,,,,,,,,,,,,,Circle K,,,,,,,,,,,,,,,,,,,,,,,,,,,,,,,,,,,,,,,,,,,,,,,,,,,,,,,,,,,,,,,,,,,,,,,,,,,,,,,,,,,,,,,supermarket,,,,,,,,,,,,,,,,,,,,,
node/10813698531,node/10813698531,,,,,,,,,,,,,,,,,,,,,,,,GS25,,,Q624041,,,,,,,,,,,,,,,,,,,,,,,,,,,,,,,,,,,,,,,,,,,,,,,,,,,GS25,,,,,,,,,,,,,,,,,,,,,,,,,,,,,,,,,,,,,,,,,,,,,,,,,,,,,,,,,,,,,,,,,,,,,,,,,,,,,,,,,,,,,,,,,,,,,,,convenience,,,,,,,,,,,,,,,,,,,,,
node/10813698533,node/10813698533,,,,,,,,,,,,,,,,,,,,,,,,7-Eleven,,,Q259340,,,,,,,,,,,,,,,,,,,,,,,,,,,,,,,,,,,,,,,,,,,,,,,,,,,7-Eleven,,,,,,,,,,,,,,,,,,,,,,,,,,,,,,,,,,,,,,,,,,,,,,,,,,,,,,,,,,,,,,,,,,,,,,,,,,,,,,,,,,,,,,,,,,,,,,,convenience,,,,,,,,,,,,,,,,,,,,,
node/10879939105,node/10879939105,,,,,,,,,,,,,,,,,,,,,,,,,,,,,,,,,,,,,,,,,,,,,,,,,,,,,,,,,,,,,,,,,,,,,,,,,,,,,,,,,,,,,,Busy Morning Market,,,,,,,,,,,,,,,,,,,,,,,,,,,,,,,,,,,,,,,,,,,,,,,,,,,,,,,,,,,,,,,,,,,,,,,,,,,,,,,,,,,,,,,supermarket,,,,,,,,,,,,,,,,,,,,,
node/10886452005,node/10886452005,,,,,,,,,,,,,,,,,,,,,,,,,,,,,,,,,,,,,,,,,,,,,,,,,,,,,,,,,,,,,,,,,,,,,,,,,,,,,,,,,,,,,,Giang Hotel,,,,,,,,,,,,,,,,,,,,,,,,,,,,,,,,,,,,,,,,,,,,,,,,,,,,,,,,,,,,,,,,,,,,,,,,,,,,,,,,,,,,,,,,,,,,,,,,,,,,hotel,,,,,,,,
node/10918050505,node/10918050505,,,,,,,,,,,,,,,,,,,,,,,,,,,,,,,,,,,,,,,,,,,,,,,,,,,,,,,,,,,,,,,,,,,,,,,,,,,,,,,,,,,,,,Cabana Hotel Saigon - 47A Nguyen Trai,,,,,,,,,,,,,,,,,,,,,,,,,,,,,,,,,,,,,,,,,,,,,,,,,,,,,,,,,,,,,,,,,,,,,,,,,,,,,,,,,,,,,,,,,,,,,,,,,,,,hotel,,,,,,,,
node/11055959605,node/11055959605,,,,,,,,,,,,,,,,,,,,,,,,7-Eleven,,,Q259340,,,,,,,,,,,,,,,,,,,,,,,,,,,,,,,,,,,,,,,,,,,,,,,,,,,7-Eleven,,,,,,,,7 eleven,,,,,,,,,,,,,,,,,,,,,,,,,,,,,,,,,,,,,,,,,,,,,,,,,,,,,,,,,,,,,,,,,,,,,,,,,,,,,,,,,,,,,,,convenience,,,,,,,,,,,,,,,,,,,,,
node/11055960005,node/11055960005,,,,,,,,,,,,,,,,,,,,,,,,7-Eleven,,,Q259340,,,,,,,,,,,,,,,,,,,,,,,,,,,,,,,,,,,,,,,,,,,,,,,,,,,7-Eleven,,,,,,,,7 Eleven,,,,,,,,,,,,,,,,,,,,,,,,,,,,,,,,,,,,,,,,,,,,24/7,,,,,,,,,,,,,,,,,,,,,,,,,,,,,,,,,,,,,,,,,,,convenience,,,,,,,,,,,,,,,,,,,,,
node/11104600820,node/11104600820,,Thành ph? H? Chí Minh,,Qu?n 1,,,,,,,Vietnam,H? Hu?n Nghi?p,Ph??ng B?n Nghé,,,,,,,,,,,7-Eleven,,,Q259340,,,,,,,,,,,,,,,,,,,,,,,,,,,,,,,,,,,,,,,,,,,,,,,,,,,7-Eleven,,,,,,,,,,,,,,,,,,???-????,,,,,,,,,,,,,,,,,,,,,,,,,,,,,,,,,,24/7,,,,,,,,yes,,,,yes,,,yes,,yes,,,,,,,,,,,,,,,,,,,,,,,,,,convenience,,,,,,,,,,,,,,,,,,,,,
node/11124634717,node/11124634717,,TP. H? Chí Minh,,District 1,,,,"116",,"70000",,Nguy?n Thái Bình,Ph??ng Nguy?n Thái Bình,,,,,,,,,,,,,,,,,,,,,,,,,,,,,,,,,,,,,,,,,,,,,,,,,,,,,,,,,,,,,,,,,116 Culture Luxury,,,,,,,,,,,,,,,,,,,,,,,,,,,,,,,,,,,,,,,,,,,,,,,,,,,,Mo-Su 09:00-22:00,,,,,,,,,,,,,,,,,,,,,,,,,,,,,,"0911 618 116",,,,,,,,,,,,,supermarket,,,,,,,,,,,,,,,,,,,,,
node/11200752863,node/11200752863,,Ho Chi Minh City,,Qu?n 1,,,,"13",,,,H?m 40 Bùi Vi?n,Ph??ng Ph?m Ng? Lão,,,,,,,,,,,,,,,,,,,,,,,,,,,,,,,,,,,,,,,,,,,,,,,,,,,,,,wlan,no,,,,,,,,,,Hotel Sai Gon,,,,,,,,,,,,,,,,,,,,,,,,,,,,,,,,,,,,,,,,,,,,,,,,,,,,,,,,,,,,,,,,,,,,,,,,,,,,,,,,,,,,,,,,,,,,,,,,,,,,,,,,,,,,hotel,,,,,,,,
node/11263873438,node/11263873438,,,,,,,,,,,,,,,,,,,,,,,,,,,,,,,,,,,,,,,,,,,,,,,,,,,,,,,,,,,,,,,,,,,,,,,,,,,,,,,,,,,,,,,,,,,,,,,,,,,,,,,Meru Hotel,,,,,,,,,,,,,,,,,,,,,,,,,,,,,,,,,,,,,,,,,,,,,,,,,,,,,,,,,,,,,,,,,,,,,,,,,,,,,,,,,,,hotel,,,,,,,,
node/11308870517,node/11308870517,,,,,,,,,,,,,,,,,,,,,,,,,,,,,,,,,,,,,,,,,,,,,,,,,,,,,,,,,,,,,,,,,,,,,,,,,,,,,,Hai Nam boutique hotel,,,,,,,,,,,,,,,,,,,,,,,,,,,,,,,,,,,,,,,,,,,,,,,,,,,,,,,,,,,,,,,,,,,,,,,,,,,,,,,,,,,,,,,,,,,,,,,,,,,,,,,,,,,,hotel,,,https://hainamboutiquehotel.com/,,,,,
node/11332720856,node/11332720856,,,,,,,,,,,,,,,,,,,,,,,,,,,,,,,,,,,,,,,,,,,,,,,,,,,,,,,,,,,,,,,,,,,,,,,,,,,,,,Hai Nam Boutique Hotel,,,,,,,,,,,,,,,,,,,,,,,,,,,,,,,,,,,,,,,,,,,,,,,,,,,,,,,,,,,,,,,,,,,,,,,,,,,,,,,,,,,,,,,,,,,,,,,,,,,,,,,,,,,,hotel,,,https://hainamboutiquehotel.com/,,,,,
node/11395309769,node/11395309769,,,,,,,,,,,,,,,,,,,,,,,,,,,,,,,,,,,,,,,,,,,,,,,,,,,,,,,,,,,,,,,,,,,,,,,,,,,,,,,,,,,,,,Signature Le Thanh Ton,,,,,,,,,,,,,,,,,,,,,,,,,,,,,,,,,,,,,,,,,,,,,,,,,,,,,,,,,,,,,,,,,,,,,,,,,,,,,,,,,,,,,,,,,,,,,,,,,,,,hotel,,,,,,,,
node/11395311869,node/11395311869,,,,,,,,,,,,,,,,,,,,,,,,,,,,,,,,,,,,,,,,,,,,,,,,,,,,,,,,,,,,,,,,,,,,,,,,,,,,,,Signature by M Village,,,,,,,,,,,,,,,,,,,,,,,,,,,,,,,,,,,,,,,,,,,,,,,,,,,,,,,,,,,,,,,,,,,,,,,,,,,,,,,,,,,,,,,,,,,,,,,,,,,,,,,,,,,,hotel,,,,,,,,
node/11433399669,node/11433399669,,,,,,,,,,,,,,,,,,,,,,,,,,,,,,,,,,,,,,,,,,,,,,,,,,,,,,,,,,,,,,,,,,,,,,,,,,,,,,,,,,,,,,,,,,,,,,,,,,,,,,,,,,,,,,,,,,,,,,,,,,,,,,,,,,,,,,,,,,,,,,,,,,,,,,,,,,,,,,,,,,,,,,,,,,,,,convenience,,,,,,,,,,,,,,,,,,,,,
node/11433400369,node/11433400369,,,,,,,,,,,,,,,,,,,,,,,,,,,,,,,,,,,,,,,,,,,,,,,,,,,,,,,,,,,,,,,,,,,,,,,,,,,,,,,,,,,,,,,,,,,,,,,,,,,,,,,,,,,,,,,,,,,,,,,,,,,,,,,,,,,,,,,,,,,,,,,,,,,,,,,,,,,,,,,,,,,,,,,,,,,,,convenience,,,,,,,,,,,,,,,,,,,,,
node/11433411669,node/11433411669,,,,,,,,,,,,,,,,,,,,,,,,,,,,,,,,,,,,,,,,,,,,,,,,,,,,,,,,,,,,,,,,,,,,,,,,,,,,,,,,,,,,,,,,,,,,,,,,,,,,,,,,,,,,,,,,,,,,,,,,,,,,,,,,,,,,,,,,,,,,,,,,,,,,,,,,,,,,,,,,,,,,,,,,,,,,,convenience,,,,,,,,,,,,,,,,,,,,,
node/11433411769,node/11433411769,,,,,,,,,,,,,,,,,,,,,,,,,,,,,,,,,,,,,,,,,,,,,,,,,,,,,,,,,,,,,,,,,,,,,,,,,,,,,,Siêu th? Bách hóa XANH,,,,,,,,,,,,,,,,,,,,,,,,,,,,,,,,,,,,,,,,,,,,,,,,,,,,,,,,,,,,,,,,,,,,,,,,,,,,,,,,,,,,,,,,,,,,,,,supermarket,,,,,,,,,,,,,,,,,,,,,
node/11433413570,node/11433413570,,,,,,,,,,,,,,,,,,,,,,,,,,,,,,,,,,,,,,,,,,,,,,,,,,,,,,,,,,,,,,,,,,,,,,,,,,,,,,,,,,,,,,Thao Nhi Hotel,,,,,,,,,,,,,,,,,,,,,,,,,,,,,,,,,,,,,,,,,,,,,,,,,,,,,,,,,,,,,,,,,,,,,,,,,,,,,,,,,,,,,,,,,,,,,,,,,,,,hotel,,,,,,,,
node/11433416569,node/11433416569,,,,,,,,,,,,,,,,,,,,,,,,,,,,,,,,,,,,,,,,,,,,,,,,,,,,,,,,,,,,,,,,,,,,,,,,,,,,,,,,,,,,,,,,,,,,,,,,,,,,,,,,,,,,,,,,,,,,,,,,,,,,,,,,,,,,,,,,,,,,,,,,,,,,,,,,,,,,,,,,,,,,,,,,,,,,,convenience,,,,,,,,,,,,,,,,,,,,,
node/11494719178,node/11494719178,,,,,,,,,,,,,,,,,,,,,,,,,,,,,,,,,,,,,,,,,,,,,,,,,,,,,,,,,,,,,,,,,,,,,,,,,,,,,,D Home,,,,,,,,,,,,,,,,,,,,,,,,,,,,,,,,,,,,,,,,,,,,,,,,,,,,,,,,,,,,,,,,,,,,,,,,,,,,,,,,,,,,,,,,,,,,,,,,,,,,,,,,,,,,hotel,,,,,,,,
node/11515767084,node/11515767084,,,,,,,,,,,,,,,,,,,,,,,,,,,,,,,,,,,,,,,,,,,,,,,,,,,,,,,,,,,,,,,,,,,,,,,,,,,,,,PIANO HOTEL,,,,,,,,,,,,,,,,,,,,,,,,,,,,,,,,,,,,,,,,,,,,,,,,,,,,,,,,,,,,,,,,,,,,,,,,,,,,,,,,,,,,,,,,,,,,,,,,,,,,,,,,,,,,hotel,,,,,,,,
node/11515767085,node/11515767085,,,,,,,,,,,,,,,,,,,,,,,,,,,,,,,,,,,,,,,,,,,,,,,,,,,,,,,,,,,,,,,,,,,,,,,,,,,,,,Khách s?n B?n Thành Boutique,,,,,,,,,,,,,,,,,,,,,,,,,,,,,,,,,,,,,,,,,,,,,,,,,,,,,,,,,,,,,,,,,,,,,,,,,,,,,,,,,,,,,,,,,,,,,,,,,,,,,,,,,,,,hotel,,,,,,,,
node/11515846157,node/11515846157,,,,,,,,,,,,,,,,,,,,,,,,,,,,,,,,,,,,,,,,,,,,,,,,,,,,,,,,,,,,,,,,,,,,,,,,,,,,,,Azumaya Hotel Thái V?n Lung1,,,,,,,,,,,,,,,,,,????? ??????1??,,,,,,,,,,,,,,,,,,,,,,,,,,,,,,,,,,,,,,,,,,,,,,,,,,,,,,,,,,,,,,,,,,,,,,,,,,,,,,,,,,,,,,,,,,hotel,,,https://azumayavietnam.com/ja/,,,,,
node/11517878469,node/11517878469,,,,,,,,"14",,,,H?m 283 Ph?m Ng? Lão,,,,,,,,,,,,,,,,,,,,,,,,,,,,,,,,,,,,,,,,,,,,,,,,,,,,,,,,,,,,,,,,,,,,,,,,,,Giang Son Hotel,,,,,,,,,,,,,,,,,,,,,,,,,,,,,,,,,,,,,,,,,,,,,,,,,,,,,,,,,,,,,,,,,,,,,,,,,,,,,,,,,,,,,,,,,,,,,,,,,,,,hotel,,,,,,,,
node/11524968469,node/11524968469,,,,,,,,,,,,H?m 219 Ph?m Ng? Lão,,,,,,,,,,,,,,,,,,,,,,,,2025/11/16,,,,,,,,,,,,,,,,,,,,,,,,,,,,,,,,,,,,,,,,,,,,,,,,,,Spring House,,,,,,,,,,,,,,,,,,,,,,,,,,,,,,,,,,,,,,,,,,,,,,,,,,,,,,,,,,,,,,,,,,,,,,,,,,"028 3837 8312",,,,,,,,,,,,,,,,,,,,,,,,,,hotel,,,,,,,,
node/11533096030,node/11533096030,,,,,,,,,,,,,,,,,,,,,,,,,,,,,,,,,,,,,,,,,,,,,,,,,,,,,,,,,,,,,,,,,,,,,,,,,,,,,,California Hotel Saigon,,,,,,,,,,,,,,,,,,,,,,,,,,,,,,,,,,,,,,,,,,,,,,,,,,,,,,,,,,,,,,,,,,,,,,,,,,,,,,,,,,,,,,,,,,,,,,,,,,,,,,,,,,,,hotel,,,,,,,,
node/11533096031,node/11533096031,,,,,,,,,,,,,,,,,,,,,,,,,,,,,,,,,,,,,,,,,,,,,,,,,,,,,,,,,,,,,,,,,,,,,,,,,,,,,,Blue Diamond Hotel,,,,,,,,,,,,,,,,,,,,,,,,,,,,,,,,,,,,,,,,,,,,,,,,,,,,,,,,,,,,,,,,,,,,,,,,,,,,,,,,,,,,,,,,,,,,,,,,,,,,,,,,,,,,hotel,,,,,,,,
node/11533096032,node/11533096032,,,,,,,,,,,,,,,,,,,,,,,,,,,,,,,,,,,,,,,,,,,,,,,,,,,,,,,,,,,,,,,,,,,,,,,,,,,,,,COCHIN ZEN HOTEL,,,,,,,,,,,,,,,,,,,,,,,,,,,,,,,,Khách s?n Cochin Zen,,,,,,,,,,,,,,,,,,,,,,,,,,,,,,,,,,,,,,,,,,,,,,,,,,,,,,,,,,,,,,,,,,,,,,,,,,,,hotel,,,,,,,,
node/11533096033,node/11533096033,,,,,,,,,,,,,,,,,,,,,,,,,,,,,,,,,,,,,,,,,,,,,,,,,,,,,,,,,,,,,,,,,,,,,,,,,,,,,,Adora Hotel,,,,,,,,,,,,,,,,,,,,,,,,,,,,,,,,,,,,,,,,,,,,,,,,,,,,,,,,,,,,,,,,,,,,,,,,,,,,,,,,,,,,,,,,,,,,,,,,,,,,,,,,,,,,hotel,,,,,,,,
node/11533096034,node/11533096034,,,,,,,,,,,,,,,,,,,,,,,,,,,,,,,,,,,,,,,,,,,,,,,,,,,,,,,,,,,,,,,,,,,,,,,,,,,,,,Sam Hotel & Apartments,,,,,,,,,,,,,,,,,,,,,,,,,,,,,,,,,,,,,,,,,,,,,,,,,,,,,,,,,,,,,,,,,,,,,,,,,,,,,,,,,,,,,,,,,,,,,,,,,,,,,,,,,,,,hotel,,,,,,,,
node/11533096035,node/11533096035,,,,,,,,,,,,,,,,,,,,,,,,,,,,,,,,,,,,,,,,,,,,,,,,,,,,,,,,,,,,,,,,,,,,,,,,,,,,,,Cosmo Central Hotel,,,,,,,,,,,,,,,,,,,,,,,,,,,,,,,,,,,,,,,,,,,,,,,,,,,,,,,,,,,,,,,,,,,,,,,,,,,,,,,,,,,,,,,,,,,,,,,,,,,,,,,,,,,,hotel,,,,,,,,
node/11533727958,node/11533727958,,,,,B3,,,"72",,,,???ng Lê Thánh Tôn,,,,,,,,,,,,WinMart,,,Q60245505,,,,,,,,,2024/01/20,,,,,,,,,,,,,,,,,,,,,,,,,,,,,,,,,,,,,,"-3",,,,WinMart,,,,,,,,,,,,,,,,,,,,,,,,,,,,,,,,,,,,,,,,,,,,,,,,,,,,,,,,,,,,,,,,yes,,,,,,,,,,yes,,,,,yes,,,,,,,,,,,,,,,,supermarket,,,,,,,,,,,,,,,,,,,,,
node/11640349669,node/11640349669,,,,,,,,,,,,,,,,,,,,,,,,,,,,,,,,,,,,,,,,,,,,,,,,,,,,,,,,,,,,,,,,,,,,,,,,,,,,,,Cozy Midnight Hotel,,,,,,,,,,,,,,,,,,,,,,,,,,,,,,,,,,,,,,,,,,,,,,,,,,,,,,,,,,,,,,,,,,,,,,,,,,,,,,,,,,,,,,,,,,,,,,,,,,,,,,,,,,,,hotel,,,,,,,,
node/11752893629,node/11752893629,,,,,,,,,,,,,,,,,,,,,,,,,,,,,,,,,,,,,,,,,,,,,,,,,,,,,,,,,,,,,,,,,,,,,,,,,,,,,,Indochine Castle,,,,,,,,,,,,,,,,,,,,,,,,,,,,,,,,,,,,,,,,,,,,,,,,,,,,,,,,,,,,,,,,,,,,,,,,,,,,,,,,,,,,,,,,,,,,,,,,,,,,,,,,,,,,hotel,,,,,,,,
node/11771157069,node/11771157069,,,,,,,,,,,,,,,,,,,,,,,,,,,,,,,,,,,,,,,,,,,,,,,,,,,,,,,,,,,,,,,,,,,,,,,,,,,,,,,,,,,,,,,,,,,La Siesta Premium Sai Gon Hotel,,,,,,,,,,,,,,,,,,,,,,,,,,,,,,,,,,,,,,,,,,,,,,,,,,,,,,,,,,,,,,,,,,,,,,,,,,,,,,,,,,,,,,,,,,,,,,,hotel,,,,,,,,
node/11782344870,node/11782344870,,,,,,,,,,,,,,,,,,,,,,,,,,,,,,,,,,,,,,,,,,,,,,,,,,,,,,,,,,,,,,,,,,,,,,,,,,,,,,Covent Garden Hotel,,,,,,,,,,,,,,,,,,,,,,,,,,,,,,,,,,,,,,,,,,,,,,,,,,,,,,,,,,,,,,,,,,,,,,,,,,,,,,,,,,,,,,,,,,,,,,,,,,,,,,,,,,,,hotel,,,,,,,,
node/11896649069,node/11896649069,,,,,,,,,,,,,,,,,,,,,,,,,,,,,,,,,,,,,,,,,,,,,,,,,,,,,,,,,,,,,,,,,,,,,,,,,,,,,,Celine Living,,,,,,,,,,,,,,,,,,,,,,,,,,,,,,,,,,,,,,,,,,,,,,,,,,,,,,,,,,,,,,,,,,,,,,,,,,,,,,,,,,,,,,,,,,,,,,,,,,,,,,,,,,,,hotel,,,,,,,,
node/11898827194,node/11898827194,,Thành ph? H? Chí Minh,,Qu?n 3,,,,"342",,"72416",Thành ph? H? Chí Minh,Nguy?n ?ình Chi?u,Ph??ng 4,,,,,,,,,,,,,,,,,,,,,,,,,,,,,,,,,,,,,,,,,,,,,,,,,,,,,,,,,,,,,,,,,USAMua - Mua Hàng M?,,,,,,,,,,,,,,,,,,,,,,,,,,,,,,,,,,,,,,,,,,,,,,,,,,,,Mo-Su 09:00-21:00,,,,,,,,,,,,yes,,,yes,,yes,,,,,yes,,,,,yes,,,"093 290 13 57",,,,,,,,,,,,,convenience,,,,,,,,,,,,,,,,,,,,,
node/12297055401,node/12297055401,,,,,,,,241/12,,,,H?m 241 Ph?m Ng? Lão,,,,,,,,,,,,,,,,,,,,,,,,,,,,,,,,,,,,,,,,,,,,,,,,,,,,,,,wlan,,,,,,,,,,,Saigon Cozy2 At Bui Vien Walking Street,,,,,,,,,,,,,,,,,,,,,,,,,,,,,,,,,,,,,,,,,,,,,,,,,,,,,,,,,,,,,,,,,,,,,,,,,,,,,,,,,,,,,,,,,,,,,,,,,,,,,,,,,,,,hotel,,,https://www.booking.com/hotel/vn/saigon-cozy2-at-bui-vien-walking-street.de.html,,,,,
node/12327812901,node/12327812901,,,,,,,,"56",,,,Ph?m H?ng Thái,,,,,,,,,,,,,,,,,,,,,,,,,,,,,,,,,,,,,,,,,,,foalagoncityhotels@gmail.com,,,,,,,,,,,,wlan,,,,,,,,,,,Alagón City,,,,,,,,,,,,,,,,,,,,,,,,,,,,,,,,,,,,,,,,,,,,,,,,,,,,,,,,,,,,,,,,,,,,,,,,,,,,,,,,,,,,,,,,,,,,,,,,,,,,,,,,,,,,hotel,,,https://alagonhotels.com/,,,,,
node/12345317801,node/12345317801,,,,,,,,"207",,"70000",,Ð? Thám,,,,,,,,,,,,,,,,,,,,,,,,,,,,,,,,,,,,,,,,,,,,,,,,,,,,,,,wlan,,,,,,,,,,,Saigon Europe Hotel & Spa,,,,,,,,,,,,,,,,,,,,,,,,,,,,,,,,,,,,,,,,,,,,,,,,,,,,24/7,,,,,,,,,,,,,,,,,,,,,,,,,,,,,,,,,,,,,,,,,,,,,,,,,,,,,,,,hotel,,,,,,,,
node/12422921829,node/12422921829,,,,,,,,,,,,,,,,,,,,,,,,7-Eleven,,,Q259340,,,,,,,,,,,,,,,,,,,,,,,,,,,,,,,,,,,,,,,,,,,,,,,,,,,7-Eleven,,,,,,,,,,,,,,,,,,,,,,,,,,,,,,,,,,,,,,,,,,,,,,,,,,,,24/7,,,,,,,,,,,,,,,,,,,,,,,,,,,,,,,,,,,,,,,,,,,convenience,,,,,,,,,,,,,,,,,limited,,,,
node/12422940701,node/12422940701,,,,,,,,"275",,,,Lý T? Tr?ng,,,,,,,,,,,,7-Eleven,,,Q259340,,,,,,,,,,,,,,,,,,,,,,,,,,,,,,,,,,,,,,,,,,,,,,,"0;1",,,,7-Eleven,,,,,,,,7-Eleven,,,,,,,,,,,,,,,,,,,,,,,,,,,,,,,,,,,,,,,,,,,,24/7,,,,,,,,,,,yes,yes,,,,,,,,,,,,,,,,,,,,,,,,,,,,,,,convenience,,,,,,,,,,,,,,,,,limited,,,,
node/12443047058,node/12443047058,,,,,,,,,,,,,,,,,,,,,,,,GS25,,,Q624041,,,,,,,,,,,,,,,,,,,,,,,,,,,,,,,,,,,,,,,,,,,,,,,,,,,GS25,,,,,,,,,,,,,,,,,,,,,,,,,,,,,,,,,,,,,,,,,,,,,,,,,,,,,,,,,,,,,,,,,,,,,,,,,,,,,,,,,,,,,,,,,,,,,,,convenience,,,,,,,,,,,,,,,,,,,,,
node/12443049765,node/12443049765,,,,,,,,,,,,,,,,,,,,,,,,7-Eleven,,,Q259340,,,,,,,,,,,,,,,,,,,,,,,,,,,,,,,,,,,,,,,,,,,,,,,,,,,7-Eleven,,,,,,,,,,,,,,,,,,,,,,,,,,,,,,,,,,,,,,,,,,,,,,,,,,,,,,,,,,,,,,,,,,,,,,,,,,,,,,,,,,,,,,,,,,,,,,,convenience,,,,,,,,,,,,,,,,,,,,,
node/12450925661,node/12450925661,,,,,,,,,,,,,,,,,,,,,,,,GS25,,,Q624041,,,,,,,,,,,,,,,,,,,,,,,,,,,,,,,,,,,,,,,,,,,,,,,,,,,GS25,,,,,,,,,,,,,,,,,,,,,,,,,,,,,,,,,,,,,,,,,,,,,,,,,,,,Mo-Su 06:00-24:00,,,,,,,,,,,,,,,,,,,,,,,,,,,,,,,,,,,,,,,,,,,convenience,,,,,,,,,,,,,,,,,,,,,
node/12462795697,node/12462795697,,,,,,,,,,,,,,,,,,,,,,,,Circle K,,,Q3268010,,,,,,,,,,,,,,,,,,,,,,,,,,,,,,,,,,,,,,,,,,,,,,,,,,,Circle K,,,,,,,,,,,,,,,,,,,,,,,,,,,,,,,,,,,,,,,,,,,,,,,,,,,,,,,,,,,,,,,,,,,,,,,,,,,,,,,,,,,,,,,,,,,,,,,convenience,,,,,,,,,,,,,,,,,,,,,
node/12475137502,node/12475137502,,,,,,,,31-35,,,,Lê Anh Xuân,,,,,,,,,,,,,,,,,,,,,,,,,,,,,,,,,,,,,,,,,,,,,,,,,,,,,,,,,,,,,,,,,,A&Em Art Hotel,,,,,,,,,,,,,,,,,,,,,,,,,,,,,,,,,,,,,,,,,,,,,,,,,,,,,,,,,,,,,,,,,,,,,,,,,,,,,,,,,,,,,,,,,,,,,,,,,,,,,,,,,,,,hotel,,,,,,,,
node/12475292501,node/12475292501,,,,,,,,,,,,H?m 120 Lê Lai,,,,,,,,,,,,,,,,,,,,,,,,,,,,,,,,,,,,,,,,,,,lantern@neo-hospitality.com,,,,,,,,,,,,wlan,,,,,,,,,,,Lantern Hotel,,,,,,,,,,,,,,,,,,,,,,,,,,,,,,,,,,,,,,,,,,,,,,,,,,,,,,,,,,,,,,,,,,,,,,,,,,,,,,,,,,(+84) 28 3925 2691,,,,,,,,,,,,,,,,,,,,,,,,,,hotel,,,https://neo-hospitality.com/,,,,,
node/12528272801,node/12528272801,,,,,,,,,,,,,,,,,,,,,,,,,,,,,,,,,,,,,,,,,,,,,,,,,,,,,,,,,,,,,,,,,,,,,,,,,,,,,,Hidden Hogwarts,,,,,,,,,,,,,,,,,,,,,,,,,,,,,,,,,,,,,,,,,,,,,,,,,,,,,,,,,,,,,,,,,,,,,,,,,,,,,,,,,,,,,,,,,,,,,,,,,,,,,,,,,,,,hotel,,,,,,,,
node/12546141701,node/12546141701,,,,,,,,,,,,,,,,,,,,,,,,,,,,,,,,,,,,,,,,,,,,,,,,,,,,,,,,,,,,,,,,,,,,,,,,,,,,,,Mini stop,,,,,,,,,,,,,,,,,,,,,,,,,,,,,,,,,,,,,,,,,,,,,,,,,,,,,,,,,,,,,,,,,,,,,,,,,,,,,,,,,,,,,,,,,,,,,,,supermarket,,,,,,,,,,,,,,,,,,,,,
node/12595578801,node/12595578801,,,,,,,,,,,,,,,,,,,,,,,,,,,,,,,,,,,,,,,,,,,,,,,,,,,,,,,,,,,,,,,,,,,,,,,,,,,,,,419 Hotel,,,,,,,,,,,,,,,,,,,,,,,,,,,,,,,,,,,,,,,,,,,,,,,,,,,,,,,,,,,,,,,,,,,,,,,,,,,,,,,,,,,,,,,,,,,,,,,,,,,,,,,,,,,,hotel,,,,,,,,
node/12692795748,node/12692795748,,Ho Chi Minh City,,,,,,9-11,,"700000",,???ng Lý T? Tr?ng,,,,,,,,,,,,Hotel Indigo,,,Q5911596,,,,,,,,,,,,,,,,,,,,,,,,,,,,reservation@hotelindigosaigon.com,,,,,,,,,,,,wlan,customers,,,,,,,,,,Hotel Indigo Saigon The City,,,,,,,,,,,,,,,,,,,,,,,,,,,,,,,,,,,,,,,,,,,,,,,,,,,,,,,,,,,,,,,,,,,,,,,,,,,,,,,,,,"+842822223333",,,,,,,,,,,,,,,,,,,,,,,,,,hotel,,,https://www.ihg.com/hotelindigo/hotels/us/en/ho-chi-minh-city/sgnsc/hoteldetail,,,,,
node/12876361501,node/12876361501,,,,,,,,"115",,,,Tôn Th?t Ð?m,,,,,,,,,,,,,,,,,,,,,,,,,,,,,,,,,,,,,,,,,,,,,,,,,,,,,,,,,,,,,,,,,,Hato Hotel,,,,,,,,,,,,,,,,,,,,,,,,,,,,,,,,,,,,,,,,,,,,,,,,,,,,,,,,,,,,,,,,,,,,,,,,,,,,,,,,,,,,,,,,,,,,,,,,,,,,,,,,,,,,hotel,,,,,,,,
node/12894157801,node/12894157801,,,,,,,,,,,,,,,,,,,,,,,,GS25,,,Q624041,,,,,,,,,,,,,,,,,,,,,,,,,,,,,,,,,,,,,,,,,,,,,,,,,,,GS25,,,,,,,,,,,,,,,,,,,,,,,,,,,,,,,,,,,,,,,,,,,,,,,,,,,,,,,,,,,,,,,,,,,,,,,,,,,,,,,,,,,,,,,,,,,,,,,convenience,,,,,,,,,,,,,,,,,,,,,
node/13010779903,node/13010779903,,,,,,,,,,,,,,,,,,,,school,,,,,,,,,,,,,,,,,,,,,,,,,,,,,,,,,,,,,,,,,,,,,,,,,,,,,,,,,,Tr??ng Quân s? Thành Ph? H? Chí Minh,,,,,,,,Military School of Ho Chi Minh City,,,,,,,,,,,,,,,,,,,,,,,,,,,,,,,,,,,,,,,,,,,,,,,,,,,,,,,,,,,,,,,,,,,,,,,,,,,,,,,,,,,,,,,,,,,,,,,,,,,,,,,,,,,,
node/13042672164,node/13042672164,,,,,,,,"176",,,,Cô Giang,,,,,,,,,,,,,,,,,,,,,,,,,,,,,,,,,,,,,,,,,,,,,,,,,,,,,,,,,,,,,,,,,,Haven Hut,,,,,,,,,,,,,,,,,,,,,,,,,,,,,,,,,,,,,,,,,,,,,,,,,,,,,,,,,,,,,,,,,,,,,,,,,,,,,,,,,,,,,,,,,,,,,,,,,,,,,,,,,,,,hotel,,,,,,,,
node/13075096192,node/13075096192,,,,,,,,86-88,,,,Bui Thi Xuan,,,,,,,,,,,,,,,,,,,,,,,,,,,,,,,,,,,,,,,,,,,,,,,,,,,,,,,wlan,,,,,,,,,,,Queen Ann Hotel,,,,,,,,,,,,,,,,,,,,,,,,,,,,,,,,,,,,,,,,,,,,,,,,,,,,,,,,,,,,,,,,,,,,,,,,,,,,,,,,,,,,,,,,,,,,,,,,,,,,,,,,,,,,hotel,,,,,,,,
node/13084313801,node/13084313801,,,,,,,,,,,,,,,,,,,,,,,,,,,,,,,,,,,,,,,,,,,,,,,,,,,,,,,,,,,,,,,,,,,,,,,,,,,,,,M Village,,,,,,,,,,,,,,,,,,,,,,,,,,,,,,,,,,,,,,,,,,,,,,,,,,,,,,,,,,,,,,,,,,,,,,,,,,,,,,,,,,,,,,,,,,,,,,,,,,,,,,,,,,,,hotel,,,,,,,,
node/13084805801,node/13084805801,,,,,,,,,,,,,,,,,,,,,,,,7-Eleven,,,Q259340,,,,,,,,,,,,,,,,,,,,,,,,,,,,,,,,,,,,,,,,,,,,,,,,,,,7-Eleven,,,,,,,,,,,,,,,,,,,,,,,,,,,,,,,,,,,,,,,,,,,,,,,,,,,,,,,,,,,,,,,,,,,,,,,,,,,,,,,,,,,,,,,,,,,,,,,convenience,,,,,,,,,,,,,,,,,,,,,
node/13161585201,node/13161585201,,,,,,,,"39",,"700000",,Cách M?ng Tháng 8,,,,,,,,,,,,,,,,,,,,,,,,,,,,,,,,,,,,,,,,,,,,,,,,,,,,,,,wlan,,,,,,,,,,,The Signature Hotel,,,,,,,,,,,,,,,,,,,,,,,,,,,,,,,,,,,,,,,,,,,,,,,,,,,,,,,,,,,,,,,,,,,,,,,,,,,,,,,,,,,,,,,,,,,,,no,,,,,,,,,,,,,,,hotel,,,,,,,,
node/13300070614,node/13300070614,,,,Qu?n 1,,,,"46",,,Thành ph? H? Chí Minh,H?m 135 Tr?n H?ng Ð?o,,,,,,,,,,,,Chez Mimosa,,,,,,,,,,,,,,,,,,,,,,,,,,,,,,,,,,,,,,,,,,,,,,,,,,,,,,Chez Mimosa Petite,,,,,,,,,,,,,,,,,,,,,,,,,,,,,,,,,,,,,,,,,,,,,,,,,,,,,,,,,,,,,,,,,,,,,,,,,,,,,,,,,,,,,,,,,,,,,,,,,,,,,,,,,,,,hotel,,,https://chezmimosa.com/chez-mimosa-petite/,,,,,
node/13304464701,node/13304464701,,,,,,,,,,,,,,,,,,,,,,,,FamilyMart,,,Q11247682,,,,,,,,,2025/11/15,,,,,,,,,,,,,,,,,,,,,,,,,,,,,,,,,,,,,,,,,,FamilyMart,,,,,,,,,,,,,,,,,,,,,,,,,,,,,,,,,,,,,,,,,,,,,,,,,,,,24/7,,,,,,,,,,,,yes,,,yes,,yes,,,,,,,,,,,,,,,,,,,,,,,,,,convenience,,,,,,,,,,,,,,,,,,,,,
node/13305569267,node/13305569267,,,,,,,,,,,,,,,,,,,,,,,,,,,,,,,,,,,,2025/11/15,,,,,,,,,,,,,,,,,,,,,,,,,,,,,,,,,,,,,,,,,,A25,,,,,,,,,,,,,,,,,,,,,,,,,,,,,,,,,,,,,,,,,,,,,,,,,,,,,,,,,,,,,,,,,,,,,,,,,,,,,,,,,,,,,,,,,,,,,,,,,,,,,,,,,,,,hotel,,,,,,,,
node/13305589406,node/13305589406,,,,,,,,,,,,,,,,,,,,,,,,7-Eleven,,,Q259340,,,,,,,,,2025/11/15,,,,,,,,,,,,,,,,,,,,,,,,,,,,,,,,,,,,,,,,,,7-Eleven,,,,,,,,,,,,,,,,,,,,,,,,,,,,,,,,,,,,,,,,,,,,,,,,,,,,,,,,,,,,,,,,yes,,,yes,,yes,,,,,,,,,,,,,,,,,,,,,,,,,,convenience,,,,,,,,,,,,,,,,,,,,,
node/13307314570,node/13307314570,,,,,,,,,,,,,,,,,,,,,,,,,,,,,,,,,,,,2025/11/16,,,,,,,,,,,,,,,,,,,,,,,,,,,,,,,,,,,,,,,,,,Gujju Indian Mart,,,,,,,,,,,,,,,,,,,,,,,,,,,,,,,,,,,,,,,,,,,,,,,,,,,,,,,,,India,,,,,,,,,,,,,,,,,,,,,,,,,,,,,,,,,,,,,,convenience,,,,,,,,,,,,,,,,,,,,,
node/13307615810,node/13307615810,,,,,,,,,,,,,,,,,,,,,,,,,,,,,,,,,,,,2025/11/16,,,,,,,,,,,,,,,,,,,,,,,,,,,,,,,,,,,,,,,,,,Liberty Hotel,,,,,,,,,,,,,,,,,,,,,,,,,,,,,,,,,,,,,,,,,,,,,,,,,,,,,,,,,,,,,,,,,,,,,,,,,,,,,,,,,,,,,yes,,,,,,,,,,,,,,,,,,,,,,,hotel,,,,,,,,
node/13307615811,node/13307615811,,,,,,,,,,,,,,,,,,,,,,,,GS25,,,Q624041,,,,,,,,,2025/11/16,,,,,,,,,,,,,,,,,,,,,,,,,,,,,,,,,,,,,,,,,,GS25,,,,,,,,,,,,,,,,,,,,,,,,,,,,,,,,,,,,,,,,,,,,,,,,,,,,,,,,,,,,,,,,,,,,,,,,,,,,,,,,,,,,,,,,,,,,,,,convenience,,,,,,,,,,,,,,,,,,,,,
node/13307615812,node/13307615812,,,,,,,,,,,,,,,,,,,,,,,,,,,,,,,,,,,,2025/11/16,,,,,,,,,,,,,,,,,,,,,,,,,,,,,,,,,,,,,,,,,,A25,,,,,,,,,,,,,,,,,,,,,,,,,,,,,,,,,,,,,,,,,,,,,,,,,,,,,,,,,,,,,,,,,,,,,,,,,,,,,,,,,,,,,,,,,,,,,,,,,,,,,,,,,,,,hotel,,,,,,,,
node/13307617863,node/13307617863,,,,,,,,,,,,,,,,,,,,,,,,GS25,,,Q624041,,,,,,,,,2025/11/16,,,,,,,,,,,,,,,,,,,,,,,,,,,,,,,,,,,,,,,,,,GS25,,,,,,,,,,,,,,,,,,,,,,,,,,,,,,,,,,,,,,,,,,,,,,,,,,,,,,,,,,,,,,,,,,,,,,,,,,,,,,,,,,,,,,,,,,,,,,,convenience,,,,,,,,,,,,,,,,,,,,,
node/13316047801,node/13316047801,,,,,,,,,,,,,,,,,,,,,,,,,,,,,,,,,,,,,,,,,,,,,,,,,,,,,,,,,,,,,,,,,,,,,,,,,,,,,,Cubicity ton that tung,,,,,,,,,,,,,,,,,,,,,,,,,,,,,,,,,,,,,,,,,,,,,,,,,,,,,,,,,,,,,,,,,,,,,,,,,,,,,,,,,,,,,,,,,,,,,,,,,,,,,,,,,,,,hotel,,,,,,,,
node/13335192401,node/13335192401,,,,,,,,18-20,,,,Nguy?n Th? Ngh?a,,,,,,,,,,,,,,,,,,,,,,,,,,,,,,,,,,,,,,,,,,,,,,,,,,,,,,,wlan,,,,,,,,,,,Acnos Hotel,,,,,,,,,,,,,,,,,,,,,,,,,,,,,,,,,,,,,,,,,,,,,,,,,,,,24/7,,,,,,,,,,,,,,,,,,,,,,,,,,,,,,(+84 -28) 39 25 2090,,,,,,,,,,,,,,,,,,,,,,,,,,hotel,,,https://acnoshotel.com/,,,,,
node/13432410601,node/13432410601,,,,,,,,,,,,,,,,,,,,,,,,,,,,,,,,,,,,,,,,,,,,,,,,,,,,,,,,,,,,,,,,,,,,,,,,,,,,,,Kim's studio,,,,,,,,,,,,,,,,,,,,,,,,,,,,,,,,,,,,,,,,,,,,,,,,,,,,,,,,,,,,,,,,,,,,,,,,,,,,,,,,,,,,,,,,,,,,,,,,,,,,,,,,,,,,hotel,,,,,,,,
node/13437487226,node/13437487226,,Thành ph? H? Chí Minh,,Qu?n 1,,,,"5",,,,???ng Thái V?n Lung,Ph??ng B?n Nghé,,,,,,,,,,,Hotel Indigo,,,Q5911596,,,,,,,,,,,,,,,,,,,,,,,,,,,,,,,,,,,,,,,,,,,,,,,,,,,N3 Opera Residence Hotel,,,,,,,,,,,,,,,,,,,,,,,,,,,,,,,,,,,,,,,,,,,,,,,,,,,,,,,,,,,,,,,,,,,,,,,,,,,,,,,,,,,,,,,,,,,,,,,,,,,,,,,,,,,,hotel,,,,,,,,
node/13475939981,node/13475939981,,,,,,,,,,,,,,,,,,,,,,,,,,,,,,,,,,,,,,,,,,,,,,,,,,,,,,,,,,,,,,,,,,,,,,,,,,,,,,Signy House,,,,,,,,,,,,,,,,,,,,,,,,,,,,,,,,,,,,,,,,,,,,,,,,,,,,,,,,,,,,,,,,,,,,,,,,,,,,,,,,,,,,,,,,,,,,,,,,,,,,,,,,,,,,hotel,,,,,,,,
node/13531546501,node/13531546501,,,,,,,,,,,,,,,,,,,,marketplace,,,,,,,,,,,,,,,,,,,,,,,,,,,,,,,,,,,,,,,,,,,,,,,,,,,,,,,,,,Awesome cheap market,,,,,,,,,,,,,,,,,,,,,,,,,,,,,,,,,,,,,,,,,,,,,,,,,,,,,,,,,,,,,,,,,,,,,,,,,,,,,,,,,,,,,,,,,,,,,,,,,,,,,,,,,,,,,,,,,,,,
node/13541335501,node/13541335501,,,,,,,,,,,,,,,,,,,,,,,,,,,,,,,,,,,,,,,,,,,,,,,,,,,,,,,,,,,,,,,,,,,,,,,,,,,,,,7eleven,,,,,,,,,,,,,,,,,,,,,,,,,,,,,,,,,,,,,,,,,,,,,,,,,,,,,,,,,,,,,,,,,,,,,,,,,,,,,,,,,,,,,,,,,,,,,,,convenience,,,,,,,,,,,,,,,,,,,,,
node/13541335601,node/13541335601,,,,,,,,,,,,,,,,,,,,,,,,,,,,,,,,,,,,,,,,,,,,,,,,,,,,,,,,,,,,,,,,,,,,,,,,,,,,,,7eleven,,,,,,,,,,,,,,,,,,,,,,,,,,,,,,,,,,,,,,,,,,,,,,,,,,,,,,,,,,,,,,,,,,,,,,,,,,,,,,,,,,,,,,,,,,,,,,,convenience,,,,,,,,,,,,,,,,,,,,,
node/13541335602,node/13541335602,,,,,,,,,,,,,,,,,,,,,,,,,,,,,,,,,,,,,,,,,,,,,,,,,,,,,,,,,,,,,,,,,,,,,,,,,,,,,,co.op,,,,,,,,,,,,,,,,,,,,,,,,,,,,,,,,,,,,,,,,,,,,,,,,,,,,,,,,,,,,,,,,,,,,,,,,,,,,,,,,,,,,,,,,,,,,,,,convenience,,,,,,,,,,,,,,,,,,,,,
node/13568617953,node/13568617953,,Ho Chi Minh City,,District 1,,,,6/6,,,,H?m 6 Cách M?ng Tháng Tám,,,,,,,,,,,,,,,,,,,,,,,,,,,,,,,,,,,,,,,,,,,,,,,,,,,,,,,wlan,customers,,,,,,,,,,Annie House,,,,,,,,,,,,,,,,,,,,,,,,,,,,,,,,,,,,,,,,,,,,,,,,,,,,,,,,,,,,,,,yes,yes,,,,,,,,,,,,,,,,,,+84 968887213,,,,,,,,,,,,,,,,,,,,,,,,,,hotel,,,,,,,,
node/13568617955,node/13568617955,,,,,,,,,,,,,,,,,,,,,,,,GS25,,,Q624041,,,,,,,,,,,,,,,,,,,,,,,,,,,,,,,,,,,,,,,,,,,,,,,,,,,GS25,,,,,,,,,,,,,,,,,,,,,,,,,,,,,,,,,,,,,,,,,,,,,,,,,,,,,,,,,,,,,,,,,,,,,,,,,,,,,,,,,,,,,,,,,,,,,,,convenience,,,,,,,,,,,,,,,,,,,,,
node/13568617958,node/13568617958,,,,,,,,,,,,,,,,,,,,,,,,7-Eleven,,,Q259340,,,,,,,,,,,,,,,,,,,,,,,,,,,,,,,,,,,,,,,,,,,,,,,,,,,7-Eleven,,,,,,,,,,,,,,,,,,,,,,,,,,,,,,,,,,,,,,,,,,,,,,,,,,,,,,,,,,,,,,,,,,,,,,,,,,,,,,,,,,,,,,,,,,,,,,,convenience,,,,,,,,,,,,,,,,,,,,,
node/13598152837,node/13598152837,,,,,,,,275A,,,,Ph?m Ng? Lão,Ph??ng B?n Thành,,,,,,,,,,,,,,,,,,,,,,,,,,,,,,,,,,,,,,,,,,,,,,,,,,,,,,,,,,,,,,,,,Vien Dong Hotel,,,,,,,,,,,,,,,,,,,,,,,,,,,,,,,,,,,,,,,,,,,,,,,,,,,,,,,,,,,,,,,,,,,,,,,,,,,,,,,,,,,,,,,,,,,,,,,,,,,,,,,,,,,,hotel,,,,,,,,
node/13626440101,node/13626440101,,,,,,,,,,,,Lý T? Tr?ng,,,,,,,,school,,,,,,,,,,,,,,,,2026/03/08,,,,,,,,,,,,,,,,,school,,,,,,,,,,,,,,,,,,,,,,,,,Tr??ng BDVH 218 Lý T? Tr?ng,,,,,,,,218 Ly Tu Trong Supplementary Education Center,,,,,,,,,,,,,,,,,,,,,,,,,,,,,,,,,,,,,,,,,,,,,,,,,,,,,,,,,,,,,,,,,,,,,,,,,,,,,,,,,,,,,,,,,,,,,,,,,,,,,,,,,,,,
node/13649347105,node/13649347105,,,,,,,,,,,,,,,,,,,,,,,,,,,,,,,,,,,,,,,,,,,,,,,,,,,,,,,,,,,,,,,,,,,,,,,,,,,,,,Gs25,,,,,,,,,,,,,,,,,,,,,,,,,,,,,,,,,,,,,,,,,,,,,,,,,,,,,,,,,,,,,,,,,,,,,,,,,,,,,,,,,,,,,,,,,,,,,,,convenience,,,,,,,,,,,,,,,,,,,,,
node/13657814401,node/13657814401,,,,,,,,,,,,,,,,,,,,,,,,,,,,,,,,,,,,,,,,,,,,,,,,,,,,,,,,,,,,,,,,,,,,,,,,,,,,,,Gs25,,,,,,,,,,,,,,,,,,,,,,,,,,,,,,,,,,,,,,,,,,,,,,,,,,,,,,,,,,,,,,,,,,,,,,,,,,,,,,,,,,,,,,,,,,,,,,,convenience,,,,,,,,,,,,,,,,,,,,,
node/13657814601,node/13657814601,,,,,,,,,,,,,,,,,,,,,,,,,,,,,,,,,,,,,,,,,,,,,,,,,,,,,,,,,,,,,,,,,,,,,,,,,,,,,,Circle k,,,,,,,,,,,,,,,,,,,,,,,,,,,,,,,,,,,,,,,,,,,,,,,,,,,,,,,,,,,,,,,,,,,,,,,,,,,,,,,,,,,,,,,,,,,,,,,convenience,,,,,,,,,,,,,,,,,,,,,
node/13661538446,node/13661538446,,,,,,,,,,,,3 Tháng 2,,,,,,,,,,,,WinMart,,,Q60245505,,,,,,,,,,,,,,,,,,,,,,,,,,,,,,,,,,,,,,,,,,,,,,,,,,,WinMart,,,,,,,,,,,,,,,,,,,,,,,,,,,,,,,,,,,,,,,,,,,,,,,,,,,,,,,,,,,,,,,,,,,,,,,,,,,,,,,,,,,,,,,,,,,,,,,supermarket,,,,,,,,,,,,,,,,,,,,,
node/13662057801,node/13662057801,,,,,,,,,,,,,,,,,,,,,,,,,,,,,,,,,,,,,,,,,,,,,,,,,,,,,,,,,,,,,,,,,,,,,,,,,,,,,,Titi Hotel,,,,,,,,,,,,,,,,,,,,,,,,,,,,,,,,,,,,,,,,,,,,,,,,,,,,,,,,,,,,,,,,,,,,,,,,,,,,,,,,,,,,,,,,,,,,,,,,,,,,,,,,,,,,hotel,,,,,,,,
node/13674785101,node/13674785101,,,,,,,,,,,,H?m 105H H? Th? K?,,,,,,,,marketplace,,,,,,,,,,,,,,,,2026/03/24,,2026/03/24,,,,,,,,,,,,,,,,,,,,,,,,,,,,,,,,,,,,,,,,Ho Thi Ky Food Street,,,,,,,,,,,,,,,,,,,,,,,,,,,,,,,,,,,,,,,,,,,,,,,,,,,,Mo-Su 17:00-22:00,,,,,,,,,,,,,,,,,,,,,,,,,,,,,,,,,,,,,,,,,,,,,,,,,,,,,,,,,,,,,,,,
node/13710033289,node/13710033289,,Ho Chi Minh City,,Qu?n 1,,,,"64",,"700000",Thành ph? H? Chí Minh,Tr?n Quang Kh?i,Ph??ng Tân ??nh,,,,,,,,,,,,,,,,,,,,,,,,,,,,,,,,,,,,,,,,,,,,,,,,,,,,,,,,,,,,,,,,,Trung Tâm V?n Hóa ?a N?ng iMC,,,,,,,,,,,,,,,,,,,,,,,,,,,,,,,,,,,,,,,,,,,,,,,,,,,,,,,,,,,,,,,,,,,,,,,,,,,,,,,,,,,,,,,,,,,,,,,supermarket,,,,,,,,,,,,,,,,,,,,,
node/13711065242,node/13711065242,,H? Chí Minh,,,,,,65-67,,,,Lê L?i,P. Sài Gòn,,,,,,,,,,,,,,,,,,,,,,,,,,,,,,,,,,,,,,,,,,,,,,,,,,,,,,,,,,,,,,,,,Saigon Centre - C?ng Nam K? Kh?i Ngh?a - ?i?m ?ón Tr?,,,,,,,,Saigon Centre - Nam Ky Khoi Nghia Gate - Pick-up and Drop-off Point,,,,,,,,,,,,,,,,,,,,,,,,,,,,,,,,,,,,,,,,,,,,"08:00-21:00",,,,,,,,,,,,,,,,,,,,,,,,,,,,,,,,,,,,,,,,,,,mall,,,,,,,,,,,,,,,,,,,,,
